-0.385843,1.86327,1.93396,0.679524,0.723132,-0.123807,3.47071,1.45713,-2.73003,-0.175824
-0.386768,1.84281,1.92759,0.67984,0.723005,-0.122804,3.47485,1.44684,-2.72792,-0.185472
-0.374333,1.83301,1.9242,0.679451,0.722888,-0.125617,3.4764,1.4556,-2.72332,-0.177127
-0.369563,1.80004,1.93982,0.678931,0.723735,-0.123532,3.47253,1.45423,-2.7289,-0.180433
-0.362354,1.77362,1.94442,0.678636,0.724146,-0.122745,3.47134,1.45342,-2.7308,-0.182238
-0.352067,1.7455,1.94766,0.678215,0.724593,-0.122434,3.46883,1.45655,-2.73317,-0.180344
-0.3341,1.71586,1.95468,0.677307,0.725361,-0.122909,3.46127,1.47103,-2.73859,-0.168253
-0.333937,1.70968,1.94123,0.677841,0.724596,-0.124469,3.46911,1.46431,-2.73049,-0.173141
-0.32761,1.68287,1.94809,0.677479,0.725014,-0.124003,3.46657,1.46688,-2.73307,-0.17168
-0.327157,1.66495,1.94586,0.678037,0.724533,-0.123763,3.46915,1.46134,-2.73132,-0.175735
-0.328559,1.64677,1.94898,0.678569,0.724148,-0.123104,3.47118,1.45511,-2.73049,-0.180653
-0.31789,1.62494,1.96028,0.678095,0.724522,-0.123511,3.46628,1.46461,-2.7339,-0.172362
-0.321118,1.61218,1.96075,0.678491,0.724199,-0.123235,3.46988,1.45763,-2.73137,-0.178312
-0.322059,1.59988,1.96285,0.678833,0.723866,-0.123308,3.47271,1.45325,-2.72903,-0.181733
-0.313556,1.58214,1.9733,0.678097,0.724421,-0.124093,3.4689,1.46287,-2.73112,-0.173963
-0.310601,1.56116,1.98772,0.677752,0.724939,-0.122946,3.46541,1.46426,-2.73527,-0.173796
-0.317132,1.5469,1.99,0.678061,0.724955,-0.121133,3.46904,1.45151,-2.73456,-0.186114
-0.316262,1.54364,1.98804,0.677693,0.725092,-0.122368,3.47309,1.45073,-2.72985,-0.187621
-0.322568,1.54479,1.98716,0.677557,0.724997,-0.123676,3.4818,1.44325,-2.7213,-0.195167
-0.303136,1.51951,2.01103,0.675673,0.726583,-0.12467,3.47139,1.46467,-2.72845,-0.178707
-0.312904,1.51229,2.01747,0.675561,0.726905,-0.123398,3.47709,1.45172,-2.72542,-0.192261
-0.310693,1.52164,2.02293,0.674962,0.726891,-0.12671,3.48424,1.45453,-2.71575,-0.190325
-0.303037,1.49652,2.04904,0.673725,0.728216,-0.125686,3.47839,1.46085,-2.72164,-0.187641
-0.3089,1.48683,2.06348,0.673186,0.728921,-0.124481,3.48107,1.4533,-2.72094,-0.196961
-0.308012,1.48735,2.0804,0.672218,0.729622,-0.1256,3.48425,1.45422,-2.71706,-0.198426
-0.302199,1.47518,2.10564,0.670873,0.730865,-0.125562,3.48227,1.45875,-2.7187,-0.197592
-0.310154,1.47155,2.12113,0.670017,0.731748,-0.124986,3.48824,1.44939,-2.71457,-0.209427
-0.308783,1.46721,2.1405,0.668888,0.732694,-0.125489,3.49062,1.44947,-2.71206,-0.212308
-0.311446,1.46248,2.15727,0.66717,0.734187,-0.125908,3.49426,1.44833,-2.70862,-0.218036
-0.316115,1.4674,2.16135,0.665829,0.735035,-0.128048,3.50215,1.44721,-2.69975,-0.222308
-0.318927,1.49485,2.15881,0.664757,0.734833,-0.134606,3.51628,1.45288,-2.68067,-0.21797
-0.325208,1.48143,2.18049,0.66364,0.735784,-0.134921,3.51835,1.4528,-2.67863,-0.221009
-0.335727,1.47283,2.19899,0.663049,0.736204,-0.13554,3.52152,1.45164,-2.67534,-0.223621
-0.353412,1.48612,2.21156,0.662488,0.736053,-0.139052,3.53141,1.4516,-2.66325,-0.224303
-0.363526,1.47871,2.24403,0.662476,0.735869,-0.140078,3.53217,1.45401,-2.66144,-0.221658
-0.386026,1.47809,2.27491,0.662476,0.735722,-0.140852,3.53691,1.45067,-2.6567,-0.2248
-0.392608,1.46132,2.32301,0.661927,0.736135,-0.141276,3.53076,1.46037,-2.66117,-0.216484
-0.41087,1.44023,2.36884,0.661474,0.736982,-0.138958,3.52734,1.45775,-2.66665,-0.220932
-0.438675,1.43604,2.4022,0.660918,0.73774,-0.137573,3.5317,1.44853,-2.66472,-0.232005
-0.453147,1.41682,2.45028,0.659491,0.739402,-0.135487,3.52682,1.44961,-2.6711,-0.235306
-0.467547,1.41254,2.49367,0.658451,0.740446,-0.134836,3.52581,1.45011,-2.67267,-0.237783
-0.489673,1.39791,2.53962,0.657067,0.742244,-0.131669,3.52498,1.4423,-2.67696,-0.25009
-0.50332,1.37669,2.58715,0.65561,0.74412,-0.128302,3.52019,1.43862,-2.6847,-0.258473
-0.519297,1.36443,2.63113,0.654479,0.745581,-0.125564,3.51693,1.43458,-2.69045,-0.26617
-0.542908,1.37135,2.66424,0.654046,0.74615,-0.124431,3.52036,1.42686,-2.68885,-0.275306
-0.544608,1.34761,2.7179,0.653304,0.747331,-0.121201,3.5096,1.42967,-2.70135,-0.275189
-0.569953,1.35223,2.74971,0.653529,0.74754,-0.118674,3.51123,1.41801,-2.70275,-0.286787
-0.585205,1.36251,2.78631,0.654001,0.747239,-0.117966,3.51241,1.41326,-2.70251,-0.290416
-0.594107,1.35426,2.83601,0.653539,0.748072,-0.115221,3.5067,1.41071,-2.71026,-0.29477
-0.617514,1.39003,2.87031,0.654227,0.747336,-0.116086,3.51526,1.40245,-2.70211,-0.301016
-0.631056,1.3813,2.92363,0.654081,0.747902,-0.113229,3.51299,1.39464,-2.70703,-0.309799
-0.656373,1.39785,2.95684,0.654419,0.747766,-0.112169,3.51888,1.38308,-2.70309,-0.32066
-0.652957,1.44887,3.00194,0.654914,0.746455,-0.117862,3.52427,1.39724,-2.69261,-0.30402
-0.662779,1.42949,3.05729,0.65419,0.747484,-0.115339,3.51918,1.39497,-2.69957,-0.308754
-0.684744,1.45469,3.08984,0.654019,0.747423,-0.116695,3.52594,1.39218,-2.69241,-0.31172
-0.697927,1.52045,3.12667,0.654383,0.746152,-0.122637,3.54014,1.39656,-2.67415,-0.305099
-0.701063,1.48533,3.18091,0.653595,0.747248,-0.120141,3.53314,1.39684,-2.6827,-0.307471
-0.69485,1.45796,3.22151,0.652186,0.748588,-0.119457,3.52382,1.40725,-2.69132,-0.30097
-0.704535,1.52754,3.24519,0.651689,0.747811,-0.126808,3.53698,1.41834,-2.67238,-0.289605
-0.725569,1.48759,3.31946,0.651005,0.749281,-0.121531,3.53132,1.40739,-2.68278,-0.303542
-0.80486,1.45142,3.3798,0.651098,0.750883,-0.11066,3.53872,1.35926,-2.68745,-0.353643
-0.829417,1.4512,3.44099,0.651665,0.75091,-0.107086,3.54327,1.34027,-2.68687,-0.371808
-0.834514,1.49152,3.47271,0.652581,0.749698,-0.109958,3.55481,1.33769,-2.67403,-0.371404
-0.845127,1.44723,3.53985,0.653718,0.749536,-0.104157,3.55211,1.31747,-2.68175,-0.389684
-0.784922,1.44702,3.57768,0.654951,0.747835,-0.108547,3.54387,1.34072,-2.68497,-0.362313
-0.79244,1.42955,3.6178,0.655967,0.747361,-0.105631,3.54371,1.3286,-2.68784,-0.372267
-0.782152,1.41041,3.6518,0.656949,0.746697,-0.104218,3.53899,1.32686,-2.69331,-0.37164
-0.742494,1.44644,3.67914,0.657571,0.745333,-0.109905,3.53345,1.3536,-2.69277,-0.342153
-0.739264,1.45899,3.72213,0.659034,0.743985,-0.110275,3.52936,1.3576,-2.69596,-0.334151
-0.713263,1.47703,3.75785,0.660281,0.74239,-0.113519,3.52286,1.3756,-2.6983,-0.312138
-0.732405,1.47971,3.7952,0.662044,0.741127,-0.111482,3.52269,1.36575,-2.70051,-0.317645
-0.754193,1.51805,3.80283,0.663374,0.739731,-0.112844,3.53049,1.3601,-2.69243,-0.319433
-0.771968,1.51974,3.84289,0.665107,0.738537,-0.110433,3.53084,1.34833,-2.69452,-0.326998
-0.768297,1.52565,3.88486,0.665824,0.737923,-0.110218,3.5277,1.35009,-2.69745,-0.323337
-0.759212,1.53856,3.91962,0.665938,0.73767,-0.111221,3.52389,1.35811,-2.69975,-0.314809
-0.760595,1.56385,3.94096,0.66614,0.737361,-0.112052,3.52393,1.36092,-2.69887,-0.311276
-0.746808,1.5667,3.97449,0.666901,0.736687,-0.111956,3.51754,1.36704,-2.70446,-0.30311
-0.830869,1.63349,3.97903,0.669012,0.735052,-0.110099,3.54153,1.33002,-2.68554,-0.334773
-0.932984,1.71532,4.00856,0.670199,0.734256,-0.108176,3.57168,1.29083,-2.66072,-0.371121
-0.955385,1.82199,3.97276,0.671099,0.732137,-0.116627,3.60066,1.29183,-2.62736,-0.365905
-0.945738,1.77745,4.0371,0.671067,0.732439,-0.1149,3.59611,1.29023,-2.63296,-0.367964
-0.879416,1.6754,4.10007,0.670105,0.733592,-0.113146,3.57252,1.30773,-2.65545,-0.353464
-0.846884,1.62496,4.1702,0.668678,0.735042,-0.112172,3.55621,1.32258,-2.67072,-0.342701
-0.850347,1.60378,4.22407,0.667229,0.736517,-0.111119,3.54871,1.32855,-2.67829,-0.340882
-0.89819,1.59013,4.26367,0.666075,0.738084,-0.107592,3.54973,1.31608,-2.68071,-0.357196
-0.915569,1.62842,4.29432,0.66477,0.738823,-0.110552,3.55348,1.32484,-2.67464,-0.351378
-0.966704,1.60331,4.33215,0.663173,0.740824,-0.106683,3.55492,1.31135,-2.67696,-0.369947
-1.04138,1.64404,4.34242,0.661177,0.742677,-0.106183,3.56959,1.29786,-2.66435,-0.388914
-1.09849,1.76807,4.34882,0.658983,0.743669,-0.112686,3.59464,1.30044,-2.63624,-0.390956
-1.17305,1.72888,4.4007,0.656441,0.746714,-0.107255,3.60054,1.2801,-2.63562,-0.419195
-1.19514,1.75984,4.38631,0.653422,0.748705,-0.111719,3.61282,1.2888,-2.62077,-0.417703
-1.23731,1.61761,4.45047,0.649713,0.753377,-0.101475,3.60093,1.26865,-2.64001,-0.449647
-1.32313,1.65865,4.43709,0.646048,0.756385,-0.102485,3.61987,1.26185,-2.62188,-0.465977
-1.361,1.62054,4.45609,0.641954,0.760162,-0.100241,3.6231,1.25714,-2.62064,-0.481875
-1.39936,1.46449,4.49817,0.637093,0.765501,-0.090111,3.60856,1.23888,-2.64156,-0.514509
-1.43201,1.39232,4.49228,0.631394,0.770608,-0.0866306,3.6025,1.23808,-2.64967,-0.53066
-1.50607,1.40554,4.46271,0.626552,0.774645,-0.0857787,3.6146,1.23263,-2.63891,-0.548771
-1.58339,1.3577,4.45447,0.621543,0.779236,-0.080465,3.61931,1.21665,-2.63794,-0.578353
-1.61327,1.3081,4.44518,0.617209,0.782969,-0.0775427,3.61719,1.21286,-2.64175,-0.593611
-1.67884,1.33718,4.43615,0.613752,0.785657,-0.0777869,3.6304,1.20997,-2.62905,-0.605282
-1.73563,1.26448,4.45359,0.607857,0.790825,-0.0714542,3.62802,1.19586,-2.63497,-0.635084
-1.74476,1.23994,4.46375,0.603038,0.794711,-0.0691312,3.62312,1.19613,-2.64095,-0.647223
-1.84207,1.21439,4.38733,0.598638,0.798564,-0.0626793,3.64081,1.16861,-2.62717,-0.686433
-1.87759,1.19117,4.40226,0.591073,0.80425,-0.0617686,3.6412,1.17454,-2.62723,-0.69947
-1.91253,1.15788,4.36982,0.583312,0.810032,-0.059961,3.64373,1.17636,-2.62561,-0.717042
-1.93326,1.14053,4.31688,0.575861,0.815318,-0.0603391,3.6481,1.1849,-2.6212,-0.726803
-1.93742,1.15059,4.2989,0.569601,0.819458,-0.0635801,3.64899,1.20384,-2.61881,-0.722903
-1.97129,1.15666,4.25489,0.564912,0.822695,-0.0636152,3.65538,1.20667,-2.61261,-0.731492
-1.98328,1.17505,4.20969,0.561219,0.825063,-0.0656082,3.65929,1.21636,-2.60786,-0.730592
-2.02018,1.10702,4.17308,0.558676,0.827359,-0.0579443,3.65806,1.19283,-2.61255,-0.760919
-2.03228,1.08799,4.16281,0.555548,0.82959,-0.0560946,3.65635,1.19069,-2.61501,-0.770748
-2.07613,1.16461,4.11653,0.550288,0.832684,-0.0618149,3.6693,1.21177,-2.59991,-0.761882
-2.06968,1.14225,4.07181,0.546408,0.83533,-0.0605197,3.66568,1.21346,-2.60401,-0.769601
-2.10015,1.09956,4.06397,0.542039,0.838515,-0.0555533,3.66194,1.20267,-2.60976,-0.791207
-2.13941,1.17983,4.01417,0.536204,0.841788,-0.0622768,3.67329,1.22847,-2.59582,-0.778784
-2.17888,1.20855,3.91387,0.531625,0.844607,-0.0633496,3.68475,1.23271,-2.5842,-0.785318
-2.18903,1.1513,3.85166,0.527091,0.847799,-0.0584169,3.68213,1.22237,-2.58887,-0.806748
-2.24098,1.19532,3.80425,0.5229,0.850257,-0.0603153,3.68788,1.23149,-2.58245,-0.807366
-2.25912,1.17235,3.73284,0.520341,0.851947,-0.0585786,3.68706,1.22895,-2.58398,-0.816048
-2.26427,1.02897,3.66627,0.518658,0.85372,-0.0464323,3.678,1.19223,-2.59739,-0.857489
-2.32057,1.01057,3.62265,0.515806,0.855557,-0.044338,3.68371,1.18647,-2.59244,-0.870043
-2.40549,1.14991,3.54873,0.510996,0.85766,-0.0574678,3.70461,1.22964,-2.56726,-0.837303
-2.36096,1.16391,3.4566,0.508655,0.858495,-0.065244,3.6993,1.25996,-2.56919,-0.811864
-2.35879,1.06599,3.38326,0.506689,0.860158,-0.0582587,3.69332,1.24142,-2.57798,-0.83549
-2.37982,1.07144,3.32369,0.506208,0.860334,-0.059825,3.69818,1.24537,-2.5726,-0.832553
-2.36754,1.0471,3.33364,0.506275,0.860365,-0.0587956,3.68781,1.24582,-2.58316,-0.832018
-2.40876,0.991284,3.26354,0.509207,0.859121,-0.0511779,3.69926,1.21265,-2.57484,-0.858866
-2.42976,1.00868,3.30703,0.507226,0.860126,-0.0538889,3.6936,1.22599,-2.57941,-0.849961
-2.4513,1.2241,3.19981,0.503213,0.860544,-0.0789932,3.71408,1.30387,-2.54824,-0.779448
-2.41446,1.01992,3.11886,0.504639,0.861089,-0.062169,3.70433,1.25256,-2.56562,-0.828838
-2.49515,0.995738,3.07429,0.505147,0.861296,-0.0547354,3.72358,1.22113,-2.54967,-0.859602
-2.4671,1.01798,3.04936,0.502268,0.862558,-0.0609902,3.72405,1.24422,-2.54684,-0.842762
-2.48795,1.0212,3.03709,0.501021,0.863426,-0.058943,3.7284,1.23769,-2.54339,-0.852333
-2.5031,1.01225,2.99039,0.499752,0.864306,-0.0567675,3.73805,1.22917,-2.53473,-0.863937
-2.46633,1.07967,2.93108,0.497954,0.864556,-0.0677138,3.74465,1.26261,-2.52395,-0.83386
-2.4904,1.19788,2.87198,0.495406,0.864997,-0.0797094,3.75659,1.29659,-2.50686,-0.804757
-2.4582,1.1658,2.836,0.493661,0.865949,-0.0801936,3.7493,1.30305,-2.51367,-0.802284
-2.44555,1.33628,2.75842,0.491565,0.865033,-0.100411,3.75831,1.35942,-2.49389,-0.748659
-2.43756,1.25904,2.71598,0.489352,0.867104,-0.0930856,3.75201,1.34429,-2.50419,-0.769713
-2.45793,1.20111,2.67174,0.48731,0.869085,-0.0849713,3.75363,1.32249,-2.50706,-0.797033
-2.54044,1.07664,2.68412,0.481864,0.873857,-0.0646526,3.75374,1.26867,-2.51634,-0.865054
-2.48996,1.21556,2.61088,0.475654,0.87529,-0.0873009,3.76157,1.3391,-2.4982,-0.806932
-2.47982,1.24483,2.54598,0.466759,0.879016,-0.0972985,3.76988,1.37363,-2.48473,-0.791685
-2.52842,1.10668,2.53428,0.466159,0.881788,-0.0717368,3.76654,1.303,-2.50088,-0.865981
-2.5224,1.206,2.42576,0.460559,0.883109,-0.0894611,3.78866,1.35081,-2.47103,-0.829355
-2.54223,1.33602,2.30765,0.452545,0.884849,-0.110658,3.81089,1.40614,-2.43782,-0.789941
-2.55655,1.18388,2.35512,0.449893,0.888838,-0.0869641,3.77728,1.36065,-2.48326,-0.843816
-2.56598,1.13596,2.32795,0.444558,0.891748,-0.0845818,3.76919,1.36329,-2.49228,-0.853366
-2.56792,1.20809,2.21522,0.438947,0.892728,-0.101799,3.78483,1.41034,-2.46786,-0.817294
-2.57245,1.12937,2.19984,0.436024,0.895369,-0.090539,3.77289,1.38807,-2.48561,-0.84717
-2.59544,1.09969,2.16242,0.431384,0.897964,-0.086995,3.77509,1.38237,-2.48535,-0.863529
-2.61304,1.04483,2.13153,0.427763,0.90042,-0.0791435,3.77448,1.36444,-2.48982,-0.890139
-2.64929,0.993667,2.12786,0.423278,0.903387,-0.0687575,3.7782,1.33834,-2.49077,-0.926912
-2.6623,0.989212,2.10724,0.41784,0.905974,-0.06798,3.78449,1.34004,-2.48494,-0.937286
-2.66312,0.986686,2.07471,0.412573,0.908394,-0.0678503,3.78843,1.3442,-2.48114,-0.944747
-2.67817,0.951152,2.06462,0.406805,0.911515,-0.0604176,3.78944,1.32907,-2.48295,-0.972984
-2.68823,0.93511,2.03579,0.40012,0.914687,-0.0570281,3.79472,1.32525,-2.47892,-0.991624
-2.69578,0.900215,1.9976,0.393885,0.91772,-0.0514217,3.80144,1.31442,-2.47406,-1.01633
-2.70358,0.879441,1.97592,0.386682,0.920893,-0.0493378,3.80662,1.31516,-2.46955,-1.03134
-2.7122,0.859833,1.9631,0.378277,0.924453,-0.0478842,3.80892,1.31967,-2.46768,-1.04512
-2.73806,0.829279,1.96013,0.371276,0.927582,-0.0417904,3.81414,1.30905,-2.46407,-1.07107
-2.74578,0.816927,1.953,0.363105,0.930812,-0.0417486,3.8183,1.31695,-2.45995,-1.08077
-2.76592,0.79376,1.96264,0.355939,0.93376,-0.0374121,3.8209,1.3121,-2.45833,-1.10113
-2.80091,0.770422,2.00828,0.350029,0.936254,-0.0301272,3.82206,1.29793,-2.45857,-1.12812
-2.81817,0.758639,2.02482,0.343241,0.938843,-0.0275427,3.82863,1.29714,-2.45243,-1.14344
-2.80901,0.730075,2.02762,0.334225,0.942146,-0.0255706,3.82866,1.30126,-2.4527,-1.15854
-2.82719,0.713181,2.02689,0.322913,0.946091,-0.0252781,3.83323,1.31193,-2.44818,-1.17184
-2.85929,0.705268,2.02567,0.314584,0.94894,-0.0234673,3.84847,1.31421,-2.43323,-1.18716
-2.86762,0.689561,2.06952,0.305851,0.951802,-0.0229687,3.8481,1.32209,-2.43366,-1.19767
-2.88264,0.663485,2.11912,0.298271,0.954293,-0.0189611,3.84606,1.3194,-2.43615,-1.21632
-2.9028,0.637191,2.15853,0.290764,0.956695,-0.0138368,3.84743,1.31329,-2.43524,-1.23819
-2.92454,0.635101,2.17687,0.283755,0.958812,-0.012778,3.85657,1.31726,-2.42618,-1.24887
-2.92173,0.638519,2.19645,0.276657,0.960843,-0.0155247,3.86109,1.3317,-2.42145,-1.2492
-2.91407,0.644093,2.22372,0.271025,0.962363,-0.0200598,3.86209,1.34948,-2.42002,-1.24308
-2.95036,0.642525,2.25188,0.266994,0.963462,-0.021359,3.87184,1.35628,-2.41015,-1.24464
-3.04056,0.721069,2.34644,0.264363,0.964107,-0.0246931,3.87494,1.36738,-2.40666,-1.23896
-3.07711,0.632252,2.41923,0.257901,0.966089,-0.0126409,3.87365,1.34289,-2.40912,-1.27696
-3.14958,0.605391,2.48135,0.254008,0.967188,-0.00526754,3.88842,1.32741,-2.39469,-1.30053
-3.12625,0.588093,2.54606,0.248196,0.968691,-0.00611754,3.88517,1.33566,-2.39792,-1.30429
-3.09406,0.592988,2.5952,0.243485,0.969845,-0.0107668,3.88116,1.35259,-2.40172,-1.29705
-3.12845,0.653152,2.65199,0.241594,0.970171,-0.0199973,3.88892,1.3777,-2.39324,-1.27578
-3.17993,0.67018,2.72608,0.240342,0.970397,-0.0237848,3.90016,1.38761,-2.38161,-1.2684
-3.19594,0.654176,2.82836,0.238079,0.970932,-0.0247053,3.89888,1.39235,-2.38277,-1.26832
-3.22913,0.651558,2.91473,0.237342,0.97105,-0.0270255,3.90352,1.39845,-2.37784,-1.26371
-3.23012,0.55792,2.9374,0.234082,0.971773,-0.0293677,3.92428,1.40547,-2.35682,-1.26336
-3.2795,0.546862,3.08233,0.23372,0.972054,-0.0220375,3.91597,1.38883,-2.36602,-1.28085
-3.32595,0.473776,3.17401,0.230328,0.972992,-0.0153288,3.92184,1.37561,-2.36077,-1.30109
-3.34983,0.476872,3.27674,0.22731,0.973645,-0.0185735,3.92569,1.38633,-2.35666,-1.29655
-3.2685,0.409614,3.3485,0.221219,0.975047,-0.0185774,3.9118,1.39349,-2.37054,-1.30189
-3.35104,0.334149,3.40331,0.217415,0.976023,-0.0105204,3.92555,1.37706,-2.35737,-1.32617
-3.47469,0.337861,3.4989,0.214776,0.976613,-0.0098605,3.94645,1.37748,-2.3365,-1.33116
-3.39816,0.261185,3.69038,0.205153,0.978706,-0.00683751,3.91512,1.38096,-2.36795,-1.34738
-3.32206,0.132687,3.5469,0.201887,0.979409,-0.000420811,3.93113,1.36852,-2.35205,-1.3665
-3.52256,0.29412,3.61192,0.20133,0.979417,-0.0144537,3.96345,1.40122,-2.31926,-1.3349
-3.42641,0.35101,3.78445,0.199915,0.979489,-0.0252124,3.9383,1.4293,-2.34338,-1.30962
-3.37474,0.246256,3.84793,0.196734,0.980216,-0.0217351,3.92988,1.42493,-2.35217,-1.32051
-3.50236,0.157549,3.87958,0.198211,0.980074,-0.0129114,3.95136,1.40137,-2.33143,-1.34113
-3.58427,0.123548,3.94187,0.197855,0.98017,-0.010989,3.96647,1.39673,-2.31644,-1.3465
-3.4242,-0.00208183,4.07229,0.192457,0.981283,-0.00663854,3.93374,1.393,-2.34934,-1.36125
-3.45979,-0.0835577,4.09664,0.191019,0.981585,-0.00146776,3.9395,1.38208,-2.34368,-1.37511
-3.5917,-0.106859,4.15087,0.192464,0.981301,0.00254109,3.95774,1.37125,-2.32543,-1.383
-3.46389,-0.289969,4.24449,0.188464,0.981975,0.0143975,3.93075,1.34662,-2.35193,-1.41574
-3.55483,-0.290336,4.26724,0.188526,0.98195,0.0152497,3.94395,1.34518,-2.33869,-1.41705
-3.57788,-0.269263,4.33508,0.18593,0.982494,0.0116863,3.94594,1.3563,-2.33693,-1.41123
-3.50812,-0.380655,4.4313,0.179463,0.98361,0.0174332,3.92684,1.34826,-2.35561,-1.4324
-3.55557,-0.457699,4.45704,0.173741,0.984521,0.0230792,3.92911,1.34063,-2.3528,-1.45162
-3.63231,-0.457738,4.54264,0.168824,0.985388,0.0225603,3.93158,1.34706,-2.35039,-1.45518
-3.62747,-0.51747,4.57411,0.162343,0.986397,0.0258178,3.92961,1.34566,-2.35197,-1.4697
-3.68237,-0.550567,4.55685,0.157994,0.987039,0.0281318,3.93805,1.34531,-2.34325,-1.47884
-3.61748,-0.591804,4.67154,0.156659,0.987203,0.0298057,3.91513,1.34037,-2.36588,-1.48647
-3.66134,-0.581775,4.70789,0.154762,0.987574,0.0273342,3.9153,1.34835,-2.36605,-1.48235
-3.68778,-0.613588,4.729,0.152942,0.987818,0.0287038,3.91355,1.34667,-2.36761,-1.48771
-3.73421,-0.613092,4.72481,0.148942,0.988473,0.0271457,3.91783,1.35495,-2.36356,-1.48754
-3.90077,-0.607968,4.70275,0.144107,0.989177,0.0276099,3.93808,1.3606,-2.3433,-1.49166
-3.95716,-0.682839,4.69034,0.141715,0.989317,0.0341917,3.93783,1.3474,-2.34258,-1.50964
-3.87703,-0.739509,4.74508,0.138427,0.98975,0.03512,3.91657,1.346,-2.36359,-1.51768
-4.03112,-0.721209,4.72788,0.132666,0.990631,0.0323957,3.93282,1.36025,-2.34786,-1.51508
-3.90314,-0.691594,4.88554,0.126389,0.991633,0.0262775,3.89383,1.37758,-2.38761,-1.51047
-3.91274,-0.971012,4.92094,0.124841,0.990792,0.0523944,3.88584,1.31201,-2.39034,-1.5789
-3.91366,-0.815529,5.02845,0.117466,0.992326,0.03862,3.87807,1.35321,-2.40126,-1.55273
-4.05631,-0.680718,4.99493,0.110737,0.9934,0.0298803,3.89639,1.38455,-2.38454,-1.53502
-3.9253,-0.928634,4.80092,0.109242,0.992538,0.0541775,3.89039,1.32416,-2.38536,-1.59819
-3.98897,-1.02527,4.73045,0.100791,0.99296,0.0622177,3.90593,1.31606,-2.36767,-1.62322
-3.96862,-1.04795,4.67205,0.0918581,0.993804,0.0625769,3.91149,1.32539,-2.36207,-1.63186
-3.97175,-1.08187,4.63953,0.0855989,0.994244,0.0644271,3.9121,1.32735,-2.36091,-1.64247
-3.88953,-1.20764,4.68212,0.0795399,0.99411,0.0736121,3.89188,1.30616,-2.37765,-1.67575
-4.03783,-1.13182,4.67453,0.0733934,0.995027,0.0673416,3.91027,1.33218,-2.36176,-1.66216
-4.10062,-1.06488,4.56413,0.063921,0.996038,0.0618319,3.92434,1.35798,-2.34963,-1.65544
-3.90517,-1.30865,4.54076,0.058876,0.99478,0.0833468,3.89269,1.30335,-2.37304,-1.72001
-3.9421,-1.33042,4.49329,0.0513938,0.995084,0.0846509,3.9012,1.31023,-2.3642,-1.72816
-4.1412,-1.23695,4.33615,0.043021,0.996115,0.076836,3.9395,1.34735,-2.32978,-1.70792
-4.0682,-1.38673,4.27497,0.0372785,0.995247,0.0899668,3.92581,1.31913,-2.33799,-1.74758
-3.92656,-1.52426,4.23474,0.0307322,0.994554,0.0995895,3.9045,1.29654,-2.35427,-1.78328
-4.01441,-1.49435,4.13053,0.0240426,0.995198,0.0948873,3.92317,1.32027,-2.33839,-1.77302
-4.06795,-1.43567,4.12092,0.0174537,0.996021,0.0873958,3.9227,1.3441,-2.3421,-1.76245
-3.96771,-1.53597,4.07092,0.0133851,0.995199,0.0969479,3.90594,1.32067,-2.35413,-1.79403
-4.02609,-1.54493,3.96417,0.00749025,0.995249,0.0970724,3.91908,1.33056,-2.34136,-1.79598
-4.0454,-1.55519,3.93051,0.000151268,0.995316,0.0966753,3.91582,1.33781,-2.34471,-1.80348
-3.91223,-1.64203,3.89953,-0.00544474,0.994493,0.104659,3.89265,1.31678,-2.36315,-1.83576
-3.97544,-1.65312,3.79561,-0.0120846,0.994418,0.104818,3.90645,1.32803,-2.3498,-1.83787
-3.93017,-1.69354,3.75763,-0.0186188,0.99402,0.1076,3.89601,1.32433,-2.35839,-1.85472
-3.82843,-1.75789,3.72854,-0.0249896,0.993264,0.113144,3.87845,1.31086,-2.37216,-1.88104
-3.88018,-1.76613,3.62458,-0.0316454,0.993053,0.113332,3.89305,1.32288,-2.35812,-1.88242
-3.88908,-1.80076,3.57218,-0.039855,0.992602,0.114683,3.8926,1.32782,-2.35779,-1.89403
-3.79031,-1.83995,3.56221,-0.0462597,0.991994,0.117509,3.87351,1.31986,-2.37434,-1.91493
-3.88438,-1.80844,3.48501,-0.0532882,0.992216,0.112552,3.89027,1.34543,-2.3612,-1.90347
-3.89529,-1.83135,3.42147,-0.0603205,0.991624,0.114205,3.89027,1.34865,-2.36028,-1.91445
-3.79682,-1.92729,3.35115,-0.0652795,0.990069,0.124504,3.87771,1.32434,-2.36612,-1.94893
-3.83142,-1.93814,3.28322,-0.0707462,0.989819,0.123503,3.88399,1.33491,-2.3608,-1.94939
-3.82936,-1.96779,3.24073,-0.0747425,0.989274,0.125503,3.87992,1.33254,-2.36342,-1.95988
-3.74159,-2.0327,3.18256,-0.0780872,0.988149,0.132149,3.86794,1.315,-2.37041,-1.98431
-3.71881,-2.04432,3.11327,-0.0812613,0.987907,0.132046,3.86844,1.31869,-2.37001,-1.98704
-3.71875,-2.07991,3.07263,-0.0866111,0.987329,0.132966,3.86692,1.32124,-2.37082,-1.99535
-3.64767,-2.12395,3.03017,-0.0904886,0.986514,0.136388,3.85667,1.31223,-2.37806,-2.0123
-3.61415,-2.15178,2.97498,-0.0930318,0.986094,0.137708,3.85529,1.31103,-2.37842,-2.0187
-3.6619,-2.19174,2.90802,-0.0957273,0.985632,0.139163,3.86503,1.31517,-2.36835,-2.02006
-3.62225,-2.19682,2.85998,-0.0976917,0.985616,0.1379,3.86001,1.31764,-2.3739,-2.02155
-3.5747,-2.20403,2.80752,-0.0991288,0.985483,0.137831,3.85529,1.31692,-2.37834,-2.02517
-3.56909,-2.21426,2.77302,-0.101206,0.985442,0.136606,3.85362,1.32108,-2.38074,-2.02519
-3.56728,-2.24511,2.72034,-0.103688,0.984987,0.138021,3.85476,1.32084,-2.3787,-2.03051
-3.50702,-2.2603,2.68255,-0.105064,0.984694,0.139062,3.84575,1.31524,-2.38632,-2.03894
-3.46866,-2.27575,2.62997,-0.105638,0.984491,0.140065,3.84429,1.3127,-2.38695,-2.04268
-3.46214,-2.28033,2.59118,-0.106422,0.984558,0.138996,3.84456,1.31617,-2.38746,-2.04077
-3.40758,-2.27753,2.55552,-0.107494,0.984432,0.139064,3.83899,1.31422,-2.39257,-2.0449
-3.38454,-2.29883,2.52187,-0.108556,0.984,0.141278,3.83812,1.30957,-2.39176,-2.05177
-3.40614,-2.31029,2.48742,-0.110362,0.983925,0.140396,3.84328,1.31619,-2.38764,-2.0488
-3.34686,-2.30867,2.45141,-0.112129,0.983607,0.141223,3.838,1.31327,-2.39191,-2.05533
-3.35025,-2.34044,2.41996,-0.114598,0.983031,0.143239,3.8427,1.31349,-2.3861,-2.0602
-3.44129,-2.35733,2.37589,-0.117769,0.983099,0.140164,3.85824,1.33188,-2.37395,-2.04816
-3.37443,-2.34583,2.35007,-0.120258,0.982935,0.139199,3.84805,1.33153,-2.38409,-2.05354
-3.3927,-2.35672,2.32289,-0.12304,0.982724,0.138253,3.85085,1.33801,-2.38216,-2.05269
-3.39917,-2.37852,2.28694,-0.125498,0.982267,0.139287,3.85154,1.33843,-2.38079,-2.05731
-3.37544,-2.38868,2.25213,-0.127487,0.981944,0.139763,3.84826,1.33767,-2.38349,-2.06214
-3.29973,-2.36794,2.23386,-0.12742,0.981988,0.139515,3.83795,1.33287,-2.39321,-2.0668
-3.3035,-2.3803,2.20243,-0.127469,0.981746,0.141163,3.84123,1.33072,-2.38898,-2.06911
-3.29253,-2.38047,2.17891,-0.127048,0.98172,0.141724,3.84032,1.32849,-2.38941,-2.0705
-3.31784,-2.39956,2.14825,-0.129868,0.981536,0.140434,3.84831,1.33854,-2.38296,-2.06614
-3.37782,-2.42162,2.10597,-0.134604,0.981249,0.137959,3.86092,1.35548,-2.37301,-2.05877
-3.35796,-2.4357,2.07075,-0.139503,0.980522,0.138262,3.85623,1.35745,-2.37716,-2.0668
-3.28167,-2.40226,2.07872,-0.137743,0.980738,0.138491,3.83378,1.34365,-2.3978,-2.07701
-3.26706,-2.43703,2.08324,-0.137412,0.980164,0.142813,3.82465,1.32805,-2.40302,-2.09212
-3.23599,-2.44824,2.05245,-0.139662,0.979313,0.146424,3.82265,1.32058,-2.4021,-2.10432
-3.26324,-2.4627,2.03212,-0.143478,0.978947,0.145176,3.83106,1.33211,-2.39535,-2.10054
-3.31684,-2.47587,2.01436,-0.147681,0.978925,0.141057,3.84068,1.3513,-2.38956,-2.08975
-3.25912,-2.4659,1.97852,-0.152433,0.978046,0.142095,3.83419,1.35026,-2.39479,-2.10055
-3.22534,-2.47459,1.96055,-0.155447,0.977108,0.145244,3.82849,1.34277,-2.39766,-2.11435
-3.26081,-2.47039,1.94577,-0.157821,0.97711,0.142651,3.83488,1.35483,-2.39374,-2.10704
-3.24237,-2.48092,1.94499,-0.163001,0.975944,0.144787,3.82711,1.35084,-2.39927,-2.12174
-3.23387,-2.4943,1.93161,-0.168027,0.974572,0.148241,3.82448,1.34632,-2.39902,-2.13674
-3.24057,-2.45042,1.88326,-0.175434,0.974097,0.142682,3.8363,1.37356,-2.39241,-2.12441
-3.19709,-2.47324,1.8589,-0.18176,0.972025,0.148764,3.83004,1.36231,-2.39353,-2.14899
-3.18927,-2.52097,1.86597,-0.187916,0.969859,0.155118,3.82644,1.35174,-2.39178,-2.17262
-3.18757,-2.54954,1.89145,-0.195903,0.967931,0.157265,3.82236,1.35261,-2.39372,-2.18838
-3.18043,-2.5567,1.88936,-0.201954,0.966174,0.160381,3.82266,1.35182,-2.39087,-2.20188
-3.17166,-2.5194,1.85612,-0.204673,0.965649,0.160098,3.83053,1.35994,-2.38401,-2.19938
-3.16917,-2.52932,1.84812,-0.208432,0.964417,0.162653,3.83272,1.35929,-2.37993,-2.208
-3.17228,-2.5449,1.86268,-0.214173,0.96301,0.163527,3.83202,1.36285,-2.37982,-2.21641
-3.17653,-2.57624,1.8903,-0.219686,0.961146,0.16714,3.8267,1.35722,-2.38152,-2.23379
-3.18303,-2.58816,1.87808,-0.223128,0.959573,0.17156,3.83218,1.35423,-2.3728,-2.2443
-3.19419,-2.57918,1.87278,-0.224353,0.959116,0.172517,3.83976,1.35798,-2.36522,-2.24318
-3.20485,-2.59029,1.89153,-0.225314,0.958577,0.174251,3.84258,1.35688,-2.3612,-2.24643
-3.22749,-2.61134,1.92422,-0.22638,0.958054,0.175741,3.84566,1.35659,-2.35716,-2.24907
-3.21003,-2.59128,1.95364,-0.228831,0.957907,0.173348,3.84484,1.36388,-2.35998,-2.2467
-3.23251,-2.60888,1.98891,-0.230746,0.95762,0.172397,3.84828,1.37,-2.35773,-2.2445
-3.26781,-2.63732,2.04309,-0.231643,0.957517,0.171766,3.85129,1.37408,-2.35558,-2.24223
-3.25056,-2.63523,2.08501,-0.234065,0.95721,0.170186,3.84923,1.37885,-2.35878,-2.24238
-3.26006,-2.6589,2.13022,-0.235236,0.956918,0.170211,3.84942,1.38013,-2.35859,-2.24355
-3.26922,-2.68127,2.17812,-0.234972,0.956967,0.170298,3.84613,1.37774,-2.36145,-2.24541
-3.28355,-2.7056,2.23352,-0.23412,0.957234,0.169971,3.84396,1.37629,-2.36367,-2.24504
-3.30781,-2.75117,2.28177,-0.233978,0.956934,0.171848,3.84527,1.37279,-2.36089,-2.24841
-3.31836,-2.78584,2.3479,-0.233474,0.956942,0.172486,3.84262,1.36929,-2.3627,-2.25091
-3.35136,-2.84807,2.4122,-0.23313,0.956369,0.176094,3.84303,1.36129,-2.35919,-2.25851
-3.33795,-2.87436,2.47906,-0.235261,0.955747,0.176634,3.83878,1.35976,-2.36247,-2.26455
-3.31457,-2.92433,2.5431,-0.238436,0.954366,0.179815,3.83328,1.35275,-2.36447,-2.2785
-3.33108,-3.01038,2.62235,-0.240979,0.952544,0.185982,3.82967,1.33978,-2.36194,-2.29738
-3.33352,-3.05182,2.6815,-0.242826,0.951288,0.189966,3.82829,1.3323,-2.35937,-2.30914
-3.29998,-3.0493,2.72705,-0.244747,0.950628,0.190803,3.82492,1.33032,-2.36149,-2.31524
-3.31242,-3.06222,2.76497,-0.245384,0.950217,0.192028,3.82806,1.33045,-2.35759,-2.31658
-3.28386,-3.02534,2.79842,-0.247301,0.95046,0.188331,3.82779,1.34017,-2.36136,-2.31051
-3.23595,-3.03351,2.85977,-0.249614,0.949912,0.188042,3.81893,1.3374,-2.36933,-2.31812
-3.27746,-3.13863,2.92869,-0.250963,0.948209,0.194724,3.81992,1.3252,-2.36198,-2.33387
-3.30349,-3.19519,2.99868,-0.252334,0.947103,0.198301,3.82041,1.31943,-2.35801,-2.34292
-3.29024,-3.22766,3.05236,-0.254207,0.945994,0.201182,3.8189,1.31436,-2.3564,-2.35227
-3.33579,-3.20097,3.10005,-0.253557,0.947,0.197228,3.82638,1.327,-2.35396,-2.33781
-3.28886,-3.18887,3.17137,-0.257004,0.946594,0.194699,3.81901,1.33101,-2.36278,-2.34081
-3.28275,-3.22494,3.25174,-0.260448,0.945681,0.194562,3.81495,1.3322,-2.3664,-2.34689
-3.33846,-3.30281,3.30918,-0.260607,0.944738,0.19888,3.82205,1.32808,-2.35603,-2.35182
-3.22312,-3.30908,3.39702,-0.263519,0.943466,0.201072,3.80228,1.31282,-2.3706,-2.3735
-3.1111,-3.3506,3.49449,-0.266121,0.941578,0.206423,3.77852,1.28684,-2.38483,-2.40565
-3.10053,-3.43743,3.57626,-0.268297,0.939322,0.213755,3.76933,1.26667,-2.38428,-2.43136
-3.08634,-3.56679,3.66418,-0.27215,0.935702,0.224492,3.76053,1.2417,-2.379,-2.46597
-3.06942,-3.55847,3.72588,-0.276629,0.934219,0.225193,3.75505,1.2406,-2.38254,-2.47675
-3.06552,-3.46451,3.73435,-0.281629,0.934235,0.218838,3.75696,1.26051,-2.38848,-2.46666
-3.05034,-3.48174,3.78532,-0.285545,0.932601,0.220724,3.75189,1.25669,-2.39034,-2.47914
-3.03563,-3.44639,3.85838,-0.292745,0.931452,0.216097,3.74399,1.26753,-2.40209,-2.4831
-3.02626,-3.46556,3.86686,-0.297676,0.929234,0.218892,3.74405,1.26704,-2.39876,-2.49459
-3.04968,-3.51942,3.91416,-0.300237,0.927492,0.222745,3.74619,1.26363,-2.39248,-2.50409
-3.00361,-3.47825,3.94838,-0.303726,0.926769,0.221019,3.7404,1.26611,-2.39913,-2.50888
-2.9626,-3.39765,3.99326,-0.308359,0.926857,0.214129,3.73346,1.27969,-2.41282,-2.50425
-2.90077,-3.42964,4.034,-0.311724,0.924988,0.217313,3.724,1.26851,-2.41656,-2.52318
-2.92425,-3.52579,4.09214,-0.314753,0.922712,0.222562,3.72691,1.26334,-2.40791,-2.53573
-2.79313,-3.50882,4.12235,-0.319336,0.920599,0.224772,3.70954,1.24843,-2.41869,-2.56095
-2.75172,-3.52468,4.15518,-0.324894,0.918356,0.225979,3.70437,1.24731,-2.42116,-2.57436
-2.71902,-3.62553,4.1818,-0.330305,0.914483,0.233708,3.70387,1.23704,-2.41165,-2.59778
-2.701,-3.75723,4.21679,-0.334394,0.91037,0.243736,3.70665,1.22438,-2.39643,-2.62125
-2.67431,-3.75918,4.22468,-0.338232,0.908371,0.24589,3.70855,1.22622,-2.39216,-2.62827
-2.61987,-3.61615,4.30562,-0.341959,0.90999,0.234482,3.69634,1.24131,-2.41631,-2.6192
-2.58361,-3.60195,4.38795,-0.346206,0.909345,0.230724,3.69039,1.24798,-2.42569,-2.62117
-2.48452,-3.71472,4.37199,-0.351871,0.904314,0.241667,3.68719,1.22943,-2.41357,-2.65432
-2.34694,-3.74748,4.37185,-0.360239,0.899473,0.247338,3.67436,1.21537,-2.41514,-2.6881
-2.33327,-3.82033,4.39509,-0.36563,0.896039,0.251852,3.67729,1.21573,-2.40675,-2.70072
-2.37868,-4.03469,4.40379,-0.367317,0.891023,0.266753,3.69461,1.20733,-2.3735,-2.71629
-2.22554,-3.92315,4.42944,-0.373074,0.889242,0.264696,3.67464,1.19812,-2.39037,-2.73795
-2.15511,-3.73338,4.50667,-0.380065,0.89051,0.250085,3.65646,1.21447,-2.42399,-2.7339
-2.09292,-3.83686,4.50366,-0.383696,0.886808,0.257583,3.65204,1.20017,-2.41627,-2.75812
-2.03347,-3.78908,4.51016,-0.386696,0.886523,0.254055,3.6405,1.1981,-2.42933,-2.76612
-2.02892,-3.87795,4.49108,-0.389275,0.883556,0.260374,3.64631,1.19553,-2.41611,-2.77605
-2.06156,-3.88554,4.51412,-0.395956,0.881488,0.257289,3.6529,1.21545,-2.41611,-2.7705
-2.01397,-3.90685,4.56623,-0.400456,0.879123,0.258415,3.64031,1.20552,-2.42306,-2.79094
-1.86683,-4.05531,4.50038,-0.404667,0.871408,0.277293,3.631,1.16785,-2.40069,-2.84325
-1.91857,-3.99094,4.55756,-0.411951,0.870705,0.268643,3.634,1.19397,-2.41198,-2.83146
-1.91856,-3.97425,4.55071,-0.418804,0.86791,0.267088,3.63569,1.20632,-2.41322,-2.83444
-1.86848,-3.91699,4.62546,-0.424361,0.866524,0.262781,3.61685,1.20007,-2.43214,-2.85231
-1.75826,-3.96556,4.58409,-0.430033,0.86143,0.270205,3.60818,1.18433,-2.42629,-2.88329
-1.71192,-3.99404,4.56821,-0.433321,0.859098,0.272367,3.60575,1.18185,-2.42444,-2.89405
-1.62618,-4.08175,4.52209,-0.436489,0.854873,0.280482,3.60219,1.16835,-2.4138,-2.91741
-1.59534,-4.08048,4.50331,-0.438213,0.854378,0.279299,3.59942,1.16918,-2.4174,-2.92025
-1.59258,-4.09035,4.43542,-0.442174,0.852659,0.278306,3.61424,1.19172,-2.40976,-2.90667
-1.51781,-4.17196,4.38016,-0.445832,0.848493,0.285119,3.61397,1.18488,-2.39913,-2.9243
-1.49447,-4.17299,4.31137,-0.448267,0.847099,0.285447,3.61485,1.18819,-2.39806,-2.92684
-1.48509,-4.14826,4.30241,-0.449874,0.847584,0.28145,3.61411,1.19558,-2.40487,-2.92193
-1.41264,-4.23375,4.2293,-0.450979,0.844301,0.289437,3.61538,1.18579,-2.39136,-2.93698
-1.35667,-4.28211,4.13938,-0.451985,0.842236,0.293851,3.61888,1.18406,-2.38212,-2.94261
-1.39759,-4.25948,4.12769,-0.452929,0.844425,0.286011,3.62803,1.20692,-2.38895,-2.91932
-1.44235,-4.21766,4.13549,-0.453068,0.847511,0.276505,3.63661,1.23136,-2.39827,-2.89209
-1.30607,-4.30262,3.99264,-0.453221,0.842919,0.289963,3.63547,1.20896,-2.37805,-2.9193
-1.17358,-4.4207,3.84155,-0.45642,0.836405,0.303491,3.6385,1.19579,-2.35461,-2.94486
-1.19937,-4.37213,3.73768,-0.457886,0.837626,0.297864,3.6481,1.21562,-2.35766,-2.9265
-1.27953,-4.23389,3.75811,-0.458366,0.843565,0.279819,3.65239,1.24854,-2.38293,-2.88853
-1.27422,-4.23696,3.73865,-0.46229,0.842464,0.276663,3.65718,1.26321,-2.38455,-2.88213
-1.32,-4.17609,3.67982,-0.462247,0.844467,0.270561,3.66534,1.28152,-2.38818,-2.86173
-1.30162,-4.19134,3.61887,-0.462652,0.842966,0.274522,3.67129,1.2813,-2.3783,-2.86419
-1.25157,-4.24042,3.62497,-0.466958,0.839488,0.277867,3.66784,1.27749,-2.37564,-2.87935
-1.28154,-4.26756,3.57386,-0.470303,0.837574,0.278001,3.67577,1.2891,-2.37012,-2.87576
-1.28423,-4.19703,3.50399,-0.471899,0.837796,0.274609,3.67645,1.29724,-2.37468,-2.87029
-1.22981,-4.22199,3.47151,-0.470917,0.835941,0.281851,3.66612,1.27407,-2.3708,-2.89357
-1.18465,-4.26273,3.39177,-0.472211,0.832576,0.289541,3.66694,1.26436,-2.35857,-2.90909
-1.13595,-4.34006,3.33036,-0.475629,0.828105,0.296679,3.66787,1.25857,-2.34697,-2.92573
-1.14542,-4.29005,3.24976,-0.477151,0.828053,0.294373,3.67015,1.26612,-2.34907,-2.92099
-1.15881,-4.23118,3.22009,-0.478522,0.828938,0.289617,3.67003,1.2749,-2.35644,-2.91377
-1.14652,-4.27516,3.17219,-0.480302,0.826329,0.294093,3.67267,1.27284,-2.34786,-2.92179
-1.1137,-4.27397,3.10271,-0.483597,0.823381,0.296947,3.67295,1.27284,-2.34329,-2.93086
-1.14962,-4.26214,3.1058,-0.488045,0.822782,0.291276,3.67776,1.29149,-2.34885,-2.92086
-1.22506,-4.28925,3.14701,-0.492367,0.822434,0.284915,3.68373,1.31239,-2.35448,-2.90808
-1.18683,-4.26253,3.07698,-0.494015,0.819579,0.29024,3.67596,1.29858,-2.35161,-2.92792
-1.11771,-4.26569,2.97046,-0.495426,0.814989,0.300576,3.67291,1.2819,-2.33769,-2.9521
-1.02476,-4.2931,2.86189,-0.498412,0.80911,0.31133,3.67034,1.26782,-2.32242,-2.97797
-1.03304,-4.24923,2.80492,-0.500202,0.808967,0.308821,3.67465,1.27773,-2.32369,-2.97143
-0.981851,-4.23413,2.83587,-0.503109,0.808482,0.305351,3.66643,1.27813,-2.33433,-2.97676
-1.05704,-4.27409,2.87645,-0.504311,0.80881,0.302484,3.6723,1.28948,-2.33511,-2.96718
-1.06817,-4.31428,2.90979,-0.504852,0.807885,0.30405,3.66684,1.28254,-2.33611,-2.97612
-1.05613,-4.31211,2.87182,-0.505856,0.805457,0.308785,3.66595,1.27624,-2.3292,-2.98691
-1.13747,-4.33304,2.91601,-0.509755,0.804762,0.304152,3.67336,1.29489,-2.33183,-2.97597
-1.15279,-4.34183,2.91242,-0.512889,0.802888,0.303835,3.67465,1.3005,-2.33151,-2.97802
-1.09598,-4.3185,2.79665,-0.513233,0.798966,0.31344,3.67155,1.28456,-2.3183,-2.99902
-1.03253,-4.37352,2.76259,-0.515268,0.794916,0.320324,3.66874,1.27519,-2.309,-3.01662
-1.03959,-4.4847,2.797,-0.519501,0.792816,0.318687,3.67639,1.29014,-2.30693,-3.01159
-1.08931,-4.43515,2.78929,-0.521695,0.794886,0.309824,3.67757,1.30599,-2.32026,-2.9972
-1.06283,-4.41133,2.74485,-0.523644,0.793116,0.311069,3.6741,1.30335,-2.32048,-3.00531
-0.981931,-4.44115,2.72414,-0.523946,0.791348,0.315039,3.66552,1.28995,-2.31948,-3.0213
-1.01548,-4.44648,2.79012,-0.524045,0.794199,0.307613,3.6625,1.29719,-2.33321,-3.01093
-1.05001,-4.48305,2.745,-0.522855,0.793009,0.312665,3.6707,1.29686,-2.32007,-3.01054
-1.10511,-4.54432,2.83437,-0.528259,0.79237,0.30511,3.67936,1.32256,-2.32651,-2.99506
-1.1067,-4.57612,2.8709,-0.528721,0.792229,0.304676,3.67104,1.31563,-2.33248,-3.00296
-1.04344,-4.59548,2.81338,-0.528679,0.788198,0.315027,3.66224,1.29272,-2.32151,-3.03052
-1.08499,-4.5946,2.8235,-0.532514,0.786795,0.312061,3.67121,1.31041,-2.32071,-3.02118
-1.17252,-4.73812,2.95726,-0.538985,0.785931,0.302999,3.68256,1.34223,-2.32774,-3.00161
-1.23309,-4.77665,2.99545,-0.542692,0.785652,0.297048,3.68314,1.35605,-2.33653,-2.99453
-1.13334,-4.68203,2.90981,-0.543278,0.782374,0.304533,3.65836,1.32173,-2.34068,-3.03378
-1.09177,-4.63694,2.84313,-0.547007,0.777811,0.309504,3.65428,1.31559,-2.33528,-3.05183
-1.09144,-4.66266,2.88079,-0.550027,0.775995,0.30871,3.64895,1.31517,-2.33982,-3.05964
-0.92118,-4.72475,2.79723,-0.549653,0.766995,0.331058,3.62427,1.26111,-2.3173,-3.12408
-1.02466,-4.60792,2.77825,-0.556055,0.766743,0.320792,3.64231,1.30046,-2.32411,-3.09603
-0.916991,-4.63879,2.67333,-0.559076,0.759344,0.332912,3.63797,1.28529,-2.30639,-3.12561
-0.98765,-4.55181,2.66457,-0.558808,0.76397,0.322619,3.64421,1.30369,-2.31997,-3.10095
-0.90566,-4.55903,2.60438,-0.558068,0.761039,0.330726,3.63966,1.28825,-2.3091,-3.11879
-0.795016,-4.6084,2.50049,-0.55995,0.754549,0.342215,3.63871,1.27657,-2.29017,3.14131
-0.848073,-4.53097,2.51691,-0.560139,0.759624,0.330478,3.63828,1.28987,-2.31031,-3.12249
-0.775696,-4.48234,2.54705,-0.561982,0.75973,0.327089,3.62216,1.2798,-2.32523,-3.13556
-0.655544,-4.60296,2.48318,-0.56583,0.751529,0.339176,3.61837,1.26706,-2.30666,3.11793
-0.610845,-4.5751,2.38553,-0.56852,0.748027,0.342405,3.61798,1.2667,-2.30128,3.10852
-0.63552,-4.46633,2.38416,-0.568275,0.751961,0.334093,3.61179,1.26917,-2.31904,3.11645
-0.605046,-4.44053,2.39653,-0.568674,0.752391,0.332442,3.60363,1.26299,-2.32636,3.11015
-0.507936,-4.52992,2.31813,-0.573395,0.744481,0.342004,3.60606,1.26131,-2.3084,3.0903
-0.472965,-4.50794,2.28039,-0.576787,0.742326,0.340983,3.60258,1.26332,-2.31205,3.0838
-0.415342,-4.53212,2.23339,-0.580807,0.738199,0.343112,3.60058,1.26439,-2.30937,3.07272
-0.396499,-4.49651,2.16212,-0.583286,0.736371,0.342835,3.60073,1.2682,-2.30978,3.06997
-0.386515,-4.43782,2.19135,-0.584551,0.738787,0.335401,3.58954,1.26598,-2.32877,3.06883
-0.357383,-4.41175,2.1562,-0.58585,0.738096,0.334656,3.58893,1.2679,-2.3304,3.06768
-0.313775,-4.4036,2.14381,-0.588017,0.736751,0.333817,3.58343,1.26582,-2.33478,3.06022
-0.296338,-4.37793,2.14161,-0.589997,0.736586,0.330673,3.57947,1.26764,-2.34239,3.05855
-0.262299,-4.35602,2.15193,-0.59206,0.735971,0.328346,3.57182,1.26461,-2.35051,3.05129
-0.212879,-4.33579,2.13659,-0.593939,0.734147,0.329035,3.56519,1.25904,-2.35274,3.0402
-0.169846,-4.33423,2.12283,-0.596785,0.731664,0.329415,3.56214,1.25911,-2.35363,3.03228
-0.137379,-4.31757,2.1104,-0.59971,0.729566,0.328756,3.55738,1.25849,-2.35724,3.02404
-0.119021,-4.28119,2.13695,-0.601691,0.729609,0.325022,3.54732,1.25383,-2.36902,3.01621
-0.00473278,-4.30953,2.07074,-0.601511,0.723448,0.338833,3.53776,1.22842,-2.34875,2.98276
0.0286449,-4.28707,2.07624,-0.604271,0.719943,0.341379,3.53563,1.22737,-2.3451,2.97243
0.0471476,-4.27453,2.12791,-0.608157,0.717588,0.339428,3.53085,1.22919,-2.35095,2.9647
0.0547106,-4.2368,2.18598,-0.61338,0.715524,0.334351,3.52639,1.23625,-2.36238,2.96047
0.103647,-4.1909,2.14341,-0.616791,0.710348,0.339078,3.52095,1.23021,-2.35623,2.94177
0.137508,-4.15531,2.13342,-0.620272,0.706533,0.340696,3.51819,1.23045,-2.3545,2.93109
0.164343,-4.11365,2.15175,-0.624512,0.703732,0.338741,3.51327,1.23252,-2.36038,2.92246
0.219239,-4.08683,2.13775,-0.62732,0.699683,0.341926,3.50602,1.22519,-2.35771,2.90494
0.300936,-4.07854,2.10605,-0.630011,0.693466,0.349557,3.49914,1.2146,-2.34634,2.88122
0.293669,-4.03573,2.14876,-0.633394,0.692622,0.345088,3.49732,1.221,-2.35559,2.88107
0.364499,-4.0536,2.141,-0.635989,0.68749,0.350537,3.4949,1.21754,-2.34629,2.86612
0.394961,-4.03179,2.16468,-0.638655,0.684842,0.350871,3.49246,1.2183,-2.34669,2.85887
0.42707,-3.98637,2.18921,-0.643646,0.681576,0.348101,3.49009,1.22498,-2.35297,2.853
0.468697,-3.97446,2.22541,-0.646437,0.679772,0.346453,3.48659,1.22623,-2.35759,2.84728
0.524511,-3.97086,2.25371,-0.648376,0.677275,0.347717,3.48418,1.22525,-2.35619,2.83964
0.570052,-3.9159,2.28753,-0.65219,0.675218,0.344571,3.47865,1.22671,-2.3645,2.8322
0.642904,-3.92162,2.26789,-0.652407,0.671445,0.351463,3.47863,1.22184,-2.3513,2.8214
0.703762,-3.9294,2.26304,-0.652444,0.667912,0.358066,3.48172,1.22086,-2.33732,2.81509
0.777678,-3.95724,2.2062,-0.649829,0.662724,0.372181,3.48741,1.21433,-2.30765,2.80478
0.917477,-4.03246,2.18118,-0.64505,0.653734,0.395654,3.48662,1.19355,-2.26167,2.77772
0.928946,-3.97506,2.28974,-0.64949,0.652969,0.389608,3.48677,1.20344,-2.27363,2.77958
0.919382,-3.89055,2.39878,0.655912,-0.652668,-0.379215,2.79799,1.217,-2.29474,2.78284
0.95117,-3.85854,2.4405,0.658475,-0.649791,-0.379714,2.7995,1.21896,-2.29434,2.77648
1.02291,-3.89336,2.42441,0.656572,-0.644084,-0.392516,2.79683,1.2125,-2.26801,2.76409
1.07568,-3.89941,2.4746,0.657799,-0.639867,-0.397329,2.80004,1.20871,-2.2596,2.75187
1.1319,-3.92549,2.51907,0.65748,-0.635286,-0.405131,2.80272,1.20212,-2.24491,2.73858
1.181,-3.9546,2.56121,0.657138,-0.629913,-0.41398,2.80279,1.19835,-2.22703,2.72684
1.20249,-3.93917,2.67998,0.661423,-0.626416,-0.412459,2.80749,1.20067,-2.23175,2.71711
1.21916,-3.92734,2.77456,0.66496,-0.622424,-0.412815,2.80978,1.20377,-2.23181,2.7085
1.22314,-3.86999,2.92475,0.672229,-0.61961,-0.405205,2.819,1.20795,-2.25042,2.69733
1.21825,-3.81673,3.17854,0.681598,-0.620535,-0.387764,2.83732,1.2088,-2.29195,2.68587
1.23518,-3.93358,3.12961,0.680306,-0.612594,-0.402382,2.81746,1.22367,-2.25562,2.68982
1.22887,-3.9782,3.11299,0.680742,-0.606223,-0.411197,2.79996,1.24044,-2.23168,2.69556
1.25464,-3.87626,3.23781,0.686845,-0.603365,-0.405209,2.81396,1.23733,-2.24869,2.6789
1.27221,-3.85131,3.30806,0.689631,-0.600118,-0.405299,2.81525,1.24053,-2.24895,2.67275
1.29011,-3.84352,3.35367,0.692131,-0.595831,-0.407357,2.81092,1.24879,-2.24329,2.67033
1.24999,-3.88319,3.36314,0.694235,-0.592793,-0.408209,2.79477,1.26941,-2.23586,2.68289
1.3003,-3.80926,3.47674,0.698179,-0.590895,-0.404215,2.80627,1.26497,-2.24801,2.6697
1.34542,-3.77651,3.56036,0.701125,-0.588531,-0.402561,2.80908,1.26742,-2.25234,2.66405
1.3945,-3.79703,3.57735,0.702349,-0.584178,-0.406745,2.80281,1.27503,-2.24168,2.66264
1.42827,-3.80271,3.6009,0.702208,-0.581913,-0.410221,2.7984,1.27852,-2.2331,2.66251
1.48429,-3.77136,3.72256,0.705973,-0.579438,-0.407252,2.80248,1.28147,-2.24054,2.65602
1.55986,-3.68842,3.9315,0.710296,-0.580416,-0.398243,2.81894,1.27363,-2.2645,2.64385
1.54047,-3.69629,3.8205,0.710142,-0.576808,-0.403723,2.79271,1.30022,-2.24412,2.66455
1.50244,-3.90412,3.64688,0.701925,-0.573917,-0.421807,2.74178,1.3332,-2.18869,2.704
1.48774,-3.88063,3.73901,0.701994,-0.574474,-0.420933,2.73834,1.33702,-2.18908,2.70868
1.60023,-3.62855,3.89609,0.706395,-0.575173,-0.412531,2.78416,1.30017,-2.22332,2.66689
1.63149,-3.61539,3.92265,0.706173,-0.573556,-0.415153,2.78389,1.29936,-2.21794,2.66363
1.65303,-3.55298,3.9648,0.707312,-0.572711,-0.414382,2.78987,1.29527,-2.22165,2.65653
1.71924,-3.56498,3.99273,0.70428,-0.572215,-0.420191,2.7942,1.28406,-2.21141,2.64867
1.73875,-3.66663,4.02857,0.700068,-0.571542,-0.428072,2.78149,1.28818,-2.19091,2.65751
1.77802,-3.49542,4.08767,0.702402,-0.57184,-0.423827,2.80315,1.2707,-2.20707,2.63728
1.78657,-3.63363,4.02289,0.697044,-0.569216,-0.436032,2.7776,1.28539,-2.17328,2.65497
1.8232,-3.57708,4.08678,0.696111,-0.570219,-0.436211,2.78403,1.27723,-2.17515,2.64985
1.9087,-3.46349,4.14988,0.694232,-0.573233,-0.435254,2.80456,1.25319,-2.18402,2.63363
1.97463,-3.44529,4.18489,0.690966,-0.575183,-0.43787,2.80911,1.24252,-2.18008,2.63094
2.02067,-3.38109,4.23089,0.689251,-0.577929,-0.436956,2.81688,1.23167,-2.18445,2.62721
2.09185,-3.26098,4.24221,0.686571,-0.581552,-0.436369,2.83658,1.20668,-2.19173,2.61222
2.09438,-3.29492,4.19934,0.681984,-0.58323,-0.441294,2.82828,1.20701,-2.17891,2.62202
2.15065,-3.28566,4.17928,0.676837,-0.584476,-0.447525,2.83825,1.18761,-2.16872,2.61221
2.24238,-3.10921,4.20041,0.677967,-0.585075,-0.445026,2.86865,1.15812,-2.18244,2.58209
2.29265,-3.21419,4.20963,0.678703,-0.580468,-0.44991,2.857,1.17153,-2.1689,2.58661
2.24967,-3.61655,4.22102,0.677923,-0.575359,-0.457583,2.80107,1.22646,-2.1363,2.63395
2.19385,-3.55637,4.33878,0.688214,-0.574891,-0.442561,2.80142,1.24506,-2.16784,2.6369
2.15137,-3.53478,4.27488,0.692291,-0.574038,-0.43728,2.80082,1.25337,-2.1786,2.63794
2.06489,-3.71581,4.23182,0.696708,-0.569323,-0.436427,2.77069,1.29167,-2.17004,2.66191
1.96652,-3.88531,4.25673,0.700245,-0.569501,-0.430494,2.74909,1.32065,-2.17414,2.68623
2.13516,-3.58257,4.1778,0.698656,-0.573842,-0.4273,2.81573,1.25043,-2.2041,2.62568
2.29241,-3.60237,4.12353,0.695879,-0.572984,-0.432945,2.83633,1.22334,-2.19883,2.60103
2.32128,-3.68303,4.22221,0.699817,-0.573669,-0.425628,2.83684,1.2304,-2.21424,2.60372
2.4215,-3.48047,4.07881,0.699037,-0.575542,-0.424381,2.87403,1.18909,-2.22765,2.56671
2.44601,-3.62641,4.0306,0.698026,-0.57465,-0.427243,2.85823,1.20426,-2.21721,2.58178
2.49456,-3.5267,4.00953,0.700271,-0.57641,-0.421155,2.87875,1.18623,-2.23573,2.5636
2.50525,-3.5351,3.87625,0.697859,-0.577745,-0.423325,2.87738,1.18344,-2.23079,2.56647
2.5486,-3.61195,3.89167,0.699622,-0.577329,-0.420975,2.87376,1.1906,-2.23474,2.57044
2.55533,-3.45502,3.77862,0.699795,-0.580375,-0.416474,2.89456,1.16812,-2.24978,2.55289
2.57316,-3.3521,3.62552,0.699177,-0.579716,-0.418427,2.90647,1.15364,-2.24867,2.53816
2.58323,-3.36622,3.57102,0.700221,-0.578018,-0.41903,2.90182,1.16065,-2.24624,2.54082
2.60212,-3.34895,3.45833,0.699051,-0.576594,-0.422927,2.90253,1.1578,-2.23815,2.53719
2.63401,-3.4511,3.47577,0.699548,-0.576201,-0.422639,2.8913,1.17109,-2.23592,2.54912
2.74168,-3.24804,3.40225,0.699638,-0.577208,-0.421115,2.93243,1.12526,-2.249,2.50488
2.81246,-3.29628,3.28516,0.694718,-0.576958,-0.429518,2.92824,1.12207,-2.23006,2.50818
2.87248,-3.36676,3.37264,0.697151,-0.577815,-0.424395,2.92645,1.12789,-2.24066,2.51203
2.87095,-3.29397,3.2481,0.695928,-0.57918,-0.424541,2.93226,1.11928,-2.24162,2.50746
2.91827,-3.39597,3.23369,0.69507,-0.580032,-0.424782,2.92052,1.13094,-2.23849,2.52179
2.72743,-3.53577,3.16752,0.696217,-0.583917,-0.41752,2.86695,1.19254,-2.24006,2.58833
2.67696,-3.35429,2.9739,0.696528,-0.585782,-0.414377,2.88479,1.1736,-2.2516,2.57209
2.67038,-3.34863,2.88031,0.696012,-0.585761,-0.415272,2.88094,1.17692,-2.24868,2.57611
2.65458,-3.39852,2.84333,0.69609,-0.587034,-0.41334,2.86926,1.19026,-2.24945,2.59148
2.67241,-3.40684,2.79884,0.695798,-0.587944,-0.412536,2.87032,1.1887,-2.25142,2.59186
2.61798,-3.4876,2.7506,0.694591,-0.590428,-0.411021,2.85058,1.20876,-2.24873,2.61779
2.56813,-3.52752,2.69161,0.694227,-0.592112,-0.40921,2.83877,1.22151,-2.24877,2.63387
2.52393,-3.4851,2.60718,0.69354,-0.593881,-0.407809,2.84022,1.21908,-2.2521,2.63537
2.50872,-3.51998,2.56432,0.693121,-0.594737,-0.407273,2.83579,1.22338,-2.25178,2.64168
2.47192,-3.49313,2.50896,0.692234,-0.596998,-0.40547,2.83799,1.2199,-2.25618,2.64323
2.46548,-3.45616,2.45025,0.68961,-0.599614,-0.40608,2.84687,1.20554,-2.25776,2.63695
2.40675,-3.46783,2.39564,0.686734,-0.603179,-0.405675,2.83824,1.21042,-2.25584,2.65184
2.33251,-3.52345,2.3794,0.684928,-0.606867,-0.40322,2.823,1.22491,-2.25581,2.675
2.2733,-3.60108,2.38137,0.684203,-0.609021,-0.401198,2.81102,1.2375,-2.25577,2.69216
2.28346,-3.56022,2.35008,0.683562,-0.608766,-0.402676,2.83171,1.21324,-2.25984,2.66841
2.20344,-3.60477,2.30282,0.682354,-0.61,-0.402855,2.81935,1.2248,-2.25531,2.68374
2.14892,-3.61811,2.27045,0.68125,-0.612306,-0.401224,2.81809,1.22492,-2.25818,2.68922
2.12896,-3.58171,2.24309,0.679865,-0.614551,-0.400138,2.83112,1.20862,-2.26481,2.67859
2.10227,-3.56983,2.23293,0.678507,-0.617046,-0.398601,2.83838,1.19881,-2.27034,2.6748
2.07092,-3.5603,2.23348,0.675118,-0.621702,-0.397118,2.8461,1.18514,-2.27587,2.6736
2.04921,-3.57432,2.24989,0.671849,-0.625777,-0.396261,2.85209,1.17339,-2.27953,2.67321
1.99369,-3.62353,2.27141,0.669994,-0.629183,-0.394001,2.84624,1.17782,-2.28227,2.68581
1.93302,-3.64205,2.27687,0.668581,-0.632184,-0.391591,2.84368,1.17934,-2.28633,2.69419
1.88128,-3.67184,2.29173,0.666935,-0.635282,-0.389377,2.84285,1.17851,-2.29054,2.70071
1.82942,-3.70202,2.32178,0.66625,-0.638145,-0.385853,2.84451,1.17691,-2.29823,2.70462
1.77019,-3.71121,2.33217,0.665169,-0.640933,-0.383086,2.84702,1.17344,-2.30465,2.70713
1.71247,-3.71885,2.33113,0.662641,-0.644232,-0.381932,2.84916,1.1675,-2.30769,2.71013
1.6619,-3.73843,2.34308,0.660864,-0.647012,-0.380308,2.852,1.16211,-2.31192,2.71173
1.6032,-3.74838,2.37689,0.659083,-0.650826,-0.376876,2.85655,1.1555,-2.32035,2.7137
1.49663,-3.77426,2.36177,0.657218,-0.65397,-0.374684,2.84309,1.16952,-2.32021,2.73537
1.44662,-3.78089,2.37447,-0.654716,0.657254,0.373315,3.43437,1.15962,-2.32492,2.73428
1.37904,-3.81146,2.41333,-0.654225,0.659886,0.369513,3.43446,1.16086,-2.3325,2.74027
1.2954,-3.80648,2.41167,-0.652336,0.663011,0.367252,3.4356,1.16053,-2.33662,2.74756
1.21676,-3.81822,2.38753,-0.648035,0.666323,0.368868,3.44124,1.15993,-2.33142,2.75855
1.14177,-3.8281,2.42066,-0.645421,0.670467,0.365932,3.4406,1.15685,-2.33749,2.76571
1.04367,-3.84257,2.46039,-0.644524,0.674349,0.360336,3.44407,1.16292,-2.34733,2.77894
0.929016,-3.89394,2.44622,-0.638877,0.677736,0.364019,3.45784,1.16875,-2.335,2.79856
0.8451,-3.89808,2.45644,-0.6372,0.679533,0.363609,3.46186,1.17129,-2.33429,2.80636
0.735878,-3.88874,2.5086,-0.637177,0.683174,0.356761,3.46534,1.17985,-2.34634,2.82029
0.656162,-3.91643,2.52072,-0.634481,0.685278,0.357532,3.46757,1.17803,-2.34397,2.82577
0.570001,-3.94211,2.53426,-0.633194,0.686229,0.357987,3.47277,1.18198,-2.34105,2.83313
0.537879,-4.00568,2.48664,-0.629446,0.68407,0.368573,3.47411,1.17108,-2.31989,2.825
0.444772,-4.01855,2.38026,-0.623793,0.683431,0.379216,3.48506,1.16877,-2.29479,2.83075
0.347846,-3.96283,2.31817,-0.621961,0.683181,0.382658,3.4953,1.17547,-2.28406,2.84001
0.253969,-3.91608,2.41881,-0.623362,0.687613,0.372302,3.49267,1.18102,-2.30533,2.84976
0.206035,-3.9497,2.42452,-0.620645,0.687796,0.37648,3.49225,1.17392,-2.29735,2.84727
0.13731,-3.95298,2.39577,-0.618061,0.687268,0.381659,3.49869,1.17413,-2.28468,2.85086
0.0452751,-3.91527,2.45453,-0.618627,0.68984,0.37606,3.50088,1.18091,-2.29473,2.86045
-0.0324382,-3.89168,2.51461,-0.618658,0.692283,0.371492,3.49984,1.18281,-2.30401,2.86581
-0.0683764,-3.9208,2.43626,-0.614355,0.68956,0.383504,3.50767,1.17749,-2.2775,2.86351
-0.12968,-3.89474,2.36149,-0.604508,0.690119,0.397876,3.5065,1.15358,-2.24974,2.85644
-0.17155,-3.86545,2.37404,-0.602144,0.690537,0.400727,3.50712,1.14927,-2.24386,2.85661
-0.235644,-3.84083,2.41034,-0.599951,0.692907,0.399922,3.51152,1.15122,-2.24375,2.86556
-0.2769,-3.82346,2.4618,-0.598128,0.694905,0.399186,3.51253,1.15007,-2.24481,2.87028
-0.365441,-3.7947,2.56284,-0.598916,0.69937,0.390103,3.51748,1.16181,-2.26068,2.88704
-0.421391,-3.77936,2.6161,-0.597392,0.702029,0.387658,3.51896,1.16274,-2.26485,2.89424
-0.446938,-3.78512,2.63611,-0.595083,0.702039,0.391174,3.52188,1.16038,-2.25681,2.89572
-0.504016,-3.76128,2.69406,-0.594608,0.704377,0.387677,3.52603,1.16636,-2.2619,2.90576
-0.572612,-3.72881,2.77015,-0.595137,0.707598,0.380941,3.5298,1.17568,-2.27333,2.91871
-0.663788,-3.67866,2.86146,-0.596329,0.712551,0.369679,3.53404,1.1902,-2.293,2.93812
-0.703796,-3.67172,2.90045,-0.594202,0.714956,0.368459,3.53571,1.18998,-2.29457,2.94473
-0.70841,-3.70656,2.92009,-0.589587,0.715655,0.374466,3.53731,1.18066,-2.28248,2.94403
-0.76469,-3.67541,2.99375,-0.589435,0.71879,0.368657,3.53944,1.18725,-2.29254,2.95516
-0.931834,-3.58484,3.09559,-0.594231,0.725316,0.347572,3.5548,1.22903,-2.32456,2.99786
-0.972016,-3.55653,3.16532,-0.593722,0.728789,0.341116,3.55054,1.22984,-2.3384,3.00419
-0.952421,-3.59601,3.17757,-0.59036,0.728334,0.347857,3.5475,1.21536,-2.32755,2.99466
-1.09402,-3.52777,3.25795,-0.59384,0.733493,0.330669,3.56121,1.2527,-2.35188,3.03315
-1.12019,-3.51422,3.30389,-0.592982,0.735903,0.326833,3.5591,1.25334,-2.35978,3.03841
-1.11296,-3.56366,3.336,-0.58965,0.736536,0.331403,3.55836,1.24302,-2.35202,3.03443
-1.20783,-3.53195,3.39946,-0.590491,0.740507,0.320891,3.56876,1.26754,-2.36521,3.0628
-1.27606,-3.51022,3.44676,-0.59056,0.743945,0.312705,3.57605,1.28558,-2.37548,3.08525
-1.27426,-3.55141,3.51821,-0.585697,0.747354,0.31372,3.57297,1.27436,-2.37541,3.08651
-1.26812,-3.61117,3.58403,-0.580852,0.749548,0.317473,3.57405,1.26454,-2.36834,3.08759
-1.31406,-3.58887,3.64015,-0.57882,0.75327,0.312332,3.57959,1.27431,-2.37418,3.10555
-1.33834,-3.59303,3.68177,-0.577717,0.755067,0.310027,3.58835,1.28548,-2.37323,3.12085
-1.36199,-3.64759,3.75988,-0.574599,0.75721,0.310594,3.59313,1.28588,-2.36958,3.12921
-1.41309,-3.63674,3.80951,-0.571959,0.760678,0.306971,3.6006,1.29526,-2.37141,-3.13578
-1.40278,-3.6357,3.84144,-0.569358,0.762189,0.308058,3.60107,1.29093,-2.36932,-3.13383
-1.34609,-3.73235,3.95007,-0.566017,0.761668,0.315416,3.59485,1.27037,-2.36043,3.13378
-1.34094,-3.76268,3.99741,-0.56292,0.762373,0.31923,3.59761,1.26457,-2.35239,3.13412
-1.39144,-3.69019,4.03017,-0.561995,0.765286,0.313846,3.60296,1.27586,-2.35851,-3.13256
-1.32914,-3.70106,4.05563,-0.560086,0.764176,0.319905,3.59615,1.25845,-2.35205,3.13507
-1.25721,-3.82994,4.13643,-0.555338,0.762202,0.332638,3.59131,1.23202,-2.33267,3.11429
-1.32565,-3.74527,4.18219,-0.554771,0.765327,0.32635,3.59671,1.24436,-2.34066,3.13149
-1.47679,-3.59418,4.19487,-0.557554,0.769652,0.311077,3.61065,1.28189,-2.35875,-3.11356
-1.43929,-3.56307,4.3097,-0.556281,0.771194,0.309533,3.59384,1.26406,-2.37097,-3.12732
-1.42916,-3.64091,4.33795,-0.554029,0.769785,0.31699,3.5969,1.25497,-2.3566,-3.1343
-1.48723,-3.59698,4.38306,-0.554533,0.771281,0.312439,3.59999,1.26473,-2.36258,-3.12356
-1.45319,-3.6304,4.44894,-0.553367,0.770281,0.316941,3.59406,1.25109,-2.35828,-3.13644
-1.49044,-3.63002,4.49488,-0.55358,0.77032,0.316474,3.59778,1.25598,-2.35699,-3.13186
-1.61545,-3.53066,4.56707,-0.555058,0.774165,0.304267,3.60438,1.28095,-2.37372,-3.1047
-1.67673,-3.49743,4.57846,-0.556826,0.774491,0.30018,3.61172,1.29674,-2.37614,-3.09152
-1.81748,-3.40628,4.61107,-0.559062,0.777848,0.287058,3.62382,1.3315,-2.38994,-3.05646
-1.87925,-3.39149,4.63292,-0.559395,0.779313,0.282398,3.62951,1.34504,-2.3937,-3.04171
-1.89649,-3.42696,4.66704,-0.558034,0.780014,0.283155,3.63198,1.34474,-2.39094,-3.03885
-1.95312,-3.44043,4.70719,-0.558042,0.781235,0.279754,3.63827,1.35661,-2.3922,-3.02551
-1.91954,-3.4596,4.78702,-0.557198,0.781838,0.279748,3.62948,1.3463,-2.39785,-3.03366
-1.88289,-3.45832,4.84628,-0.555513,0.783196,0.279302,3.62088,1.33566,-2.40401,-3.0398
-1.93553,-3.46238,4.89597,-0.554975,0.784916,0.275516,3.62496,1.34532,-2.40731,-3.02716
-1.93589,-3.50203,4.91519,-0.554552,0.78446,0.27766,3.62721,1.34378,-2.40255,-3.02853
-1.9332,-3.49442,4.98016,-0.554244,0.785371,0.275691,3.62216,1.34111,-2.40883,-3.02958
-1.97174,-3.55526,4.97961,-0.554431,0.784767,0.277031,3.63069,1.34831,-2.40129,-3.02342
-1.96623,-3.55787,5.0437,-0.553501,0.785926,0.275603,3.62419,1.34247,-2.40767,-3.02629
-1.92391,-3.59709,5.09827,-0.552503,0.785446,0.278951,3.61636,1.3275,-2.40741,-3.04014
-1.9996,-3.58286,5.18119,-0.555205,0.786023,0.271875,3.61875,1.34478,-2.41694,-3.02676
-2.00617,-3.60698,5.19731,-0.555053,0.786066,0.272058,3.61767,1.34312,-2.41734,-3.02811
-1.94868,-3.63854,5.20543,-0.552725,0.786062,0.27677,3.61014,1.32443,-2.41475,-3.04285
-2.00681,-3.57635,5.30512,-0.553788,0.788334,0.268045,3.60645,1.33578,-2.43075,-3.03059
-2.00259,-3.61509,5.29636,-0.552802,0.788029,0.27096,3.60761,1.33104,-2.42547,-3.03402
-1.99377,-3.66835,5.28496,-0.552712,0.786742,0.274858,3.60997,1.32726,-2.41787,-3.03918
-1.95372,-3.65699,5.33944,-0.552183,0.787136,0.274792,3.60084,1.3166,-2.42369,-3.04847
-1.89141,-3.74118,5.37017,-0.54985,0.786021,0.282553,3.59649,1.29673,-2.41396,-3.06569
-2.00916,-3.64585,5.50405,-0.551052,0.789893,0.269094,3.59547,1.31833,-2.43605,-3.04153
-1.97831,-3.71572,5.37901,-0.550501,0.787223,0.277901,3.607,1.31638,-2.41493,-3.04572
-2.026,-3.70759,5.41046,-0.550629,0.788408,0.274263,3.60978,1.32535,-2.41892,-3.03556
-1.90918,-3.77636,5.42324,-0.549911,0.786052,0.282348,3.59896,1.29986,-2.41279,-3.06263
-1.96741,-3.82677,5.48383,-0.554931,0.783627,0.279248,3.60339,1.31594,-2.41503,-3.05802
-1.75279,-3.79075,5.55426,-0.551033,0.784732,0.283829,3.56774,1.26351,-2.42897,-3.10247
-1.92529,-3.74613,5.49898,-0.551587,0.787924,0.27373,3.58661,1.30148,-2.43418,-3.06163
-1.85315,-3.78243,5.51667,-0.551444,0.786649,0.277656,3.57879,1.2862,-2.43258,-3.07819
-1.8282,-3.84982,5.47761,-0.5517,0.784888,0.282096,3.58107,1.28236,-2.42398,-3.08458
-1.77134,-3.79906,5.52401,-0.551689,0.785931,0.279197,3.56617,1.26946,-2.43755,-3.09621
-1.76436,-3.81463,5.48002,-0.551459,0.785651,0.280437,3.56768,1.26906,-2.43462,-3.09655
-1.63807,-3.90376,5.43057,-0.549139,0.783188,0.291657,3.55997,1.2407,-2.42031,-3.1239
-1.58038,-3.97468,5.44697,-0.550644,0.780748,0.295338,3.55579,1.23262,-2.41639,-3.13749
-1.57714,-3.9524,5.45246,-0.551924,0.781338,0.291358,3.5518,1.23506,-2.42538,-3.13653
-1.56029,-3.93973,5.39129,-0.54963,0.783026,0.291164,3.54956,1.22973,-2.42696,-3.13591
-1.40207,-4.07325,5.34562,-0.547037,0.779678,0.304718,3.54014,1.19711,-2.40863,3.11507
-1.42318,-4.15478,5.25734,-0.548347,0.777648,0.307537,3.55264,1.20988,-2.39709,3.12314
-1.54685,-4.0032,5.22566,-0.548423,0.783562,0.291998,3.55808,1.2371,-2.42079,-3.12583
-1.4668,-4.06223,5.25759,-0.548282,0.7822,0.295888,3.54903,1.22087,-2.41917,3.13974
-1.46477,-4.0521,5.24995,-0.547907,0.783445,0.293276,3.5454,1.21964,-2.42564,3.14064
-1.42746,-4.02656,5.17663,-0.545789,0.784625,0.294071,3.54053,1.21002,-2.42692,3.13607
-1.40476,-4.08403,5.11418,-0.542695,0.784931,0.298941,3.54355,1.20313,-2.41688,3.13487
-1.28044,-4.12567,5.09759,-0.539038,0.784834,0.305733,3.52967,1.17309,-2.4123,3.11104
-1.20477,-4.22624,5.03785,-0.536424,0.783259,0.314252,3.52788,1.1572,-2.39806,3.0978
-1.14496,-4.29621,4.97958,-0.53572,0.781608,0.31952,3.52699,1.1491,-2.38905,3.08896
-1.25357,-4.20406,4.94334,-0.536852,0.785495,0.307876,3.53617,1.17539,-2.40516,3.1179
-1.23193,-4.21443,4.9064,-0.53528,0.786142,0.30896,3.53496,1.17059,-2.40387,3.11661
-1.12885,-4.31989,4.86327,-0.533336,0.783638,0.318536,3.52965,1.15032,-2.3895,3.09676
-1.06419,-4.35773,4.80995,-0.532238,0.782809,0.322385,3.52405,1.1379,-2.38531,3.08527
-1.10266,-4.36337,4.74461,-0.531508,0.784066,0.320529,3.53233,1.14884,-2.38458,3.09897
-1.05974,-4.37594,4.722,-0.52965,0.785042,0.321217,3.52688,1.13928,-2.38604,3.09381
-1.05648,-4.37116,4.6862,-0.529205,0.785952,0.319721,3.5287,1.14257,-2.38784,3.09896
-1.04009,-4.3975,4.63511,-0.528888,0.785603,0.321101,3.53028,1.14244,-2.38457,3.09897
-1.04848,-4.38112,4.61152,-0.52774,0.787461,0.318427,3.53065,1.1445,-2.3892,3.10524
-0.992939,-4.4033,4.57017,-0.526618,0.786935,0.321569,3.52562,1.13352,-2.38603,3.0956
-0.994336,-4.40715,4.54771,-0.526689,0.787454,0.320179,3.52706,1.13691,-2.38782,3.09948
-1.04243,-4.37094,4.52754,-0.527209,0.78929,0.314756,3.53355,1.1516,-2.3943,3.11541
-0.945161,-4.42907,4.46973,-0.525464,0.787141,0.322948,3.5261,1.13107,-2.38329,3.09542
-0.897123,-4.51592,4.41461,-0.526576,0.783844,0.329099,3.52915,1.12923,-2.37065,3.08774
-0.940308,-4.45461,4.37869,-0.526493,0.786533,0.322755,3.53003,1.13721,-2.38172,3.09904
-0.949396,-4.41958,4.36846,-0.525371,0.788708,0.319258,3.52962,1.13932,-2.38822,3.10567
-0.885377,-4.47514,4.30427,-0.524552,0.786454,0.326092,3.52853,1.12923,-2.37642,3.09438
-0.833589,-4.50149,4.23707,-0.523476,0.785292,0.330591,3.52629,1.12033,-2.36931,3.08601
-0.881645,-4.47342,4.22821,-0.524296,0.787227,0.324633,3.53279,1.13552,-2.37697,3.10202
-0.905213,-4.43913,4.22375,-0.523866,0.789373,0.320086,3.53548,1.14333,-2.38381,3.1131
-0.861873,-4.45686,4.16802,-0.522221,0.788777,0.324216,3.53421,1.13502,-2.37702,3.10699
-0.760878,-4.49551,4.10871,-0.521127,0.786328,0.331836,3.52559,1.11519,-2.36737,3.08623
-0.695904,-4.53837,4.04151,-0.52172,0.783552,0.337424,3.52405,1.10831,-2.35784,3.07504
-0.741953,-4.48805,4.03739,-0.522772,0.785985,0.330055,3.5282,1.12224,-2.36937,3.08997
-0.702512,-4.49701,3.98889,-0.522623,0.785081,0.332434,3.52655,1.11758,-2.36582,3.08451
-0.669549,-4.50468,3.93905,-0.522898,0.784166,0.334156,3.52602,1.1155,-2.36291,3.08087
-0.710295,-4.45503,3.95381,-0.523561,0.786913,0.326576,3.52957,1.12865,-2.37503,3.09608
-0.718773,-4.44929,3.92666,-0.523732,0.787217,0.325567,3.5351,1.13644,-2.37414,3.10393
-0.663298,-4.47624,3.86554,-0.522774,0.785561,0.331062,3.53436,1.12829,-2.36456,3.09552
-0.626654,-4.48362,3.82858,-0.521919,0.785259,0.333119,3.53356,1.12406,-2.3612,3.09244
-0.595028,-4.5188,3.788,-0.5211,0.784455,0.336281,3.53627,1.12277,-2.35413,3.09166
-0.516419,-4.53541,3.68355,-0.520152,0.781884,0.343656,3.53459,1.11206,-2.3414,3.0796
-0.540754,-4.5036,3.70829,-0.52186,0.783993,0.336179,3.53899,1.12694,-2.353,3.09395
-0.459231,-4.54022,3.56295,-0.521003,0.779522,0.347709,3.5406,1.11588,-2.3311,3.07912
-0.417702,-4.53026,3.52244,-0.522505,0.778328,0.348129,3.53789,1.11437,-2.3316,3.07353
-0.439571,-4.49961,3.50415,-0.52432,0.779088,0.343672,3.54209,1.12584,-2.33782,3.08269
-0.397604,-4.51843,3.48575,-0.524664,0.778093,0.345397,3.53942,1.12155,-2.33592,3.07661
-0.326539,-4.58315,3.36122,-0.523631,0.773818,0.356393,3.54242,1.11296,-2.31417,3.06474
-0.316978,-4.58392,3.31051,-0.523615,0.773954,0.356122,3.5448,1.11582,-2.31357,3.06779
-0.308909,-4.56089,3.32053,-0.525236,0.775687,0.34991,3.54806,1.12746,-2.32352,3.07863
-0.292221,-4.55359,3.30347,-0.523227,0.777406,0.349105,3.54601,1.12339,-2.32597,3.08018
-0.245156,-4.58021,3.22025,-0.521362,0.775833,0.355337,3.54703,1.11611,-2.31398,3.07432
-0.22429,-4.59798,3.1927,-0.521939,0.775471,0.355281,3.55006,1.12023,-2.31266,3.07699
-0.18591,-4.63378,3.11285,-0.521791,0.773339,0.360113,3.55366,1.11942,-2.30203,3.0739
-0.17408,-4.63071,3.08947,-0.521688,0.774444,0.35788,3.55311,1.12077,-2.30642,3.07675
-0.125898,-4.61736,3.09152,-0.524509,0.774669,0.353238,3.54992,1.12534,-2.3165,3.07659
-0.105957,-4.6334,3.05031,-0.524564,0.774409,0.353728,3.55244,1.12771,-2.3144,3.07855
-0.0736061,-4.65618,2.99007,-0.524464,0.773295,0.356305,3.55481,1.1277,-2.30853,3.07738
-0.0464331,-4.66853,2.9398,-0.524466,0.772855,0.357253,3.55583,1.12791,-2.3063,3.07706
-0.0156075,-4.68589,2.88538,-0.524396,0.772228,0.358709,3.55661,1.1273,-2.30324,3.07581
-0.00396024,-4.6549,2.88499,-0.524127,0.774656,0.353835,3.55197,1.12652,-2.31443,3.07843
0.0183561,-4.64123,2.84116,-0.523612,0.775043,0.353749,3.55089,1.12476,-2.3151,3.07804
0.0485099,-4.64445,2.81056,-0.523835,0.774683,0.354209,3.54854,1.12203,-2.31536,3.07449
0.0674911,-4.65183,2.75848,-0.523599,0.774051,0.355934,3.54909,1.12069,-2.31191,3.07281
0.0951611,-4.65214,2.72014,-0.523896,0.773486,0.356724,3.54674,1.11775,-2.31155,3.06867
0.116536,-4.66208,2.6856,-0.524551,0.772882,0.357071,3.54642,1.11793,-2.31105,3.06695
0.143881,-4.69385,2.61753,-0.525606,0.770649,0.360331,3.55014,1.12034,-2.30326,3.06481
0.14751,-4.7024,2.55944,-0.525985,0.770274,0.360579,3.55527,1.12617,-2.30041,3.06951
0.172238,-4.66969,2.56291,-0.527141,0.771425,0.356408,3.54485,1.12017,-2.31301,3.06286
0.177597,-4.66946,2.52444,-0.527471,0.771238,0.356323,3.54646,1.12245,-2.31242,3.06433
0.210487,-4.71632,2.42659,-0.529098,0.76705,0.36289,3.55306,1.12572,-2.29715,3.05964
0.246503,-4.70213,2.43131,-0.530825,0.767476,0.359451,3.54201,1.11905,-2.30866,3.05044
0.257104,-4.68555,2.43214,-0.531489,0.768864,0.355482,3.53826,1.1194,-2.31778,3.05131
0.27989,-4.7111,2.35417,-0.532911,0.766153,0.359188,3.54513,1.12543,-2.30771,3.05153
0.306036,-4.70715,2.33321,-0.534586,0.765801,0.357444,3.54159,1.12531,-2.3126,3.04804
0.333282,-4.69161,2.34795,-0.535684,0.766902,0.353419,3.53388,1.1219,-2.32364,3.04405
0.35443,-4.69686,2.28217,-0.53758,0.764609,0.355501,3.54031,1.1296,-2.3168,3.04562
0.377829,-4.68984,2.23603,-0.54008,0.762835,0.355523,3.54173,1.13442,-2.31611,3.04387
0.417361,-4.67314,2.23933,-0.543345,0.761801,0.352753,3.53359,1.13222,-2.32501,3.0347
0.447487,-4.65341,2.23296,-0.546803,0.760236,0.350782,3.52926,1.13372,-2.33067,3.02825
0.479731,-4.64225,2.22195,-0.550334,0.757936,0.350237,3.52619,1.13541,-2.33308,3.02095
0.505266,-4.6426,2.20584,-0.553866,0.75516,0.350665,3.52531,1.13869,-2.33268,3.01464
0.527885,-4.64667,2.16743,-0.556931,0.752015,0.352563,3.52812,1.14419,-2.32786,3.01089
0.570215,-4.6344,2.15503,-0.561297,0.74889,0.352292,3.52406,1.14567,-2.33021,3.0009
0.600734,-4.61655,2.14387,-0.564648,0.746733,0.351515,3.52128,1.1477,-2.33291,2.99443
0.636196,-4.59962,2.14046,-0.567281,0.744756,0.351469,3.51731,1.14676,-2.33477,2.98646
0.690165,-4.60319,2.11322,-0.570074,0.740177,0.356587,3.51577,1.14433,-2.32581,2.97333
0.733016,-4.6112,2.10548,-0.573134,0.736199,0.359902,3.51579,1.14573,-2.31952,2.96433
0.774393,-4.60083,2.10207,-0.577041,0.732009,0.362196,3.51558,1.14896,-2.31526,2.95542
0.809758,-4.56176,2.11376,-0.582597,0.728515,0.360344,3.51324,1.15542,-2.31979,2.94789
0.846351,-4.53777,2.11302,-0.587374,0.724847,0.359984,3.51113,1.15989,-2.32138,2.93946
0.907282,-4.52598,2.09246,-0.589923,0.720732,0.364055,3.50667,1.1552,-2.3155,2.92494
0.964255,-4.51699,2.09794,-0.593252,0.717088,0.365838,3.50468,1.15623,-2.31292,2.91548
1.01284,-4.48578,2.1103,-0.597771,0.713857,0.364798,3.50308,1.16151,-2.31559,2.90885
1.05174,-4.46386,2.10435,-0.601416,0.710575,0.365214,3.50581,1.16941,-2.31365,2.90623
1.11399,-4.45706,2.07863,-0.6041,0.705692,0.370218,3.50749,1.17144,-2.30333,2.89706
1.17441,-4.43971,2.09633,-0.608187,0.701826,0.370876,3.50608,1.17521,-2.30264,2.88872
1.24137,-4.39627,2.11121,-0.61341,0.697236,0.370931,3.50076,1.17667,-2.30472,2.87521
1.28629,-4.38674,2.10068,-0.616624,0.692916,0.373688,3.50453,1.18364,-2.29785,2.87082
1.32778,-4.39987,2.07897,-0.618441,0.688327,0.379125,3.51361,1.1927,-2.2836,2.87036
1.39383,-4.36244,2.09892,-0.623716,0.682945,0.380215,3.51101,1.19685,-2.28255,2.85824
1.45619,-4.31893,2.12141,-0.62883,0.678122,0.380425,3.50725,1.2001,-2.28367,2.8463
1.50058,-4.30208,2.11869,-0.633118,0.67283,0.382702,3.51358,1.21198,-2.27667,2.84357
1.58581,-4.22336,2.18166,-0.64118,0.667568,0.378472,3.49998,1.21162,-2.2904,2.82273
1.66713,-4.18556,2.20725,-0.645651,0.663508,0.378009,3.49159,1.20926,-2.29462,2.80734
1.69838,-4.17872,2.17744,-0.646208,0.66108,0.381298,3.50213,1.21989,-2.28402,2.81344
1.76341,-4.16134,2.18559,-0.648411,0.657844,0.38315,3.5045,1.22476,-2.27946,2.81
1.84258,-4.1092,2.18864,-0.650012,0.655247,0.384883,3.49865,1.2198,-2.27838,2.79862
1.89668,-4.07122,2.20525,-0.6526,0.653235,0.383924,3.50038,1.22619,-2.27958,2.79796
1.9028,-4.0829,2.15504,-0.64972,0.653067,0.389059,3.52238,1.24276,-2.26072,2.8187
1.90343,-4.09122,2.132,-0.647094,0.653504,0.392685,3.54501,1.26057,-2.24426,2.84123
1.95961,-4.03752,2.14887,-0.647384,0.652425,0.394,3.54617,1.26146,-2.24124,2.84002
1.86506,-4.09241,2.16647,-0.645422,0.656754,0.390006,3.5819,1.29762,-2.23308,2.88582
1.8685,-4.1725,2.19786,-0.643505,0.656805,0.393076,3.62055,1.331,-2.20911,2.92226
1.91113,-4.17899,2.26351,-0.641698,0.656713,0.39617,3.62703,1.33242,-2.20025,2.92634
1.9851,-4.09598,2.35859,-0.645281,0.654481,0.39404,3.61696,1.32957,-2.20906,2.91452
2.04496,-4.08244,2.47159,-0.645741,0.654547,0.393175,3.61172,1.32573,-2.21318,2.91007
2.10961,-4.11073,2.62749,-0.645747,0.654837,0.392682,3.60635,1.32078,-2.21666,2.90555
2.19606,-4.04606,2.73601,-0.646937,0.653057,0.393686,3.58965,1.30536,-2.22259,2.88557
2.24191,-4.00408,2.79971,-0.645733,0.652495,0.396583,3.58361,1.29564,-2.21987,2.87685
2.31022,-3.93363,2.90701,-0.647024,0.651603,0.395947,3.56699,1.28121,-2.2285,2.85905
2.37063,-3.82011,2.99917,-0.649044,0.65116,0.39336,3.54509,1.26326,-2.24293,2.83731
2.39429,-3.78325,3.1154,-0.650107,0.651852,0.390449,3.53626,1.25732,-2.25227,2.83079
2.41135,-3.74491,3.17703,-0.649865,0.651672,0.39115,3.53132,1.25132,-2.25298,2.82489
2.41974,-3.63899,3.15232,0.65019,-0.649886,-0.393574,2.76395,1.23765,-2.25319,2.80797
2.49084,-3.60425,3.25362,0.650654,-0.649935,-0.392726,2.78342,1.21787,-2.26251,2.78756
2.49203,-3.60413,3.35943,-0.650491,0.651538,0.390333,3.49469,1.2133,-2.26919,2.78571
2.49459,-3.4899,3.35769,0.652366,-0.649984,-0.389794,2.80381,1.1996,-2.27601,2.76674
2.4787,-3.48876,3.4067,0.652623,-0.65021,-0.388985,2.80564,1.19835,-2.2783,2.76544
2.4653,-3.46851,3.43924,0.652143,-0.651027,-0.388425,2.81041,1.19257,-2.28116,2.76165
2.43101,-3.44342,3.47708,0.653554,-0.651283,-0.385613,2.81286,1.19335,-2.28765,2.76066
2.47597,-3.48152,3.58467,0.652984,-0.652109,-0.385182,2.82352,1.18064,-2.29235,2.75009
2.53213,-3.51457,3.68571,-0.651448,0.652583,0.386978,3.44743,1.16354,-2.293,2.73608
2.4786,-3.47105,3.70503,-0.652147,0.652778,0.385468,3.44563,1.16321,-2.29666,2.73498
2.42958,-3.46225,3.73742,0.653511,-0.65249,-0.383641,2.83605,1.16785,-2.29982,2.73708
2.38229,-3.4869,3.78736,0.65413,-0.652589,-0.382415,2.83135,1.17475,-2.30065,2.74319
2.33942,-3.50088,3.82778,0.654563,-0.652729,-0.381433,2.82804,1.17967,-2.30145,2.74766
2.27163,-3.55899,3.85733,0.654234,-0.652808,-0.381862,2.81428,1.19464,-2.29564,2.76326
2.22788,-3.5547,3.9068,0.65515,-0.653189,-0.379635,2.8121,1.19966,-2.29925,2.76746
2.2335,-3.55054,3.97851,0.655711,-0.653402,-0.378296,2.81885,1.19352,-2.30439,2.76079
2.19896,-3.59193,3.98588,-0.653446,0.654033,0.381117,3.47012,1.1952,-2.29667,2.76689
2.1282,-3.60787,4.01686,-0.6535,0.654846,0.379625,3.47922,1.20635,-2.29622,2.77921
2.06256,-3.57587,4.03221,-0.65455,0.655797,0.376156,3.48279,1.21391,-2.30168,2.78661
2.05157,-3.60464,4.09986,-0.654333,0.656701,0.374957,3.48268,1.21415,-2.30407,2.78856
2.05528,-3.60024,4.16334,-0.653962,0.657509,0.374185,3.47676,1.20729,-2.30786,2.7835
1.95962,-3.60877,4.13856,-0.654461,0.657646,0.373071,3.49067,1.2245,-2.30463,2.80015
1.90326,-3.63657,4.14934,-0.654632,0.65798,0.372183,3.49983,1.23562,-2.30267,2.81152
1.91593,-3.62397,4.25134,-0.65452,0.660047,0.368702,3.48917,1.22558,-2.31372,2.80479
1.84771,-3.67483,4.24901,-0.652279,0.661161,0.370672,3.49917,1.23227,-2.30587,2.81659
1.8639,-3.69994,4.31485,-0.651082,0.66186,0.371528,3.49266,1.22257,-2.30684,2.80979
1.87584,-3.69249,4.43958,-0.651551,0.663376,0.367987,3.48141,1.21267,-2.31819,2.80145
1.86485,-3.69052,4.54702,-0.650535,0.665721,0.365539,3.47143,1.20111,-2.32686,2.79498
1.70837,-3.72082,4.51585,-0.650437,0.666757,0.363823,3.48948,1.22294,-2.32306,2.81852
1.55654,-3.7822,4.44841,-0.650153,0.667176,0.363562,3.51382,1.25035,-2.31341,2.84699
1.49064,-3.84877,4.40809,-0.649036,0.667142,0.365614,3.52605,1.26083,-2.30421,2.85914
1.45438,-3.8804,4.49016,-0.650062,0.668464,0.361351,3.52522,1.26459,-2.31265,2.8633
1.45201,-3.88802,4.59377,-0.64891,0.671522,0.357734,3.5132,1.25208,-2.32476,2.85712
1.46899,-3.84142,4.75717,-0.647692,0.676156,0.351154,3.49016,1.22868,-2.34712,2.84247
1.4738,-3.85771,4.8153,-0.647583,0.675918,0.351811,3.48142,1.21773,-2.34949,2.83133
1.39462,-3.85668,4.92145,-0.649796,0.67714,0.345322,3.48009,1.22432,-2.36246,2.83633
1.30577,-3.90022,4.94257,-0.649892,0.677679,0.344081,3.48601,1.2325,-2.36235,2.84515
1.30742,-3.90968,4.97158,-0.647792,0.678717,0.345991,3.47588,1.2158,-2.36293,2.83321
1.2209,-3.92131,4.96902,-0.646766,0.679669,0.346039,3.4792,1.21824,-2.36146,2.83863
1.10621,-3.91942,4.91861,-0.648797,0.678417,0.344692,3.49042,1.23564,-2.35931,2.85107
1.03529,-3.98913,4.79723,-0.647538,0.676376,0.351013,3.50574,1.24669,-2.34073,2.86104
1.02924,-4.0179,4.7935,-0.643346,0.678158,0.355256,3.50199,1.23289,-2.33429,2.85636
0.894239,-3.99122,4.84576,-0.64525,0.680482,0.347271,3.51095,1.25235,-2.34549,2.87629
0.815185,-4.03876,4.79128,-0.644384,0.680301,0.349229,3.52304,1.26332,-2.3364,2.88833
0.828918,-4.03032,4.78298,-0.641607,0.681563,0.35187,3.51467,1.24753,-2.3352,2.8787
0.796692,-4.0246,4.81332,-0.640426,0.683339,0.350575,3.51233,1.24417,-2.33867,2.87977
0.657566,-4.06658,4.88755,-0.643894,0.68378,0.343287,3.52701,1.27223,-2.34563,2.9031
0.557244,-4.19656,4.83126,-0.643525,0.682194,0.347111,3.54755,1.29144,-2.3289,2.92056
0.481987,-4.17418,4.74003,-0.642319,0.683588,0.346604,3.55199,1.29506,-2.32769,2.92808
0.355534,-4.06235,4.80865,-0.645922,0.687395,0.332073,3.54848,1.3102,-2.35578,2.94318
0.319842,-4.02884,4.82638,-0.645067,0.689709,0.328923,3.54291,1.30578,-2.36423,2.94344
0.274575,-4.01454,4.90104,-0.64463,0.69207,0.324794,3.5376,1.30327,-2.3743,2.94502
0.112085,-3.98311,4.97558,-0.645319,0.696285,0.314248,3.54499,1.32429,-2.38935,2.97103
0.0379614,-4.06261,4.91316,-0.643349,0.696522,0.317741,3.55938,1.33408,-2.37569,2.98421
-0.0121666,-4.09484,4.80766,-0.638651,0.69862,0.322576,3.56572,1.32913,-2.36386,2.98955
-0.0421161,-4.07237,4.81115,-0.636577,0.701283,0.320892,3.56198,1.32381,-2.36879,2.99126
-0.162032,-4.1191,4.79644,-0.636005,0.703021,0.318212,3.57889,1.34496,-2.36444,3.01577
-0.2217,-4.12832,4.75723,-0.632379,0.70649,0.317757,3.58272,1.34458,-2.36314,3.02597
-0.275436,-4.12605,4.76661,-0.630614,0.709429,0.314701,3.58437,1.34752,-2.36748,3.03581
-0.347637,-4.17935,4.7513,-0.628767,0.711176,0.314453,3.59486,1.35671,-2.36206,3.05036
-0.265387,-4.26701,4.59114,-0.618433,0.712726,0.331002,3.58968,1.3176,-2.33639,3.02983
-0.321265,-4.22172,4.59827,-0.61492,0.717834,0.326479,3.5876,1.31543,-2.34539,3.04036
-0.49967,-4.26716,4.69723,-0.616827,0.721237,0.315184,3.60773,1.35304,-2.35354,3.07958
-0.537413,-4.29126,4.70138,-0.612935,0.724973,0.314207,3.60585,1.34684,-2.35626,3.08473
-0.591354,-4.2784,4.62794,-0.60869,0.728558,0.314165,3.60786,1.34322,-2.35518,3.09281
-0.655735,-4.33253,4.5611,-0.606327,0.729748,0.315966,3.61956,1.35015,-2.34542,3.10518
-0.683279,-4.43245,4.48025,-0.602205,0.730759,0.321468,3.62958,1.34821,-2.33043,3.1113
-0.784693,-4.35679,4.51775,-0.600652,0.737428,0.308897,3.62529,1.35741,-2.35377,3.13193
-0.911589,-4.34053,4.46895,-0.596563,0.743185,0.302965,3.63521,1.37011,-2.35747,-3.12427
-0.958858,-4.35905,4.47956,-0.593631,0.746643,0.300211,3.63483,1.36953,-2.36214,-3.11551
-1.0506,-4.40104,4.43812,-0.588811,0.751098,0.298586,3.64282,1.37362,-2.3598,-3.09771
-1.05821,-4.31,4.35831,-0.581544,0.757215,0.297376,3.63094,1.35335,-2.36907,-3.09809
-1.15072,-4.36214,4.33736,-0.57917,0.759607,0.295903,3.6443,1.36616,-2.36314,-3.07829
-1.26428,-4.43692,4.29009,-0.575603,0.762796,0.294659,3.66048,1.37969,-2.35484,-3.05477
-1.28379,-4.37105,4.19487,-0.568773,0.768301,0.293618,3.65445,1.3662,-2.36031,-3.04992
-1.30324,-4.3584,4.12144,-0.56155,0.772973,0.295253,3.65294,1.35292,-2.35872,-3.04523
-1.37537,-4.35861,4.10857,-0.557233,0.777562,0.291357,3.65879,1.35896,-2.36105,-3.02624
-1.45632,-4.3824,4.08879,-0.552414,0.7821,0.288371,3.66632,1.36479,-2.36077,-3.00672
-1.46542,-4.31819,4.01852,-0.545197,0.787455,0.287535,3.66041,1.35095,-2.36589,-3.0018
-1.52943,-4.29025,4.01696,-0.539147,0.793043,0.283554,3.66355,1.35254,-2.36992,-2.98319
-1.60757,-4.36898,3.98583,-0.535359,0.794977,0.285311,3.67999,1.36129,-2.35639,-2.96564
-1.69376,-4.42622,3.95087,-0.530866,0.7983,0.284426,3.69313,1.36969,-2.34889,-2.94559
-1.70763,-4.38818,3.88384,-0.523794,0.803167,0.283835,3.69016,1.35894,-2.35177,-2.93844
-1.74049,-4.39571,3.88335,-0.517074,0.80824,0.28175,3.68939,1.35313,-2.35537,-2.92674
-1.75983,-4.47956,3.8454,-0.511717,0.810489,0.285048,3.69642,1.34805,-2.34574,-2.91988
-1.813,-4.4541,3.78813,-0.503894,0.816827,0.280864,3.70107,1.34943,-2.3487,-2.89766
-1.91112,-4.40155,3.80503,-0.494511,0.826149,0.27007,3.70502,1.35933,-2.36147,-2.86101
-1.93017,-4.46218,3.75098,-0.489315,0.828521,0.272257,3.71467,1.35834,-2.35157,-2.85019
-1.92257,-4.54726,3.61891,-0.486837,0.827833,0.278717,3.72904,1.35787,-2.3323,-2.84695
-1.9867,-4.43829,3.59875,-0.477635,0.836658,0.268084,3.72635,1.36192,-2.34907,-2.81715
-2.12022,-4.3525,3.63845,-0.46852,0.846494,0.252859,3.73342,1.38389,-2.36445,-2.76873
-2.2707,-4.29344,3.64333,-0.458828,0.855352,0.240519,3.75026,1.40964,-2.36757,-2.71667
-2.27511,-4.26592,3.59506,-0.451663,0.85947,0.2394,3.75617,1.40834,-2.36439,-2.70095
-2.24225,-4.2867,3.54521,-0.44623,0.86119,0.243373,3.75657,1.39496,-2.35913,-2.70277
-2.33463,-4.19873,3.54299,-0.436771,0.868789,0.233315,3.76349,1.40867,-2.36612,-2.66459
-2.37671,-4.1353,3.55852,-0.430042,0.873837,0.226877,3.76497,1.41461,-2.37265,-2.64165
-2.38995,-4.15399,3.57311,-0.426356,0.87557,0.227153,3.76312,1.40836,-2.3738,-2.63954
-2.45065,-4.10764,3.58091,-0.420622,0.879699,0.221824,3.76455,1.41351,-2.37891,-2.6201
-2.53725,-4.0773,3.61986,-0.416621,0.883307,0.214934,3.76658,1.42448,-2.38519,-2.59855
-2.57904,-4.05162,3.66147,-0.411785,0.886317,0.21184,3.75976,1.41998,-2.39425,-2.59148
-2.57042,-4.00371,3.7146,-0.408046,0.888592,0.209531,3.74555,1.40916,-2.40842,-2.5934
-2.61135,-3.9884,3.71583,-0.40506,0.889995,0.209372,3.7459,1.40642,-2.40831,-2.58939
-2.65061,-3.97433,3.76162,-0.40316,0.891187,0.207962,3.73957,1.40208,-2.41506,-2.58918
-2.65124,-3.93693,3.71666,-0.401043,0.891645,0.21008,3.73964,1.39527,-2.41258,-2.59166
-2.75665,-3.88084,3.66037,-0.399706,0.893506,0.204654,3.75609,1.41859,-2.40529,-2.56429
-2.77052,-3.86596,3.61177,-0.396927,0.894279,0.206673,3.75871,1.41327,-2.4009,-2.56378
-2.78214,-3.85766,3.60552,-0.39337,0.89573,0.20719,3.7581,1.40772,-2.40082,-2.56148
-2.80666,-3.84947,3.62322,-0.390512,0.897299,0.205803,3.75666,1.40633,-2.40355,-2.55623
-2.8256,-3.82886,3.6306,-0.387788,0.898933,0.203813,3.75606,1.40706,-2.40625,-2.54906
-2.86922,-3.79473,3.65733,-0.385996,0.90089,0.198504,3.75726,1.41747,-2.41105,-2.53372
-2.87582,-3.78672,3.68433,-0.383283,0.902285,0.197422,3.75226,1.41292,-2.41638,-2.53206
-3.01368,-3.77262,3.68521,-0.379011,0.905475,0.190959,3.7712,1.43683,-2.40733,-2.49759
-2.99436,-3.73368,3.70937,-0.378418,0.906517,0.187152,3.76876,1.44282,-2.4133,-2.48968
-3.1776,-3.82786,3.72278,-0.374351,0.908295,0.186713,3.79645,1.4591,-2.39003,-2.46435
-3.19187,-3.74877,3.81286,-0.373085,0.910704,0.177275,3.79313,1.47633,-2.40199,-2.44289
-3.06608,-3.84341,3.7823,-0.380464,0.906135,0.184842,3.78812,1.46414,-2.39904,-2.4725
-2.99642,-3.75187,3.76124,-0.380378,0.907054,0.180458,3.77648,1.46561,-2.41337,-2.47014
-3.21094,-4.09706,3.85359,-0.37695,0.904845,0.197901,3.80353,1.44298,-2.37279,-2.48807
-3.31316,-4.30655,3.97292,-0.375867,0.902795,0.20901,3.81544,1.42732,-2.35125,-2.50329
-3.08297,-3.90643,3.8799,-0.381133,0.903865,0.194335,3.80146,1.45368,-2.37817,-2.48601
-3.0046,-3.74968,3.85656,-0.386282,0.903842,0.183998,3.79483,1.4771,-2.39407,-2.47226
-3.01858,-3.7894,3.88102,-0.386889,0.903169,0.186019,3.79591,1.47409,-2.39117,-2.47694
-3.07165,-3.94363,3.8947,-0.391355,0.900094,0.191501,3.80697,1.47485,-2.37627,-2.48701
-3.06075,-3.86823,3.87651,-0.387476,0.90289,0.186149,3.79896,1.47656,-2.38842,-2.47579
-3.1893,-3.82201,3.83791,-0.380927,0.90726,0.178255,3.82126,1.50132,-2.37646,-2.4353
-3.07981,-3.94763,3.86531,-0.387293,0.902807,0.186931,3.81198,1.48352,-2.37641,-2.46856
-3.06149,-3.81686,3.859,-0.385656,0.905553,0.176755,3.80193,1.49724,-2.3948,-2.44958
-3.03933,-3.81153,3.83586,-0.385109,0.905727,0.177056,3.80248,1.49633,-2.39404,-2.44933
-3.02797,-3.80591,3.8717,-0.384554,0.905966,0.177045,3.79804,1.49278,-2.39792,-2.45165
-3.09392,-3.93623,3.92237,-0.385814,0.903987,0.184272,3.80639,1.48386,-2.38381,-2.4645
-3.19578,-3.76682,3.93387,-0.388549,0.906262,0.166491,3.81618,1.53259,-2.39146,-2.41907
-3.28986,-3.73815,3.93233,-0.392712,0.905813,0.158999,3.82318,1.5584,-2.39155,-2.40137
-3.02899,-3.87517,4.01771,-0.39161,0.901842,0.182543,3.78099,1.47654,-2.40743,-2.48438
-3.22727,-3.69953,4.06469,-0.393654,0.905076,0.16085,3.79585,1.5384,-2.41448,-2.42372
-3.10405,-3.7834,4.01308,-0.393234,0.902401,0.176177,3.78421,1.49493,-2.4108,-2.46857
-3.09515,-3.81943,3.99087,-0.395535,0.900406,0.181167,3.78745,1.48851,-2.4032,-2.4809
-3.16494,-3.73031,3.9295,-0.398892,0.90059,0.172692,3.80241,1.5213,-2.39813,-2.4542
-3.16503,-3.7302,3.92959,-0.39889,0.900593,0.172681,3.8024,1.52132,-2.39814,-2.45417
-3.16511,-3.73009,3.92968,-0.398889,0.900596,0.172671,3.8024,1.52134,-2.39815,-2.45415
-3.16519,-3.72998,3.92977,-0.398887,0.900598,0.172661,3.80239,1.52136,-2.39817,-2.45413
-3.16527,-3.72987,3.92986,-0.398886,0.900601,0.172651,3.80238,1.52137,-2.39818,-2.4541
-3.16535,-3.72976,3.92995,-0.398884,0.900604,0.17264,3.80238,1.52139,-2.3982,-2.45408
