257.279,72.5397,206.373,0.947051,0.0865358,-0.309203,3.04978,1.80941,-2.50643,1.62717
258.598,73.0475,201.228,0.943793,0.0866266,-0.318984,3.05283,1.80065,-2.48645,1.6176
254.942,74.5282,202.589,0.94383,0.0903134,-0.317848,3.05557,1.80079,-2.48918,1.60999
250.49,77.7886,203.821,0.94418,0.0943951,-0.315618,3.05098,1.81311,-2.49324,1.61382
245.779,81.1967,209.635,0.946088,0.100431,-0.307945,3.04774,1.82788,-2.50876,1.61637
235.643,87.85,214.667,0.94914,0.110341,-0.294887,3.03253,1.86957,-2.53336,1.6381
239.379,89.8125,211.585,0.946495,0.111894,-0.302701,3.03111,1.86915,-2.51701,1.6338
242.089,91.6407,214.881,0.945284,0.115826,-0.304996,3.03264,1.86964,-2.51253,1.62579
230.586,94.1636,215.826,0.946965,0.125959,-0.295621,3.02466,1.8985,-2.53044,1.63402
227.836,97.9502,216.258,0.946856,0.131348,-0.293617,3.01435,1.9223,-2.53254,1.64662
230.705,100,212.563,0.943575,0.134572,-0.302583,3.01093,1.92541,-2.51349,1.64208
225.743,102.808,215.223,0.944538,0.139793,-0.297162,3.00291,1.94733,-2.5229,1.65346
228.579,106.491,212.272,0.941518,0.142028,-0.305568,2.99325,1.95906,-2.50361,1.65962
227.299,103.49,207.764,0.938868,0.144524,-0.312474,3.00222,1.9433,-2.49141,1.63783
218.106,108.904,209.968,0.940576,0.151684,-0.303824,2.98612,1.98166,-2.50552,1.66188
221.08,109.646,207.511,0.937791,0.152715,-0.31181,2.9895,1.97188,-2.49001,1.64902
226.939,107.074,205.655,0.933699,0.153235,-0.323613,3.00628,1.93987,-2.46925,1.61453
219.271,111.377,206.722,0.934111,0.159642,-0.319298,2.99445,1.96692,-2.47574,1.62838
214.062,116.392,210.648,0.935312,0.164689,-0.31316,2.98177,1.99544,-2.48548,1.64685
209.747,120.015,212.855,0.935713,0.169592,-0.309322,2.97204,2.0182,-2.49091,1.65961
206.362,121.555,213.602,0.935409,0.174156,-0.307699,2.96838,2.02989,-2.49327,1.66174
205.951,122.413,212.064,0.933284,0.178586,-0.311591,2.96945,2.03001,-2.48566,1.65187
196.811,122.607,217.406,0.936459,0.184295,-0.298461,2.96881,2.04753,-2.51202,1.65889
196.204,126.036,214.974,0.935019,0.186164,-0.3018,2.95986,2.06053,-2.50288,1.66747
194.031,129.042,215.397,0.935155,0.188228,-0.300093,2.95267,2.07524,-2.50428,1.67799
194.97,130.521,212.015,0.933273,0.188658,-0.30563,2.95022,2.07455,-2.49249,1.67563
193.486,132.125,211.358,0.932904,0.189883,-0.305996,2.9457,2.08231,-2.49046,1.68072
191.084,136.247,214.94,0.934401,0.192048,-0.300022,2.93671,2.10361,-2.49966,1.6982
187.475,138.398,215.208,0.93534,0.19411,-0.295737,2.93173,2.11754,-2.50657,1.70829
187.43,141.968,213.95,0.934331,0.195515,-0.297993,2.92708,2.1238,-2.50062,1.71124
188.274,140.688,209.955,0.932282,0.196753,-0.303542,2.93556,2.10706,-2.49232,1.69107
184.748,141.357,211.301,0.93355,0.198691,-0.298338,2.93539,2.11433,-2.50259,1.69492
184.428,141.518,209.861,0.933201,0.198176,-0.29977,2.93715,2.10975,-2.5003,1.69124
184.95,140.652,208.389,0.932332,0.198043,-0.302549,2.94132,2.10074,-2.49604,1.68212
189.136,139.373,206.28,0.929273,0.198379,-0.311605,2.95096,2.07882,-2.4807,1.65818
181.298,140.285,209.093,0.931376,0.202954,-0.30224,2.94633,2.09872,-2.49815,1.66961
178.146,141.001,209.202,0.931685,0.204859,-0.299992,2.94482,2.1051,-2.50218,1.67223
180.692,141.929,207.192,0.929957,0.20296,-0.306574,2.94504,2.09683,-2.48911,1.66707
180.188,143.517,208.285,0.929396,0.203845,-0.307685,2.94232,2.10086,-2.48609,1.66903
170.77,143.857,207.017,0.930736,0.208563,-0.300387,2.93122,2.12922,-2.49722,1.68834
169.768,145.804,206.256,0.930244,0.209072,-0.301555,2.9278,2.13374,-2.49383,1.69158
181.844,140.303,204.826,0.92432,0.20704,-0.320572,2.96595,2.0592,-2.46652,1.61849
166.576,143.308,207.659,0.928395,0.213474,-0.304157,2.94654,2.10803,-2.49438,1.65601
158.369,146.887,207.23,0.930312,0.215793,-0.296567,2.92718,2.14683,-2.50346,1.69098
164.283,152.795,209.51,0.928137,0.214268,-0.304387,2.91893,2.14966,-2.48536,1.69589
152.497,150.351,206.351,0.929419,0.219661,-0.29653,2.90848,2.17894,-2.49721,1.71478
150.876,151.524,202.141,0.927511,0.222959,-0.300021,2.90206,2.18817,-2.48815,1.71635
153.188,148.181,205.073,0.926454,0.225298,-0.301536,2.9238,2.15718,-2.49257,1.68008
154.257,148.866,205.834,0.924873,0.226006,-0.30583,2.92749,2.14836,-2.48527,1.66903
143.753,150.639,206.113,0.926306,0.233226,-0.295911,2.91252,2.18824,-2.49982,1.69493
144.072,151.377,207.236,0.924268,0.237924,-0.298531,2.91715,2.1837,-2.49628,1.6798
141.808,154.883,207.584,0.923014,0.24209,-0.29906,2.90662,2.20321,-2.49163,1.6902
134.378,154.865,205.97,0.922889,0.249054,-0.29368,2.89764,2.22981,-2.49884,1.70264
130.074,156.568,208.724,0.924606,0.251629,-0.285983,2.89082,2.25165,-2.51105,1.72022
123.448,164.872,219.025,0.928786,0.254474,-0.269445,2.86832,2.31006,-2.53288,1.77522
122.574,165.13,217.788,0.927037,0.25768,-0.272404,2.86444,2.31512,-2.52571,1.77288
121.168,159.816,204.506,0.918323,0.26495,-0.294083,2.87825,2.27482,-2.49069,1.71305
117.809,163.94,205.145,0.917115,0.270809,-0.292512,2.8662,2.30034,-2.48884,1.72609
117.37,162.319,207.199,0.916347,0.274285,-0.291677,2.87136,2.29777,-2.49252,1.7161
120.995,154.493,210.504,0.915834,0.275357,-0.292279,2.89755,2.26012,-2.50151,1.67599
118.849,154.942,210.403,0.914908,0.279774,-0.290982,2.89461,2.27075,-2.50291,1.67722
115.183,159.193,209.462,0.913707,0.285044,-0.289636,2.8776,2.303,-2.4989,1.69821
113.252,160.002,210.535,0.913176,0.288477,-0.287907,2.87376,2.31445,-2.50063,1.70248
111.767,160.564,210.102,0.91219,0.291397,-0.288091,2.87109,2.32128,-2.4992,1.70288
112.751,162.739,213.964,0.912534,0.291652,-0.286743,2.86884,2.32651,-2.50081,1.70782
114.939,151.609,215.466,0.913167,0.288625,-0.287788,2.89992,2.2762,-2.51104,1.66393
113.102,151.276,217.777,0.913532,0.29012,-0.285114,2.90188,2.27797,-2.51691,1.66296
111.484,152.053,213.993,0.911999,0.292028,-0.288057,2.89669,2.28445,-2.50931,1.66467
110.887,152.435,215.28,0.911795,0.29397,-0.286724,2.89789,2.28632,-2.51233,1.66255
109.382,154.747,216.113,0.911614,0.296017,-0.285192,2.89183,2.29942,-2.51295,1.67147
111.685,153.026,216.163,0.910825,0.296225,-0.287486,2.89936,2.28572,-2.51141,1.65685
111.767,154.607,220.032,0.91111,0.298848,-0.283846,2.90081,2.29063,-2.51895,1.65673
110.835,154.504,215.144,0.909643,0.300015,-0.287301,2.89651,2.29436,-2.5107,1.6572
109.446,158.872,217.648,0.909588,0.303324,-0.283981,2.88851,2.31385,-2.51397,1.6701
110.35,160.825,216.167,0.908527,0.305016,-0.285558,2.88757,2.31521,-2.51059,1.66741
108.746,157.148,215.973,0.909265,0.304665,-0.283576,2.89476,2.30646,-2.51716,1.65984
106.952,158.231,214.643,0.908421,0.306433,-0.284377,2.89103,2.31304,-2.5142,1.66236
104.662,161.099,213.522,0.90774,0.308773,-0.284018,2.88403,2.32647,-2.51213,1.67071
107.288,160.678,215.61,0.907135,0.309225,-0.285457,2.89384,2.31064,-2.51322,1.65358
104.731,170.275,216.108,0.905749,0.313091,-0.285646,2.87014,2.34958,-2.50341,1.68396
101.612,163.779,214.736,0.905596,0.314246,-0.284859,2.87965,2.33794,-2.50878,1.66993
111.153,164.843,229.204,0.906101,0.317153,-0.279991,2.90607,2.30728,-2.52832,1.63389
97.6102,182.464,218.384,0.903992,0.330331,-0.271441,2.82212,2.45679,-2.50777,1.75611
95.3376,182.922,216.213,0.901205,0.337534,-0.271846,2.81453,2.4747,-2.50329,1.75797
96.1099,181.488,216.047,0.89809,0.344025,-0.27401,2.8208,2.46997,-2.50253,1.73833
98.3823,179.049,217.905,0.895238,0.350115,-0.275623,2.83514,2.45433,-2.50649,1.70874
96.8568,179.55,217.198,0.893409,0.355836,-0.274227,2.83153,2.46783,-2.50732,1.70977
92.0965,183.49,211.678,0.890646,0.362776,-0.274124,2.80928,2.50663,-2.49661,1.73304
88.0526,183.386,205.969,0.888529,0.36782,-0.274269,2.79813,2.52716,-2.4907,1.74218
88.8609,183.306,208.404,0.886849,0.371039,-0.27537,2.80801,2.51579,-2.49377,1.7233
85.161,186,206.869,0.885222,0.375099,-0.275106,2.79739,2.53509,-2.48885,1.73349
80.6735,188.606,205.146,0.883809,0.379602,-0.273467,2.78616,2.55761,-2.48586,1.74625
73.9831,176.164,203.614,0.886507,0.373987,-0.272468,2.81935,2.50787,-2.50457,1.70944
72.4745,194.777,200.025,0.880467,0.387752,-0.272812,2.75952,2.60231,-2.47254,1.77264
67.0713,187.95,199.67,0.881585,0.385103,-0.272953,2.79082,2.55848,-2.48921,1.73478
65.763,182.604,201.522,0.882072,0.38718,-0.268403,2.80609,2.54726,-2.5051,1.72002
67.7062,196.217,198.898,0.875256,0.400645,-0.270945,2.76425,2.61397,-2.47833,1.75542
64.3127,200.922,196.544,0.872887,0.40564,-0.271153,2.74872,2.63894,-2.46925,1.7689
63.0162,201.762,196.342,0.870598,0.410923,-0.270558,2.75087,2.64329,-2.47147,1.76129
61.8462,201.929,194.569,0.868772,0.414623,-0.270781,2.7503,2.64789,-2.47077,1.75732
56.2863,202.751,197.454,0.867708,0.422646,-0.261636,2.74845,2.67465,-2.48492,1.76813
57.3781,203.928,198.83,0.865129,0.426983,-0.263131,2.75504,2.6688,-2.48626,1.75185
55.3868,207.61,195.375,0.861471,0.43292,-0.26542,2.74196,2.68825,-2.47488,1.7569
50.8691,210.728,188.546,0.858373,0.43835,-0.266541,2.71951,2.71997,-2.4597,1.77566
48.3379,213.828,186.395,0.855784,0.443422,-0.266478,2.71152,2.73546,-2.45495,1.77934
47.4759,214.133,185.367,0.853055,0.448444,-0.266826,2.71554,2.736,-2.45684,1.76802
44.628,213.348,184.397,0.852286,0.451906,-0.263418,2.71628,2.74496,-2.46277,1.76989
43.336,213.789,183.941,0.850511,0.455275,-0.263355,2.71888,2.74593,-2.46446,1.76297
40.8143,213.527,186.06,0.849951,0.459068,-0.258533,2.72363,2.75302,-2.4751,1.76258
38.6738,215.358,184.544,0.847626,0.46306,-0.259046,2.71744,2.76426,-2.47047,1.76426
36.964,216.779,184.461,0.845493,0.467213,-0.258559,2.71515,2.77275,-2.46983,1.76309
33.9091,220.306,184.368,0.842147,0.473672,-0.257727,2.70709,2.79139,-2.46611,1.76668
32.3297,222.539,184.238,0.83856,0.479839,-0.258015,2.70521,2.80043,-2.46447,1.76095
31.5256,222.717,183.842,0.83585,0.484542,-0.258019,2.70677,2.80421,-2.46545,1.75349
28.7326,225.777,184.495,0.832547,0.491072,-0.256348,2.70148,2.82115,-2.46473,1.75532
27.7416,228.392,184.175,0.82946,0.495957,-0.256949,2.69857,2.82935,-2.46194,1.75156
25.9525,228.331,181.664,0.827113,0.499986,-0.256704,2.69352,2.84046,-2.45909,1.75302
23.1633,232.579,179.606,0.823893,0.504819,-0.257601,2.68115,2.85875,-2.44971,1.75931
20.9727,237.971,180.839,0.820478,0.510725,-0.256859,2.67625,2.87271,-2.44765,1.75915
19.9213,238.837,179.537,0.818248,0.514654,-0.256128,2.67531,2.87984,-2.44814,1.75694
17.9677,241.594,180.982,0.816224,0.519421,-0.252943,2.67432,2.89246,-2.45231,1.75899
19.4584,246.927,181.307,0.81231,0.523553,-0.256993,2.6747,2.88991,-2.44643,1.74487
16.4688,251.035,176.962,0.809279,0.528309,-0.25682,2.65906,2.91315,-2.43633,1.75645
16.0379,248.674,173.428,0.806854,0.532096,-0.256635,2.66076,2.91633,-2.43774,1.75032
13.5311,252.256,162.334,0.802618,0.534877,-0.264028,2.63421,2.93494,-2.40891,1.75929
12.6726,250.165,163.034,0.80287,0.536849,-0.259217,2.64398,2.93556,-2.42262,1.75679
10.1808,247.374,171.551,0.804599,0.540303,-0.246359,2.66579,2.93964,-2.45638,1.75693
8.75394,252.339,164.1,0.800578,0.541987,-0.255589,2.64682,2.94536,-2.4299,1.75512
6.82452,254.514,160.298,0.79757,0.544918,-0.258741,2.64032,2.95029,-2.42085,1.75153
5.3235,256.48,157.61,0.795505,0.547205,-0.260268,2.63675,2.95421,-2.41617,1.74913
2.57787,255.985,159.7,0.79415,0.55161,-0.255053,2.64439,2.96093,-2.42903,1.74675
0.463991,257.655,160.131,0.791549,0.555559,-0.254568,2.64721,2.9638,-2.43167,1.73985
-1.49531,258.741,157.806,0.78865,0.558913,-0.256218,2.64529,2.96716,-2.42794,1.73408
-3.9956,260.531,155.906,0.784648,0.563795,-0.257804,2.64212,2.97391,-2.42345,1.72779
-8.63218,262.071,157.023,0.784356,0.566926,-0.251757,2.63377,2.99723,-2.42651,1.74551
-10.0847,261.95,157.108,0.783061,0.56867,-0.251851,2.63733,2.99561,-2.42884,1.7394
-11.4918,261.502,152.04,0.778914,0.571528,-0.258164,2.63478,2.99078,-2.41792,1.72474
-7.70887,260.633,146.563,0.778095,0.566349,-0.271692,2.63858,2.95749,-2.40037,1.69913
-8.64502,261.167,146.423,0.776676,0.567522,-0.273301,2.63489,2.96021,-2.3955,1.69814
-10.4184,258.21,150.188,0.775932,0.572177,-0.2656,2.64981,2.96327,-2.41699,1.69249
-12.1254,258.589,151.582,0.774312,0.575629,-0.262854,2.65186,2.97017,-2.42249,1.69163
-13.5805,258.596,150.088,0.772913,0.576669,-0.264684,2.64894,2.97153,-2.41779,1.68953
-13.122,256.396,149.695,0.770585,0.579204,-0.265935,2.66193,2.95885,-2.42445,1.66975
-14.352,256.342,150.699,0.770525,0.581031,-0.262094,2.66494,2.96439,-2.43227,1.67219
-16.0431,259.383,147.05,0.771355,0.577266,-0.26791,2.64449,2.97162,-2.40999,1.68669
-17.3071,256.728,146.663,0.771386,0.576947,-0.268506,2.64971,2.96473,-2.41254,1.68037
-17.9819,252.282,149.148,0.76998,0.581319,-0.263058,2.67122,2.95628,-2.4349,1.66292
-19.5285,251.02,148.467,0.76855,0.584185,-0.260881,2.67392,2.96071,-2.44,1.66082
-22.5057,249.506,150.023,0.769411,0.586576,-0.252855,2.6754,2.97608,-2.45315,1.67334
-24.2581,248.613,148.543,0.769222,0.58694,-0.252584,2.67258,2.98016,-2.45169,1.67658
-27.0035,247.307,149.735,0.76843,0.589988,-0.247851,2.67535,2.98953,-2.46062,1.67996
-28.0906,246.931,148.697,0.767614,0.590102,-0.250099,2.6755,2.98546,-2.45736,1.67468
-29.9126,244.715,148.858,0.767931,0.590446,-0.248306,2.67968,2.98447,-2.46283,1.67352
-32.3883,240.932,150.884,0.769025,0.592205,-0.240611,2.69068,2.98848,-2.48168,1.67603
-32.1287,241.498,146.689,0.766823,0.591053,-0.250278,2.68531,2.97538,-2.46359,1.66204
-35.0386,238.915,149.418,0.767463,0.593206,-0.243118,2.69209,2.98348,-2.47888,1.66743
-37.187,235.82,150.764,0.767647,0.595009,-0.238079,2.70299,2.98262,-2.49369,1.66386
-34.0744,239.311,142.434,0.763931,0.589517,-0.262447,2.68786,2.94945,-2.44655,1.63497
-34.9686,238.506,141.853,0.763266,0.588355,-0.266953,2.6848,2.94392,-2.43758,1.63051
-37.8305,234.931,145.624,0.764332,0.590464,-0.25913,2.6943,2.94894,-2.45582,1.63342
-41.1433,231.53,149.445,0.766278,0.591914,-0.249912,2.704,2.95563,-2.47632,1.6402
-39.6048,232.542,144.733,0.764808,0.586923,-0.265688,2.69842,2.92865,-2.44813,1.61954
-41.2167,230.094,145.114,0.764918,0.586504,-0.266297,2.70203,2.92294,-2.4494,1.61466
-43.5144,226.784,146.678,0.765938,0.586963,-0.262324,2.70834,2.92272,-2.45962,1.61498
-44.2353,224.546,146.547,0.765755,0.586519,-0.263848,2.71273,2.91445,-2.45991,1.60721
-46.2917,222.268,148.085,0.765626,0.588359,-0.260098,2.71466,2.9208,-2.46708,1.61037
-49.2115,219.158,149.844,0.765934,0.591174,-0.252702,2.71688,2.93448,-2.48016,1.61982
-50.6302,217.143,150.884,0.765831,0.592769,-0.249254,2.72034,2.93847,-2.48775,1.62108
-51.3088,216.526,150.899,0.764897,0.59351,-0.250358,2.71865,2.93952,-2.48495,1.61974
-53.1231,215.213,152.089,0.764199,0.59586,-0.246882,2.71722,2.95052,-2.48948,1.62602
-54.1086,214.689,152.651,0.762918,0.597582,-0.246683,2.71391,2.9571,-2.48767,1.62817
-56.1199,212.175,155.53,0.762015,0.601789,-0.23913,2.71806,2.97154,-2.50198,1.63464
-58.304,209.196,157.434,0.760129,0.607289,-0.231093,2.72213,2.98924,-2.51688,1.64107
-60.0731,208.058,159.19,0.758066,0.611964,-0.225468,2.72017,3.009,-2.52402,1.65068
-60.4089,206.478,158.205,0.754098,0.616955,-0.225172,2.72058,3.01569,-2.52473,1.64429
-60.7852,205.795,157.146,0.749507,0.622598,-0.224969,2.71975,3.02462,-2.52448,1.63829
-61.794,209.166,156.087,0.74456,0.626612,-0.230191,2.70019,3.04295,-2.50354,1.64377
-61.9631,207.498,155.669,0.738015,0.633745,-0.231734,2.70332,3.04588,-2.50337,1.62682
-61.9626,206.453,154.69,0.730601,0.641785,-0.233096,2.70887,3.04762,-2.50507,1.60608
-63.5059,206.696,154.471,0.726719,0.647228,-0.230163,2.70531,3.06501,-2.50704,1.60979
-68.1669,206.198,155.801,0.72532,0.652688,-0.218879,2.69201,3.11078,-2.51422,1.6453
-69.1898,205.931,156.39,0.720993,0.658114,-0.216924,2.69006,3.12459,-2.5156,1.64492
-70.0988,205.717,156.907,0.716417,0.663629,-0.215274,2.68804,3.13804,-2.51648,1.6437
-71.8625,207.225,157.193,0.712892,0.667398,-0.215324,2.67442,0.0168837,2.50662,-1.48802
-73.0569,206.003,157.82,0.709053,0.672361,-0.212541,2.67273,0.0316096,2.50919,-1.48608
-73.3664,205.16,158.257,0.704316,0.677858,-0.210825,2.67479,0.0407742,2.51303,-1.49174
-75.9349,204.821,159.308,0.700973,0.683334,-0.204187,2.66697,0.0715369,2.51612,-1.47378
-75.8505,205.783,157.652,0.696158,0.686939,-0.208516,2.65956,0.0752051,2.50487,-1.48226
-76.4256,206.421,157.08,0.691428,0.691079,-0.210566,2.65385,0.0828365,2.4979,-1.48745
-77.0853,206.257,157.173,0.686655,0.69584,-0.210505,2.65258,0.0912086,2.49704,-1.49288
-78.0321,206.218,157.207,0.682416,0.700214,-0.209782,2.65047,0.101342,2.49641,-1.4952
-79.353,206.75,157.232,0.678668,0.703981,-0.209334,2.64517,0.113319,2.49301,-1.49409
-80.4481,207.065,157.38,0.674094,0.708431,-0.209101,2.64262,0.123018,2.49139,-1.49744
-81.5661,207.25,157.655,0.670423,0.712201,-0.208091,2.64109,0.132322,2.49154,-1.49889
-82.8053,207.309,158.323,0.667821,0.715444,-0.205317,2.63926,0.144956,2.4937,-1.49467
-84.5664,207.526,159.003,0.665354,0.718859,-0.201359,2.63391,0.164014,2.49459,-1.48405
-84.7876,208.243,159.273,0.660849,0.722992,-0.201398,2.63275,0.171317,2.49365,-1.48923
-86.0759,209.042,158.589,0.655234,0.728326,-0.200524,2.62593,0.188038,2.48943,-1.48832
-87.8652,209.257,158.326,0.651029,0.732822,-0.197824,2.61924,0.207279,2.48749,-1.48159
-87.6703,210.459,157.663,0.645741,0.736668,-0.200843,2.61797,0.207888,2.48281,-1.49427
-88.7944,211.982,157.113,0.640719,0.740834,-0.201604,2.613,0.217473,2.47799,-1.498
-92.5044,212.505,156.659,0.636578,0.745756,-0.196512,2.6012,0.24714,2.47474,-1.48129
-95.5616,213.879,156.886,0.632103,0.750213,-0.193976,2.59319,0.266923,2.47127,-1.47435
-98.9599,215.661,157.345,0.627095,0.755106,-0.191224,2.58691,0.28626,2.46933,-1.46924
-102.093,215.861,156.663,0.623757,0.758822,-0.187393,2.58288,0.304117,2.47034,-1.46144
-103.183,216.637,155.841,0.62162,0.760107,-0.189276,2.58189,0.302897,2.46743,-1.46769
-105.901,217.108,157.023,0.618186,0.763588,-0.186495,2.57939,0.316765,2.46847,-1.46372
-109.824,218.685,158.019,0.613689,0.768047,-0.183002,2.57167,0.338252,2.46587,-1.45505
-111.334,219.152,157.999,0.611267,0.770252,-0.181838,2.57342,0.342984,2.46858,-1.45696
-113.046,219.475,158.204,0.607737,0.773353,-0.180499,2.57357,0.350941,2.47015,-1.45855
-115.557,220.087,158.463,0.60391,0.776793,-0.178565,2.5697,0.364152,2.46896,-1.45578
-118.305,221.007,158.228,0.600158,0.779863,-0.177831,2.563,0.376337,2.46408,-1.45344
-122.182,221.641,158.459,0.595242,0.784253,-0.17503,2.55512,0.396221,2.46028,-1.44691
-126.719,222.566,158.193,0.591003,0.788085,-0.172155,2.54474,0.417123,2.45429,-1.43757
-128.748,223.956,158.349,0.587162,0.790307,-0.175088,2.54474,0.414366,2.45136,-1.44927
-131.476,223.91,158.861,0.58341,0.79324,-0.174366,2.54564,0.420292,2.45285,-1.45302
-133.523,223.692,159.489,0.580618,0.795573,-0.173053,2.54832,0.425167,2.45647,-1.45552
-138.096,223.981,159.853,0.576215,0.79956,-0.16935,2.53968,0.446863,2.45268,-1.44581
-148.452,226.006,159.134,0.570577,0.805448,-0.160299,2.51064,0.49792,2.43568,-1.411
-148.184,226.051,157.979,0.568479,0.806322,-0.163328,2.52268,0.484424,2.44356,-1.42898
-142.489,227.467,160.43,0.568295,0.80386,-0.175644,2.55516,0.428514,2.45969,-1.48232
-151.358,227.034,158.96,0.564862,0.808224,-0.166446,2.5293,0.47612,2.44645,-1.44551
-153.549,228.61,158.468,0.564047,0.808157,-0.169507,2.52874,0.469616,2.44304,-1.45329
-154.311,228.5,159.608,0.563372,0.808232,-0.171383,2.53886,0.458166,2.44998,-1.46595
-159.546,227.824,157.533,0.561792,0.810265,-0.166916,2.52639,0.48078,2.44346,-1.44832
-158.249,228.213,159.613,0.561385,0.80975,-0.170742,2.5459,0.457001,2.45668,-1.47219
-156.815,229.388,160.937,0.561888,0.807926,-0.177591,2.55911,0.428279,2.46104,-1.49796
-164.437,228.099,156.675,0.560117,0.810614,-0.170804,2.53258,0.468328,2.44512,-1.46397
-159.949,227.783,159.633,0.564738,0.806395,-0.175495,2.56303,0.427084,2.46653,-1.49262
-158.709,227.591,162.005,0.570268,0.802365,-0.176083,2.57427,0.409539,2.47541,-1.49627
-161.072,225.734,161.096,0.57001,0.803426,-0.172032,2.56713,0.426384,2.47356,-1.4811
-162.758,225.177,163.333,0.568831,0.805242,-0.16738,2.57173,0.436615,2.48221,-1.47495
-169.913,223.071,162.927,0.571407,0.806644,-0.15106,2.54857,0.495281,2.47756,-1.41366
-174.794,222.988,163.872,0.572205,0.807635,-0.142502,2.52922,0.530897,2.46764,-1.37789
-166.905,224.317,166.668,0.571418,0.805899,-0.154945,2.55473,0.480189,2.47946,-1.42786
-167.265,223.598,166.946,0.568714,0.808071,-0.153575,2.55411,0.48774,2.48018,-1.42732
-167.433,222.831,168.144,0.567104,0.809411,-0.152471,2.55612,0.491301,2.48295,-1.42798
-165.455,224.088,168.004,0.565988,0.80886,-0.159383,2.56017,0.470768,2.48006,-1.44973
-164.557,225.618,168.823,0.566289,0.807532,-0.164951,2.56447,0.452032,2.47839,-1.46642
-163.799,225.344,173.098,0.568122,0.80613,-0.165506,2.57956,0.436279,2.4908,-1.4775
-164.642,224.967,174.324,0.570098,0.804637,-0.165973,2.58047,0.431815,2.4911,-1.47694
-165.666,224.304,174.876,0.5712,0.803772,-0.166375,2.57972,0.42996,2.49005,-1.47596
-167.513,223.476,173.723,0.572439,0.803045,-0.165626,2.57218,0.436512,2.48435,-1.4665
-168.966,222.446,174.045,0.573123,0.8029,-0.163955,2.57031,0.441668,2.48441,-1.46005
-169.287,221.88,173.967,0.574283,0.802025,-0.164181,2.57054,0.43943,2.48438,-1.45934
-169.401,221.163,175.892,0.575498,0.801257,-0.163676,2.5768,0.434321,2.49027,-1.46154
-169.51,221.155,177.461,0.577042,0.799795,-0.165378,2.5797,0.42541,2.49104,-1.46618
-169.773,219.459,178.872,0.577908,0.799306,-0.16472,2.58422,0.422451,2.49558,-1.46713
-170.271,219.186,178.551,0.578281,0.79847,-0.167441,2.58082,0.417322,2.48991,-1.47065
-170.396,217.16,179.451,0.579005,0.798027,-0.167054,2.58498,0.414053,2.49385,-1.47221
-171.909,217.529,180.016,0.580114,0.796754,-0.169265,2.57885,0.411686,2.48637,-1.47124
-170.512,215.377,181.203,0.580204,0.796183,-0.171628,2.58719,0.398273,2.49098,-1.48382
-172.102,214.34,177.08,0.579096,0.796454,-0.174093,2.57404,0.403959,2.4773,-1.48028
-173.35,211.477,178.417,0.580856,0.796172,-0.169462,2.57922,0.409924,2.48648,-1.47109
-174.429,209.946,177.06,0.580973,0.796224,-0.168816,2.57385,0.415878,2.48257,-1.465
-178.528,206.507,175.501,0.580998,0.79817,-0.159266,2.56174,0.45122,2.48154,-1.43194
-180.581,205.081,175.048,0.579697,0.799859,-0.155487,2.55349,0.469308,2.47787,-1.418
-178.067,204.885,176.05,0.577583,0.800366,-0.160661,2.56191,0.451563,2.48035,-1.43981
-178.658,203.021,175.748,0.575151,0.802411,-0.15918,2.56187,0.458659,2.48174,-1.43914
-178.899,203.72,173.887,0.573792,0.802667,-0.162756,2.55579,0.455278,2.47302,-1.44506
-179.443,203.233,174.044,0.572414,0.803557,-0.16321,2.55785,0.454214,2.47437,-1.44945
-182.897,199.703,175.728,0.571339,0.8062,-0.153669,2.55723,0.481954,2.48283,-1.42658
-182.82,199.406,175.858,0.568659,0.807655,-0.155947,2.55713,0.479104,2.48064,-1.43556
-186.736,199.564,172.722,0.566209,0.809744,-0.154023,2.53892,0.500485,2.46635,-1.42067
-186.224,198.385,173.937,0.564721,0.811012,-0.152807,2.54996,0.49778,2.47721,-1.42731
-186.827,198.383,175.978,0.561826,0.812818,-0.153881,2.554,0.495487,2.47979,-1.4365
-189.854,200.723,175.346,0.558911,0.813822,-0.1591,2.54207,0.493618,2.46449,-1.44439
-190.782,198.927,175.541,0.559048,0.813922,-0.158102,2.54761,0.492106,2.47028,-1.44579
-193.11,195.534,174.765,0.556891,0.816606,-0.151745,2.54562,0.513387,2.47433,-1.43118
-195.58,194.024,176.186,0.552174,0.820597,-0.14739,2.54467,0.531721,2.47734,-1.42527
-197.586,194.045,176.624,0.548532,0.823315,-0.145824,2.541,0.542975,2.47542,-1.42319
-199.706,192.8,177.203,0.546596,0.825446,-0.140967,2.53875,0.560208,2.47751,-1.4116
-201.981,190.576,180.219,0.542974,0.829022,-0.133797,2.54317,0.581692,2.48739,-1.4002
-203.22,189.957,182.617,0.538345,0.8325,-0.130876,2.54588,0.59378,2.49219,-1.39976
-204.021,189.306,184.858,0.532205,0.836749,-0.128875,2.54956,0.604482,2.49713,-1.40411
-204.501,189.298,188.577,0.525384,0.841185,-0.127981,2.55813,0.60963,2.50565,-1.41537
-205.321,188.491,190.523,0.51928,0.845489,-0.124484,2.5623,0.624354,2.5122,-1.41568
-206.894,188.288,189.853,0.512852,0.849732,-0.122221,2.55685,0.642062,2.50894,-1.41349
-209.512,189.579,188.316,0.506751,0.853422,-0.121958,2.54548,0.657051,2.49866,-1.41286
-211.057,190.02,186.139,0.501982,0.856376,-0.120976,2.5386,0.669605,2.49303,-1.41161
-212.032,187.653,183.647,0.497476,0.859764,-0.115424,2.53489,0.692963,2.49355,-1.39953
-213.432,187.176,181.919,0.492855,0.862625,-0.113898,2.52846,0.706324,2.4886,-1.39711
-216.526,187.699,178.912,0.488328,0.865328,-0.112887,2.51362,0.722456,2.47537,-1.39158
-216.937,186.984,177.459,0.484575,0.867549,-0.112007,2.51307,0.729551,2.47544,-1.39326
-217.226,185.099,177.974,0.480807,0.870002,-0.109183,2.51925,0.73865,2.48309,-1.39319
-217.792,184.949,179.676,0.475673,0.8728,-0.109342,2.52432,0.741417,2.48775,-1.40219
-219.117,183.785,179.986,0.470902,0.875757,-0.106305,2.52509,0.755206,2.49044,-1.39967
-219.296,182.244,180.901,0.46691,0.878271,-0.103121,2.53069,0.766096,2.49773,-1.39824
-220.341,181.743,182.956,0.461498,0.881329,-0.101387,2.53519,0.775019,2.50307,-1.40181
-221.598,182.603,182.33,0.456238,0.883982,-0.102087,2.53137,0.780884,2.49902,-1.40779
-221.928,179.824,181.695,0.451878,0.886908,-0.0959197,2.53435,0.802488,2.50558,-1.39667
-221.923,180.063,179.397,0.448635,0.888467,-0.0967124,2.52897,0.806429,2.49999,-1.39996
-223.716,180.112,176.765,0.444249,0.890674,-0.09666,2.51773,0.816891,2.48931,-1.39936
-225.736,181.812,174.034,0.439482,0.892623,-0.1004,2.50536,0.817353,2.47535,-1.40922
-225.993,181.165,173.185,0.43627,0.894219,-0.100208,2.50748,0.820495,2.47748,-1.41329
-225.618,178.737,174.614,0.434369,0.895544,-0.0965629,2.51868,0.827784,2.49028,-1.4106
-226.068,176.837,175.293,0.432455,0.896741,-0.0940103,2.52325,0.835208,2.4961,-1.40769
-227.559,176.718,173.572,0.429021,0.898266,-0.095181,2.51583,0.839076,2.48835,-1.41136
-228.6,176.887,172.18,0.425834,0.899626,-0.0966367,2.51163,0.840375,2.48351,-1.41702
-228.708,176.439,172.259,0.423487,0.900709,-0.0968571,2.51506,0.840754,2.48665,-1.42184
-229.771,176.385,171.293,0.420469,0.902044,-0.0975852,2.51237,0.843268,2.48367,-1.42595
-230.62,175.802,170.813,0.417959,0.903297,-0.0967681,2.51259,0.848291,2.48435,-1.42657
-230.756,174.55,170.973,0.415528,0.904636,-0.0947113,2.51731,0.854724,2.49002,-1.4257
-230.017,173.308,171.704,0.413816,0.905587,-0.0931009,2.52473,0.857868,2.49802,-1.42647
-230.687,171.503,171.743,0.411099,0.907122,-0.090153,2.52486,0.869476,2.49978,-1.42111
-230.959,171.201,171.709,0.408954,0.907995,-0.091112,2.52428,0.86928,2.4987,-1.42595
-231.168,170.558,171.522,0.408108,0.908395,-0.0909225,2.52419,0.87081,2.49872,-1.4263
-232.127,169.462,171.075,0.406096,0.90946,-0.0892605,2.52045,0.879585,2.49604,-1.42209
-232.116,169.102,171.048,0.402946,0.91075,-0.090385,2.52008,0.879916,2.49508,-1.42859
-232.323,168.391,170.912,0.40068,0.9118,-0.0898655,2.52109,0.883471,2.49633,-1.43005
-232.825,167.18,170.771,0.398759,0.912833,-0.0879036,2.52037,0.891654,2.49669,-1.42623
-233.029,166.179,170.383,0.395811,0.914166,-0.0873805,2.51886,0.897076,2.49551,-1.42731
-232.863,165.451,170.662,0.392824,0.915394,-0.0879932,2.52106,0.897579,2.49731,-1.43328
-233.098,164.46,170.757,0.391013,0.916194,-0.0877343,2.52209,0.899868,2.49843,-1.43497
-233.315,163.344,170.3,0.388953,0.917074,-0.0876999,2.52135,0.90254,2.49774,-1.4368
-233.643,161.8,170.155,0.387678,0.917768,-0.0860671,2.5213,0.908757,2.49855,-1.43348
-233.767,160.747,170.356,0.385091,0.918821,-0.0864516,2.52223,0.910042,2.49924,-1.4378
-233.968,159.543,170.748,0.382446,0.919904,-0.0866708,2.52364,0.911658,2.50048,-1.44192
-234.309,158.45,170.482,0.380467,0.920687,-0.0870614,2.52342,0.912752,2.50006,-1.4451
-234.876,157.914,169.446,0.379062,0.921174,-0.0880356,2.5208,0.912558,2.49703,-1.44828
-234.996,157.32,168.735,0.377908,0.921578,-0.0887679,2.52115,0.911506,2.49697,-1.45178
-235.006,155.963,168.686,0.376583,0.922209,-0.0878368,2.52433,0.914276,2.50053,-1.45195
-235.453,154.283,169.257,0.375162,0.922936,-0.0862679,2.52702,0.919275,2.50394,-1.45014
-235.915,152.578,171.624,0.373899,0.923518,-0.0855216,2.53467,0.919491,2.51169,-1.45272
-236.741,150.465,172.054,0.373679,0.923723,-0.0842639,2.53702,0.922476,2.51461,-1.4503
-233.23,146.556,176.591,0.375918,0.923928,-0.0710136,2.56014,0.951353,2.54349,-1.41741
-233.96,144.88,176.883,0.376307,0.923865,-0.0697593,2.56183,0.954257,2.54571,-1.41374
-234.854,142.408,177.969,0.376823,0.923931,-0.0660005,2.56669,0.963897,2.55212,-1.40319
-236.514,142.021,177.304,0.377475,0.923571,-0.0672968,2.56092,0.96126,2.54593,-1.40434
-236.664,140.549,178.128,0.377103,0.923716,-0.0673975,2.56618,0.959262,2.55101,-1.40714
-237.489,139.507,178.09,0.377183,0.923666,-0.0676338,2.56598,0.958489,2.55071,-1.40773
-237.897,137.792,178.52,0.376934,0.923876,-0.0661379,2.56981,0.962104,2.55509,-1.40473
-238.531,137.4,177.85,0.375165,0.924496,-0.0675223,2.56841,0.960067,2.55312,-1.41053
-239.9,138.173,176.631,0.374266,0.92463,-0.0706001,2.55946,0.954737,2.54303,-1.41763
-241.229,138.173,176.186,0.372758,0.925137,-0.0719292,2.55142,0.955408,2.53461,-1.42014
-259.042,124.875,164.442,0.399312,0.914889,-0.0593931,2.5317,0.97276,2.52059,-1.34576
-259.431,124.127,164.806,0.398571,0.915244,-0.0589048,2.53336,0.974556,2.52239,-1.34561
-260.908,124.444,167.985,0.398906,0.915184,-0.0575456,2.53698,0.977283,2.52644,-1.34222
-259.89,124.966,167.086,0.400637,0.914219,-0.0607821,2.53509,0.96591,2.52339,-1.34964
-264,125.219,169.37,0.399654,0.914818,-0.0581793,2.52961,0.976796,2.51897,-1.34104
-262.252,121.892,169.891,0.398443,0.915366,-0.057857,2.53494,0.977456,2.52433,-1.34304
-261.175,120.554,166.693,0.398254,0.915249,-0.0609351,2.53056,0.969521,2.51889,-1.35123
-263.455,117.718,170.328,0.397816,0.915833,-0.0547106,2.53625,0.987566,2.52673,-1.33446
-266.195,116.065,171.686,0.39718,0.916337,-0.0507309,2.53315,1.0016,2.525,-1.32199
-266.98,114.767,172.488,0.396979,0.916487,-0.0495903,2.53207,1.00568,2.5243,-1.3184
-265.948,111.811,171.322,0.394805,0.917426,-0.0495823,2.53297,1.00783,2.52519,-1.32099
-266.722,110.165,171.49,0.394518,0.917655,-0.0475988,2.53231,1.01453,2.52514,-1.31501
-268.879,110.869,174.788,0.394519,0.917682,-0.0470567,2.53424,1.01573,2.52721,-1.31383
-272.567,115.212,171.434,0.375422,0.925483,-0.0503835,2.48559,1.03844,2.47816,-1.33242
-276.52,113.717,174.511,0.37561,0.925632,-0.0460823,2.48721,1.05036,2.48098,-1.32027
-280.396,113.717,175.947,0.375412,0.925737,-0.045582,2.48264,1.05301,2.47659,-1.31806
-276.443,111.448,175.747,0.374583,0.925996,-0.0471063,2.48589,1.04878,2.4794,-1.32402
-274.652,108.088,174.738,0.373332,0.926614,-0.0448237,2.48652,1.05663,2.48063,-1.31896
-278.404,106.367,177.321,0.3732,0.926888,-0.0399999,2.48788,1.07057,2.48318,-1.30546
-282.869,100.883,173.199,0.370107,0.928507,-0.0299392,2.4713,1.10574,2.46873,-1.27724
-279.144,101.604,175.266,0.369854,0.928496,-0.0332272,2.47794,1.09559,2.47474,-1.28786
-278.968,102.632,179.062,0.369849,0.928429,-0.035087,2.48502,1.08905,2.48142,-1.29435
-282.553,104.523,181.59,0.369989,0.928281,-0.0374396,2.48202,1.08257,2.47793,-1.30047
-276.031,100.697,180.919,0.364813,0.930197,-0.0405601,2.489,1.07775,2.48415,-1.31633
-276.734,99.7918,182.407,0.36406,0.930519,-0.0399419,2.49276,1.07965,2.48803,-1.31608
-291.941,96.5443,181.987,0.361427,0.931975,-0.0281572,2.46816,1.12058,2.4659,-1.28111
-284.804,97.4954,185.08,0.360027,0.932217,-0.0367664,2.47868,1.09581,2.47476,-1.30867
-274.793,96.365,183.893,0.357537,0.932887,-0.0434642,2.48828,1.07721,2.48272,-1.3324
-275.867,94.3705,183.967,0.356441,0.933481,-0.0395341,2.48763,1.09,2.48303,-1.32208
-278.868,97.011,187.191,0.353782,0.934313,-0.0435589,2.48977,1.08064,2.48418,-1.33701
-284.679,97.9275,187.034,0.352544,0.934876,-0.0414575,2.48553,1.08896,2.48049,-1.3314
-273.459,95.7735,187.224,0.355226,0.93391,-0.0403338,2.50699,1.08512,2.50206,-1.32954
-272.005,95.4079,184.563,0.3547,0.934156,-0.0392572,2.5024,1.08984,2.49776,-1.32598
-272.916,102.157,193.892,0.35468,0.933769,-0.0477185,2.52102,1.06005,2.51396,-1.35553
-276.497,95.0928,186.696,0.351515,0.935648,-0.0316415,2.50192,1.11617,2.49891,-1.30667
-270.589,102.624,194.999,0.351725,0.935075,-0.0438563,2.52517,1.07413,2.51915,-1.34792
-279.759,107.383,198.027,0.347701,0.93651,-0.0453164,2.51977,1.07519,2.51341,-1.3554
-267.959,106.395,191.904,0.348035,0.936307,-0.0469138,2.52892,1.06766,2.52199,-1.36216
-263.774,98.1269,180.939,0.345219,0.937916,-0.0337287,2.51283,1.11476,2.50934,-1.32147
-260.908,100.533,183.37,0.345321,0.937747,-0.0372101,2.52214,1.10221,2.51783,-1.33371
-263.845,104.884,186.797,0.344304,0.937954,-0.0411982,2.52683,1.08993,2.52151,-1.34805
-251.563,95.904,184.155,0.362978,0.931066,-0.0369149,2.58392,1.07084,2.57918,-1.3273
-252.523,92.7525,179.87,0.361445,0.931926,-0.0295232,2.57184,1.10033,2.56887,-1.30129
-249.59,92.8686,176.719,0.360592,0.932176,-0.0319643,2.57055,1.09323,2.56708,-1.31016
-248.906,90.5692,171.537,0.358944,0.932871,-0.0301944,2.5606,1.10283,2.55756,-1.30414
-249.632,89.8586,169.98,0.358956,0.932921,-0.0284515,2.5534,1.10983,2.55073,-1.29715
-247.728,90.2462,170.909,0.359318,0.932712,-0.0306342,2.55857,1.10134,2.55545,-1.30482
-245.178,91.5498,170.859,0.360089,0.932228,-0.0358722,2.56346,1.08215,2.55914,-1.32222
-244.285,92.4807,171.428,0.361279,0.931662,-0.038499,2.56639,1.07144,2.5614,-1.33029
-244.098,94.3932,174.129,0.364228,0.930423,-0.0406394,2.5702,1.06019,2.5646,-1.33515
-242.856,95.3049,174.285,0.365483,0.92973,-0.0449834,2.5728,1.04356,2.56592,-1.34893
-247.234,95.5951,170.277,0.364753,0.929982,-0.0457019,2.55428,1.04702,2.54741,-1.34701
-247.169,94.5037,171.352,0.367745,0.92889,-0.0439073,2.5613,1.04782,2.55487,-1.33984
-242.177,97.1128,175.552,0.373789,0.926137,-0.0505104,2.58382,1.01259,2.57498,-1.36179
-246.7,97.3108,171.926,0.37248,0.926667,-0.0504583,2.56579,1.01983,2.55724,-1.35738
-245.717,96.9581,173.644,0.37553,0.925455,-0.0501062,2.5756,1.01469,2.56703,-1.35595
-244.186,98.7685,174.512,0.377252,0.924515,-0.0543443,2.58307,0.996073,2.57286,-1.37066
-246.099,99.0338,177.201,0.376741,0.924866,-0.0518508,2.58781,1.00351,2.57842,-1.36444
-245.032,100.356,178.419,0.378297,0.92413,-0.0536182,2.5958,0.99297,2.58561,-1.37153
-244.023,103.487,180.684,0.379792,0.923288,-0.0574182,2.60424,0.974954,2.59238,-1.38614
-248.871,109.531,186.526,0.377692,0.924045,-0.0590697,2.60885,0.969584,2.5962,-1.39598
-243.857,108.258,182.297,0.379391,0.923203,-0.0613127,2.61655,0.956561,2.60273,-1.40521
-242.027,107.187,181.394,0.379885,0.923082,-0.0600574,2.62078,0.958695,2.6074,-1.40207
-241.219,114.067,187.7,0.380152,0.92253,-0.0665012,2.63619,0.927863,2.61932,-1.43198
-240.702,113.449,184.897,0.380173,0.922671,-0.064395,2.63215,0.937508,2.61645,-1.42241
-245.765,106.737,177.315,0.377787,0.92447,-0.0513073,2.60538,0.998219,2.59587,-1.36749
-244.556,109.362,176.174,0.382874,0.922213,-0.0541453,2.6026,0.983712,2.59208,-1.37085
-250.875,107.224,174.545,0.382768,0.922845,-0.0429545,2.58074,1.02957,2.57437,-1.32567
-248.169,108.254,173.556,0.384906,0.921783,-0.0465101,2.58113,1.01502,2.57366,-1.33546
-247.918,108.543,174.549,0.385245,0.921649,-0.0463626,2.58379,1.01436,2.57633,-1.33538
-254.533,106.613,174.558,0.381027,0.92381,-0.0373195,2.56831,1.05366,2.5636,-1.30554
-257.274,107.977,175.259,0.379678,0.924378,-0.0370091,2.55917,1.05821,2.55461,-1.30392
-256.912,106.481,174.944,0.377396,0.925344,-0.0361909,2.55748,1.06375,2.55314,-1.30334
-253.547,112.623,181.552,0.377408,0.92495,-0.0450623,2.57681,1.02931,2.56985,-1.33746
-250.596,116.726,182.302,0.374887,0.925548,-0.0531137,2.58501,1.00214,2.57522,-1.36976
-252.785,114.776,182.138,0.369376,0.928046,-0.0478841,2.58295,1.02658,2.575,-1.35742
-255.449,113.396,178.349,0.364913,0.929962,-0.0448249,2.57094,1.04522,2.56413,-1.3485
-256.258,109.612,173.525,0.362069,0.931296,-0.0399168,2.5603,1.06733,2.55499,-1.33266
-262.392,106.82,174.589,0.355074,0.934334,-0.0307117,2.55047,1.1071,2.54738,-1.30815
-261.547,107.718,176.977,0.351205,0.935735,-0.0324817,2.55742,1.10413,2.55392,-1.31935
-258.479,109.942,177.812,0.346691,0.93713,-0.0399153,2.5682,1.08189,2.56282,-1.35103
-264.228,109.185,180.723,0.340083,0.939835,-0.0324701,2.56319,1.1149,2.55965,-1.3323
-274.298,104.051,177.286,0.330303,0.94372,-0.0170835,2.53099,1.17997,2.53007,-1.28828
-261.975,109.548,182.547,0.330054,0.943359,-0.0337435,2.56872,1.12017,2.56487,-1.3483
-261.468,114.679,186.608,0.325169,0.944797,-0.0403072,2.58201,1.09995,2.57638,-1.3787
-252.804,123.936,187.577,0.283164,0.957255,-0.0589976,2.55753,1.0894,2.54605,-1.47698
-254.634,127.637,183.026,0.278494,0.958163,-0.0660644,2.54088,1.07779,2.52693,-1.49809
-253.657,123.494,185.133,0.271857,0.960517,-0.059159,2.55668,1.10097,2.54515,-1.48899
-255.305,123.113,184.878,0.266392,0.962083,-0.0585789,2.55409,1.10939,2.54284,-1.49195
-257.708,121.943,184.481,0.262204,0.963395,-0.0558409,2.55142,1.12338,2.54124,-1.48675
-256.323,115.247,186.604,0.257972,0.96522,-0.0424391,2.56899,1.16646,2.5629,-1.45281
-257.027,112.39,190.212,0.25421,0.96644,-0.0370395,2.57776,1.18639,2.57304,-1.44078
-261.385,120.498,188.356,0.251148,0.966512,-0.0527225,2.55584,1.14348,2.54668,-1.48966
-259.369,109.532,193.847,0.244295,0.969198,-0.0312349,2.58676,1.21463,2.58334,-1.43313
-261.277,101.962,199.78,0.238004,0.971135,-0.0158641,2.5994,1.27344,2.59849,-1.38747
-262.382,98.0662,205.429,0.230751,0.972983,-0.0076553,2.60991,1.30983,2.6097,-1.36605
-264.09,105.741,204.971,0.223244,0.974536,-0.0210227,2.59689,1.27048,2.59531,-1.42073
-262.59,100.55,204.271,0.215752,0.976403,-0.00938448,2.60147,1.31944,2.60115,-1.38721
-262.155,106.859,200.027,0.208646,0.977738,-0.0222348,2.58338,1.28312,2.58166,-1.43798
-264.755,115.594,195.182,0.203337,0.978315,-0.0394215,2.55929,1.23507,2.55413,-1.49667
-266.158,105.785,198.514,0.19618,0.980376,-0.0194075,2.56878,1.30749,2.5675,-1.4391
-266.574,108.166,195.616,0.191998,0.98109,-0.0244782,2.55214,1.29708,2.55017,-1.458
-263.195,108.256,192.676,0.187873,0.981843,-0.0262153,2.55112,1.29575,2.54887,-1.46772
-262.614,106.622,193.703,0.18456,0.982531,-0.0238821,2.5562,1.30603,2.55431,-1.4642
-263.583,107.392,192,0.180631,0.983198,-0.0263579,2.54729,1.30324,2.54503,-1.47497
-264.494,108.428,191.354,0.177316,0.983704,-0.0297593,2.54312,1.29629,2.54026,-1.48863
-266.681,108.005,192.113,0.174997,0.984099,-0.0304168,2.54254,1.29663,2.53955,-1.49299
-265.863,106.868,192.017,0.174313,0.984226,-0.0302342,2.54977,1.29666,2.54678,-1.49436
-264.267,106.05,188.014,0.174822,0.984155,-0.0295915,2.54577,1.29892,2.54292,-1.49107
-265.296,105.459,188.297,0.171673,0.984679,-0.0305866,2.54381,1.29924,2.54078,-1.49713
-267.832,108.376,188.012,0.169911,0.984725,-0.0380457,2.53738,1.27845,2.53275,-1.52141
-265.979,103.631,188.162,0.167115,0.985508,-0.0290935,2.54695,1.30815,2.54419,-1.49749
-267.494,106.053,188.063,0.164242,0.985811,-0.034647,2.54034,1.29441,2.53648,-1.517
-271.22,109.283,186.42,0.161719,0.985989,-0.0408974,2.52703,1.28006,2.52177,-1.5364
-270.066,102.975,189.76,0.156106,0.987332,-0.0284107,2.54384,1.32203,2.54123,-1.50594
-270.837,102.77,189.384,0.154166,0.987688,-0.0265516,2.54074,1.33046,2.53847,-1.50145
-273.225,107.578,185.098,0.152923,0.987609,-0.0352591,2.52152,1.30756,2.51765,-1.52679
-275.428,110.887,184.049,0.151931,0.987535,-0.0411289,2.5148,1.29191,2.5096,-1.54438
-276.779,108.427,181.716,0.148293,0.988298,-0.035714,2.50937,1.3131,2.50548,-1.53062
-275.999,107.981,182.297,0.146138,0.988634,-0.0353149,2.51578,1.31532,2.51194,-1.53276
-284.045,114.269,184.312,0.143973,0.988351,-0.0493295,2.5037,1.27786,2.49637,-1.57443
-282.401,113.08,180.832,0.143189,0.988525,-0.0481173,2.50734,1.28137,2.50031,-1.57252
-278.171,104.941,176.664,0.141679,0.98943,-0.0309038,2.51197,1.33395,2.50904,-1.52319
-279.215,102.329,177.363,0.13773,0.990075,-0.0279487,2.51125,1.34706,2.50886,-1.51809
-281.598,103.801,177.997,0.13879,0.989794,-0.0323221,2.50982,1.33291,2.50663,-1.53006
-280.196,103.903,175.51,0.140299,0.989567,-0.0327635,2.50946,1.3301,2.50619,-1.52981
-282.673,104.267,175.196,0.137766,0.989847,-0.0349711,2.50426,1.3269,2.50056,-1.53811
-285.023,101.891,174.527,0.135903,0.990224,-0.0314237,2.50151,1.33988,2.49854,-1.52893
-283.614,101.489,173.724,0.135926,0.990202,-0.0320097,2.5065,1.33729,2.50339,-1.53146
-283.679,99.8315,172.591,0.135313,0.990385,-0.0287734,2.50457,1.34797,2.50206,-1.52205
-286.082,97.7084,174.51,0.133484,0.990755,-0.0242065,2.5029,1.3638,2.50113,-1.50995
-286.952,97.6825,174.064,0.133085,0.990831,-0.0232987,2.49782,1.36753,2.4962,-1.50703
-289.17,94.8851,173.51,0.131635,0.991154,-0.0169157,2.49032,1.3887,2.48947,-1.48881
-289.721,97.2477,174.63,0.131036,0.991131,-0.0220975,2.49053,1.37398,2.48909,-1.50472
-291.017,95.4104,176.539,0.12934,0.991438,-0.0179179,2.49444,1.38769,2.49349,-1.49445
-292,93.7935,176.51,0.126953,0.991806,-0.0142586,2.49219,1.40115,2.49159,-1.48582
-293.167,93.8164,176.418,0.124355,0.992133,-0.014421,2.48873,1.40353,2.48811,-1.48868
-294.407,95.2378,176.09,0.121931,0.992379,-0.0178109,2.48488,1.39631,2.48395,-1.50077
-294.963,93.5297,176.016,0.119052,0.992776,-0.0149239,2.48508,1.40766,2.48442,-1.49524
-295.908,90.6852,176.455,0.115746,0.99323,-0.00983913,2.485,1.42591,2.48472,-1.48366
-296.871,91.546,176.517,0.113065,0.993506,-0.0127708,2.48155,1.42022,2.48108,-1.49474
-299.29,90.3935,175.418,0.11057,0.993803,-0.0114318,2.47483,1.42699,2.47445,-1.49299
-299.925,89.9084,176.249,0.109082,0.993969,-0.0112449,2.47754,1.42889,2.47717,-1.49409
-300.376,86.9691,176.116,0.106478,0.994292,-0.00680392,2.47752,1.44438,2.47738,-1.48384
-302.375,83.5105,176.875,0.104987,0.994472,-0.00192897,2.47658,1.46003,2.47657,-1.4712
-303.664,83.1004,176.967,0.105907,0.994372,-0.00267798,2.47452,1.45696,2.4745,-1.47242
-304.932,82.327,177.017,0.106755,0.994282,-0.00247867,2.47182,1.45671,2.4718,-1.47096
-306.924,79.7279,175.594,0.104797,0.994494,0.000207032,2.46343,1.46639,2.46343,-1.46522
-307.797,78.2616,178.677,0.102368,0.994746,-0.000884715,2.46958,1.46572,2.46958,-1.47078
-310.001,78.4473,175.819,0.103908,0.994586,-0.00143468,2.45668,1.46268,2.45667,-1.47072
-311.48,77.3734,178.671,0.102447,0.994737,-0.00171963,2.45918,1.46333,2.45918,-1.47301
-312.031,74.8914,180.835,0.0991634,0.995071,0.000244501,2.46319,1.47216,2.46319,-1.47078
-313.787,73.5572,182.487,0.0970028,0.995284,0.000760341,2.46454,1.4758,2.46453,-1.47148
-315.729,70.4087,180.929,0.0961346,0.995346,0.00674249,2.45765,1.49345,2.45752,-1.45557
-317.727,68.3059,184.6,0.0940213,0.995528,0.0091827,2.46161,1.50259,2.46137,-1.45068
-318.075,68.0977,186.214,0.090808,0.995835,0.00811557,2.46336,1.50286,2.46317,-1.45686
-320.257,65.8208,184.392,0.0891331,0.995937,0.0128023,2.4546,1.51732,2.45414,-1.44576
-321.685,63.9274,188.676,0.085938,0.996197,0.0143752,2.46126,1.52534,2.46068,-1.44415
-322.446,63.2436,190.209,0.0831438,0.996431,0.0145955,2.46212,1.52882,2.46152,-1.44628
-324.126,61.4506,191.375,0.0810656,0.996554,0.0175522,2.46115,1.53917,2.46028,-1.44009
-327.783,59.2132,195.045,0.0785187,0.996705,0.0203421,2.46108,1.54958,2.45991,-1.43478
-329.005,59.2362,195.07,0.0751925,0.996984,0.0192348,2.45432,1.54922,2.45328,-1.44182
-329.52,57.9633,197.239,0.0705995,0.997317,0.0193464,2.45497,1.55419,2.45393,-1.44606
-332.978,56.9805,200.426,0.0690213,0.997415,0.0199988,2.45205,1.55734,2.45093,-1.44607
-328.999,58.0039,198.202,0.0661218,0.997645,0.0182234,2.45073,1.55521,2.44981,-1.45402
-330.402,57.7343,199.248,0.0643775,0.997771,0.0175625,2.44863,1.55497,2.44777,-1.45776
-330.082,56.702,200.413,0.0610962,0.99798,0.0174045,2.45044,1.55796,2.4496,-1.46135
-331.248,58.2501,202.171,0.058481,0.998206,0.0128666,2.45131,1.54805,2.45085,-1.47651
-332.116,54.3047,200.658,0.0573965,0.998145,0.0202991,2.44763,1.56943,2.44649,-1.45728
-335.454,53.1529,207.633,0.0545402,0.998326,0.0192571,2.45398,1.56995,2.45294,-1.46248
-333.503,52.9154,204.542,0.0521359,0.998441,0.0199487,2.44704,1.57369,2.44594,-1.46357
-334.224,52.0936,208.774,0.0504712,0.998523,0.0200902,2.45326,1.57629,2.45214,-1.4643
-337.597,53.0219,211.224,0.0498569,0.998604,0.0174217,2.44814,1.56909,2.4473,-1.47273
-338.848,54.9731,210.779,0.0495,0.998681,0.0136278,2.43925,1.55845,2.43874,-1.48409
-333.474,53.4671,209.006,0.0460754,0.998821,0.015288,2.44234,1.5666,2.4417,-1.48279
-335.303,50.8907,213.38,0.0437756,0.99889,0.0173742,2.447,1.57496,2.44616,-1.47904
-333.712,49.6983,213.638,0.041143,0.998986,0.0183025,2.44719,1.58017,2.44626,-1.4791
-332.757,49.8722,209.292,0.0396502,0.999053,0.0179418,2.43717,1.57991,2.4363,-1.48235
-338.114,56.3174,212.638,0.0426864,0.999076,0.00507537,2.42993,1.54175,2.42986,-1.51444
-333.571,51.145,214.403,0.0383304,0.999213,0.0102052,2.43974,1.56032,2.43946,-1.50458
-333.497,49.4478,212.761,0.037355,0.999243,0.0108405,2.43476,1.56281,2.43444,-1.50405
-332.803,46.9493,212.97,0.0364025,0.999258,0.0125956,2.43505,1.56853,2.43462,-1.50024
-329.078,42.0425,214.359,0.0327988,0.999304,0.0177503,2.44619,1.58692,2.44532,-1.48905
-334.041,41.7997,218.934,0.0337125,0.999297,0.0163835,2.44477,1.58215,2.44403,-1.492
-328.687,38.7451,215.635,0.0298271,0.999335,0.0209888,2.4457,1.59876,2.44449,-1.48315
-332.642,41.2546,217.301,0.0293232,0.999475,0.0137814,2.44351,1.57932,2.44299,-1.50362
-331.385,42.8588,217.373,0.0313779,0.999438,0.0118304,2.44614,1.57204,2.44576,-1.50678
-332.607,23.3942,219.627,0.0216896,0.999057,0.0376038,2.4525,1.6535,2.44857,-1.44468
-333.429,36.1643,219.567,0.0221061,0.999672,0.0129382,2.45158,1.58467,2.45112,-1.5127
-325.595,28.6293,215.075,0.0195191,0.999396,0.0287558,2.46122,1.63233,2.45889,-1.4702
-334.217,45.2589,220.619,0.0203131,0.999792,-0.00192057,2.45207,1.54513,2.45206,-1.55583
-334.862,45.1409,220.165,0.017536,0.999845,-0.0015527,2.45503,1.54892,2.45502,-1.5576
-324.824,24.3467,216.748,0.00867638,0.999288,0.0367312,2.47476,1.66777,2.47087,-1.45646
-336.026,39.5547,222.167,0.00996055,0.999913,0.00864068,2.46212,1.58528,2.46191,-1.53639
-332.06,40.8679,219.177,0.00824957,0.999935,0.00789566,2.46971,1.58515,2.46953,-1.53994
-322.079,21.0653,213.824,0.000681237,0.998961,0.0455715,2.48481,1.70307,2.47874,-1.43716
-320.244,26.8045,211.008,-0.000475485,0.999316,0.0369822,2.47862,1.67831,2.47466,-1.46423
-322.242,26.2402,212.78,-0.00654113,0.999417,0.0335025,2.47735,1.67418,2.4741,-1.48051
-319.902,24.4349,212.109,-0.00998476,0.999291,0.0363116,2.4825,1.68656,2.47865,-1.47502
-320.346,20.8188,209.621,-0.0148252,0.99901,0.041938,2.47651,1.70647,2.47143,-1.4648
-319.448,19.8714,209.959,-0.01671,0.998936,0.0429794,2.4817,1.71237,2.47633,-1.46267
-317.082,17.4602,207.019,-0.0199818,0.99867,0.0475389,2.48133,1.72865,2.47476,-1.45295
-314.351,13.2049,204.094,-0.0244472,0.998204,0.0546936,2.48106,1.75349,2.47238,-1.43708
-313.939,10.7916,204.265,-0.0269986,0.99802,0.0568138,2.48178,1.76226,2.47241,-1.43342
-316.548,1.97379,205.898,-0.0334545,0.997299,0.0653867,2.48266,1.79328,2.47025,-1.41538
-314.058,6.4522,203.011,-0.0346143,0.997765,0.0571488,2.48231,1.77099,2.47283,-1.43996
-314.931,5.96404,208.19,-0.0397944,0.997825,0.0525493,2.49285,1.76568,2.48468,-1.45563
-318.804,7.35927,211.901,-0.0427821,0.998029,0.0459203,2.49553,1.74996,2.48926,-1.47731
-318.686,8.75869,213.157,-0.0463078,0.998033,0.0422669,2.50196,1.7441,2.49658,-1.49023
-319.072,8.08611,212.011,-0.0505857,0.997771,0.0435209,2.50167,1.75205,2.49598,-1.49085
-317.413,5.06453,211.332,-0.0569056,0.997216,0.0481858,2.5071,1.77352,2.50006,-1.48208
-315.568,0.266803,209.698,-0.0635148,0.996414,0.055897,2.51083,1.80413,2.50132,-1.46478
-313.045,-6.68289,203.44,-0.0696067,0.995217,0.0685395,2.50667,1.84627,2.49251,-1.43498
-309.931,-10.305,199.796,-0.0741181,0.994415,0.0751352,2.50824,1.87057,2.49121,-1.41981
-307.018,-11.5854,196.972,-0.0768294,0.993992,0.0779605,2.51013,1.88221,2.49175,-1.41366
-305.625,-13.9585,195.826,-0.0793623,0.993541,0.081109,2.51151,1.89443,2.49159,-1.40658
-307.62,-19.8897,196.546,-0.0845152,0.992705,0.0859841,2.51136,1.91363,2.48902,-1.39783
-304.641,-16.6192,197.043,-0.0862949,0.993107,0.0793204,2.51993,1.89955,2.5006,-1.4154
-303.157,-17.9306,193.876,-0.0893523,0.992667,0.0814169,2.5155,1.90698,2.4953,-1.41415
-301.849,-21.3567,193.644,-0.0931549,0.992016,0.0850066,2.5186,1.92255,2.4965,-1.4063
-300.892,-22.1498,192.59,-0.0959018,0.991735,0.0852326,2.51794,1.9257,2.49574,-1.4087
-301.423,-24.7711,192.742,-0.0998364,0.991225,0.0866312,2.51774,1.93364,2.49483,-1.40871
-301.278,-25.4386,192.845,-0.102838,0.990994,0.0857643,2.51931,1.93482,2.49679,-1.41357
-299.174,-26.0433,194.305,-0.106539,0.99064,0.085337,2.52803,1.94107,2.5054,-1.41479
-297.305,-29.0522,192.811,-0.111933,0.989628,0.0900447,2.52822,1.96046,2.50307,-1.40639
-296.329,-31.6218,191.51,-0.114692,0.988876,0.0947082,2.52634,1.97597,2.49864,-1.39656
-297.086,-31.2663,191.082,-0.118787,0.988653,0.0919529,2.52088,1.96959,2.49498,-1.41116
-295.977,-33.53,194.309,-0.123309,0.987987,0.0931437,2.53079,1.98224,2.50379,-1.40769
-294.658,-35.8088,193.924,-0.128245,0.987043,0.096438,2.53235,1.99762,2.50337,-1.40238
-294.302,-36.923,190.781,-0.133629,0.986161,0.0981308,2.52433,2.00407,2.49474,-1.40688
-292.628,-38.8244,190.281,-0.137048,0.985394,0.101075,2.52717,2.01741,2.49566,-1.40057
-291.646,-40.285,188.677,-0.140416,0.98472,0.103004,2.52483,2.02518,2.49226,-1.39969
-290.702,-43.1288,188.535,-0.144435,0.983833,0.105879,2.5258,2.03796,2.49138,-1.39516
-289.697,-44.8911,186.809,-0.147409,0.98312,0.108378,2.52388,2.04707,2.48796,-1.39219
-288.918,-47.9931,186.508,-0.151724,0.982161,0.111083,2.52353,2.0589,2.48587,-1.38923
-289.772,-53.7916,184.912,-0.156586,0.98071,0.117,2.51895,2.07786,2.47759,-1.38039
-290.487,-58.3141,184.57,-0.160541,0.979644,0.120517,2.51949,2.09189,2.47564,-1.37457
-288.201,-57.7982,181.03,-0.162889,0.979287,0.120266,2.51843,2.093,2.47483,-1.37824
-286.353,-58.6578,181.243,-0.164562,0.979041,0.119996,2.52441,2.09734,2.48057,-1.3773
-285.769,-60.6508,180.777,-0.167307,0.978465,0.120894,2.52514,2.10306,2.48062,-1.37724
-286.019,-64.1742,178.805,-0.171605,0.977359,0.123778,2.5204,2.11265,2.47415,-1.37655
-285.437,-67.5973,178.505,-0.174431,0.976507,0.126521,2.52346,2.12483,2.47496,-1.37029
-284.203,-68.284,177.864,-0.175752,0.976265,0.126559,2.52681,2.12827,2.47802,-1.36955
-283.698,-67.199,177.767,-0.176586,0.976557,0.123098,2.52819,2.12041,2.48185,-1.37896
-281.776,-71.0761,176.915,-0.179861,0.97534,0.127917,2.53071,2.13855,2.48058,-1.36776
-281.662,-72.0205,176.323,-0.181848,0.975042,0.127373,2.52934,2.13827,2.47974,-1.37209
-280.503,-75.3696,177.226,-0.185758,0.973993,0.129739,2.53459,2.15199,2.48275,-1.36651
-279.099,-75.9034,176.567,-0.18905,0.973407,0.12938,2.53557,2.155,2.48393,-1.37025
-278.683,-77.0948,174.07,-0.193717,0.972494,0.129342,2.52855,2.15538,2.47752,-1.37946
-277.379,-77.5242,174.245,-0.19589,0.972133,0.128784,2.53051,2.15727,2.47975,-1.382
-277.272,-79.0515,175.109,-0.198149,0.971653,0.128944,2.53068,2.16015,2.47978,-1.38379
-275.58,-82.4565,174.692,-0.202792,0.970224,0.132441,2.53145,2.17497,2.47778,-1.37872
-274.12,-84.4445,174.098,-0.205399,0.969287,0.135256,2.53256,2.18601,2.47657,-1.37322
-274.33,-86.351,176.725,-0.210524,0.96845,0.133358,2.53504,2.1877,2.48034,-1.382
-273.651,-90.8472,174.178,-0.216387,0.966426,0.138553,2.5304,2.20489,2.47196,-1.37724
-272.273,-88.9565,173.264,-0.217431,0.966481,0.136521,2.53188,2.20144,2.47494,-1.38273
-271.25,-91.456,173.584,-0.221254,0.965355,0.138337,2.53309,2.21108,2.47457,-1.38112
-271.037,-95.0548,173.009,-0.225015,0.964062,0.141252,2.53233,2.22232,2.47148,-1.37787
-270.664,-93.1344,172.41,-0.224173,0.964541,0.139307,2.53286,2.21657,2.47356,-1.38175
-269.448,-95.222,172.843,-0.227706,0.96343,0.141256,2.53464,2.22664,2.47357,-1.37913
-269.977,-96.5406,172.491,-0.231517,0.962558,0.141003,2.53082,2.22742,2.47032,-1.38625
-267.811,-100.027,173.8,-0.235494,0.960932,0.145441,2.53801,2.2482,2.47307,-1.37406
-268.755,-99.3441,172.173,-0.236011,0.960862,0.145063,2.53133,2.24326,2.4674,-1.38005
-270.52,-103.779,174.165,-0.240774,0.959579,0.145724,2.53124,2.24991,2.46675,-1.38336
-267.161,-103.993,174.56,-0.24422,0.958439,0.147482,2.54022,2.26425,2.47329,-1.37635
-266.833,-104.315,171.31,-0.245303,0.957667,0.150667,2.53224,2.26835,2.46339,-1.37475
-265.301,-107.018,169.859,-0.249376,0.95607,0.15408,2.53033,2.28022,2.45868,-1.37167
-263.779,-107.69,171.089,-0.251075,0.955692,0.153667,2.53662,2.28528,2.46464,-1.37013
-264.734,-112.909,171.351,-0.252369,0.954514,0.158782,2.53333,2.29762,2.4571,-1.36093
-262.304,-111.588,172.721,-0.256384,0.954006,0.155372,2.53524,2.29433,2.46188,-1.37235
-260.639,-113.598,172.22,-0.259983,0.952721,0.157261,2.5349,2.30278,2.45988,-1.37161
-259.908,-115.673,170.743,-0.262498,0.951645,0.159585,2.53153,2.30905,2.45478,-1.37083
-259.278,-120.032,170.921,-0.265543,0.950289,0.162599,2.53214,2.32041,2.45254,-1.36615
-258.125,-122.074,169.909,-0.266813,0.949688,0.164025,2.5319,2.32522,2.45099,-1.36415
-258.296,-124.237,174.967,-0.266877,0.950241,0.160682,2.54055,2.32292,2.46169,-1.36627
-257.881,-129.543,175.497,-0.268579,0.949309,0.163334,2.53985,2.33105,2.45859,-1.36197
-256.625,-131.024,178.453,-0.267769,0.94988,0.16133,2.54613,2.32961,2.46597,-1.36152
-253.761,-133.075,176.533,-0.270174,0.948696,0.164264,2.54219,2.33683,2.45974,-1.35965
-252.056,-136.061,177.831,-0.272238,0.947967,0.165059,2.54259,2.34134,2.45934,-1.35956
-248.695,-141.78,172.764,-0.273477,0.945542,0.176522,2.53563,2.36639,2.44212,-1.33829
-250.423,-149.3,165.565,-0.271846,0.943402,0.189981,2.51303,2.38027,2.40922,-1.32243
-248.326,-150.697,167.515,-0.2728,0.942837,0.191411,2.51301,2.38462,2.40773,-1.32027
-242.848,-146.536,171.334,-0.276178,0.942916,0.186105,2.52326,2.3833,2.42187,-1.32815
-239.968,-145.616,170.473,-0.27823,0.942095,0.187204,2.52282,2.38777,2.42037,-1.32816
-239.862,-147.297,167.508,-0.279536,0.940928,0.191089,2.51274,2.39081,2.40783,-1.32834
-236.613,-148.09,172.29,-0.285442,0.93964,0.188677,2.52273,2.39887,2.41877,-1.33256
-234.204,-150.329,173.799,-0.291077,0.93762,0.190111,2.52706,2.41158,2.42093,-1.33204
-233.095,-151.798,174.596,-0.296237,0.936003,0.190111,2.52732,2.41728,2.42115,-1.33735
-232.847,-153.878,175.83,-0.299522,0.934856,0.190607,2.52915,2.42339,2.42217,-1.33833
-231.034,-158.611,178.298,-0.307421,0.931922,0.19239,2.53388,2.43976,2.42425,-1.33911
-229.771,-159.727,177.629,-0.311478,0.930201,0.194186,2.53516,2.4494,2.4234,-1.33843
-225.914,-161.899,173.637,-0.314343,0.927322,0.203129,2.53682,2.4748,2.41497,-1.32044
-225.385,-164.189,168.74,-0.316618,0.924887,0.210565,2.52589,2.48555,2.3977,-1.31569
-225.376,-165.879,169.075,-0.319128,0.923572,0.212538,2.52291,2.49034,2.39303,-1.31664
-223.649,-168.184,171.295,-0.324419,0.921428,0.213831,2.52552,2.50106,2.39368,-1.31759
-220.915,-171.739,170.839,-0.328969,0.91834,0.220071,2.52669,2.52085,2.38742,-1.3087
-222.468,-174.321,166.663,-0.329856,0.916394,0.226752,2.51197,2.52456,2.36782,-1.30805
-219.516,-173.27,166.619,-0.33406,0.914391,0.228675,2.5122,2.53347,2.36573,-1.30867
-216.117,-173.611,167.446,-0.339039,0.912048,0.230698,2.51463,2.5452,2.36526,-1.3082
-214.923,-174.18,166.482,-0.342514,0.910162,0.233,2.50912,2.5495,2.35816,-1.31195
-212.074,-171.312,172.734,-0.34902,0.909639,0.22526,2.51893,2.5479,2.37513,-1.32643
-209.633,-172.395,174.613,-0.352988,0.908036,0.225544,2.52431,2.55724,2.37908,-1.32588
-207.674,-176.125,172.427,-0.356914,0.904801,0.232267,2.52131,2.57366,2.36866,-1.31939
-207.059,-174.36,173.853,-0.359541,0.904329,0.230041,2.52186,2.57223,2.37178,-1.32619
-204.035,-174.289,172.928,-0.364372,0.902043,0.231411,2.52311,2.58155,2.37112,-1.32784
-201.674,-175.428,174.137,-0.367362,0.900594,0.232325,2.5297,2.59227,2.37518,-1.32393
-200.48,-176.48,173.467,-0.37125,0.898798,0.233101,2.52758,2.59651,2.37258,-1.3285
-201.327,-180.562,165.855,-0.374059,0.89585,0.239858,2.50882,2.59864,2.34965,-1.33403
-194.476,-178.277,170.55,-0.37678,0.895218,0.237952,2.53526,2.61948,2.37257,-1.31886
-194.119,-179.263,171.851,-0.378642,0.894768,0.236688,2.53513,2.61876,2.37405,-1.32348
-193.966,-180.507,173.526,-0.379612,0.89483,0.23489,2.5357,2.61646,2.37672,-1.32757
-189.097,-181.4,171.474,-0.382888,0.892294,0.239181,2.53889,2.63202,2.37384,-1.32026
-191.739,-184.717,171.262,-0.384261,0.892175,0.237416,2.52764,2.62031,2.36733,-1.33466
-189.833,-182.644,171.239,-0.384614,0.892651,0.235046,2.53234,2.61957,2.37391,-1.33568
-185.762,-182.467,170.826,-0.384021,0.892172,0.237817,2.54165,2.63273,2.37768,-1.32179
-182.18,-182.91,170.513,-0.385359,0.891086,0.239714,2.54599,2.64202,2.37861,-1.31592
-177.385,-183.143,165.847,-0.386719,0.888471,0.247119,2.54552,2.65879,2.36877,-1.30387
-178.227,-182.48,168.294,-0.387009,0.889544,0.242766,2.54302,2.64779,2.37246,-1.31453
-176.501,-184.553,173.332,-0.388671,0.889791,0.239181,2.55025,2.6483,2.38254,-1.31696
-173.408,-185.603,173.272,-0.388708,0.889468,0.240316,2.55285,2.65304,2.38308,-1.31255
-169.587,-185.389,171.523,-0.388037,0.88899,0.243155,2.55478,2.66003,2.38089,-1.30469
-170.561,-184.305,169.156,-0.386917,0.889835,0.241845,2.54175,2.64465,2.37267,-1.31726
-170.234,-182.056,168.29,-0.384343,0.89142,0.240104,2.53681,2.63384,2.37107,-1.3219
-170.125,-177.035,164.139,-0.382089,0.892599,0.239323,2.52681,2.62124,2.36433,-1.32927
-171.018,-180.129,155.762,-0.371823,0.894844,0.246988,2.51476,2.6158,2.34547,-1.31342
-167.318,-179.812,154.632,-0.37311,0.893339,0.250469,2.5166,2.6259,2.3425,-1.30697
-162.598,-176.267,152.977,-0.374834,0.892909,0.249426,2.52075,2.62914,2.347,-1.30735
-162.47,-173.434,152.533,-0.372106,0.895023,0.245909,2.52045,2.61857,2.3512,-1.31104
-167.263,-172.457,155.333,-0.366912,0.898756,0.240028,2.51368,2.59497,2.35324,-1.32181
-158.196,-171.515,152.488,-0.369051,0.895916,0.247254,2.52422,2.62109,2.3524,-1.30199
-155.614,-171.527,151.873,-0.368973,0.895625,0.248426,2.52935,2.62774,2.35483,-1.29542
-159.407,-169.111,156.45,-0.363838,0.900152,0.239476,2.53058,2.60436,2.36706,-1.30547
-153.571,-167.16,154.604,-0.365006,0.898692,0.243153,2.5375,2.61927,2.36776,-1.29392
-152.398,-164.272,153.051,-0.364947,0.89937,0.240723,2.53644,2.61317,2.37001,-1.29938
-154.173,-161.128,155.002,-0.361902,0.902603,0.233098,2.5365,2.59358,2.37955,-1.31067
-149.119,-163.237,155.776,-0.364661,0.89971,0.239886,2.54885,2.62175,2.38058,-1.28999
-149.554,-160.05,156.761,-0.363157,0.901328,0.236061,2.55106,2.61382,2.38712,-1.29381
-147.548,-159.716,156.736,-0.362691,0.900567,0.239655,2.55743,2.62659,2.38741,-1.28072
-148.272,-157.982,159.488,-0.363194,0.901257,0.236274,2.56325,2.62505,2.39617,-1.28269
-153.76,-149.377,158.185,-0.361829,0.905734,0.220741,2.54931,2.57717,2.40463,-1.32455
-145.27,-151.67,156.904,-0.361231,0.901927,0.236728,2.57247,2.63214,2.40257,-1.27134
-144.529,-152.372,156.628,-0.357664,0.901651,0.243107,2.57339,2.64271,2.39492,-1.25416
-147.693,-144.897,157.931,-0.356711,0.905676,0.229149,2.56898,2.60742,2.4096,-1.28458
-152.978,-139.467,160.356,-0.355516,0.909173,0.216823,2.56625,2.57596,2.42272,-1.31114
-150.606,-135.477,157.88,-0.354823,0.909304,0.21741,2.57146,2.58113,2.4261,-1.30455
-148.786,-131.821,155.017,-0.353374,0.909815,0.217632,2.5734,2.58177,2.42735,-1.30076
-147.484,-129.45,154.034,-0.352628,0.910106,0.217624,2.57796,2.58501,2.43092,-1.29588
-147.978,-125.738,153.591,-0.351838,0.911506,0.212993,2.57937,2.5747,2.43769,-1.30364
-152.791,-127.513,147.758,-0.344621,0.913743,0.215199,2.62132,2.61136,2.46737,-1.25154
-151.217,-128.628,144.003,-0.341465,0.912055,0.227062,2.61817,2.63219,2.44948,-1.22588
-152.057,-122.717,144.366,-0.342298,0.914778,0.214507,2.61907,2.60498,2.46654,-1.25273
-154.54,-113.87,145.704,-0.344121,0.919373,0.190613,2.62068,2.54982,2.49729,-1.30808
-153.817,-112.592,143.554,-0.34123,0.920206,0.19179,2.62212,2.55106,2.49704,-1.30074
-152.813,-111.432,142.437,-0.337692,0.921423,0.192207,2.62552,2.55154,2.49924,-1.29263
-152.278,-109.793,142.26,-0.335061,0.922894,0.189739,2.62773,2.54449,2.50394,-1.29361
-151.667,-107.562,142.416,-0.333543,0.924341,0.18532,2.63238,2.53588,2.5129,-1.29832
-151.255,-106.153,142.257,-0.331212,0.925608,0.18316,2.6336,2.52886,2.51642,-1.3
-151.118,-102.343,142.83,-0.330261,0.927833,0.173362,2.63913,2.50684,2.53222,-1.31868
-151.6,-99.3339,142.922,-0.329723,0.929552,0.164972,2.64168,2.48536,2.5437,-1.33797
-151.271,-98.4801,141.838,-0.327161,0.930675,0.163737,2.64378,2.48111,2.5468,-1.33656
-148.684,-98.334,142.163,-0.322788,0.931744,0.166316,2.65919,2.4988,2.5566,-1.30978
-146.603,-100.395,142.232,-0.317622,0.931754,0.17593,2.6654,2.52656,2.55042,-1.2721
-146.813,-96.2936,142.566,-0.315689,0.93434,0.165374,2.66612,2.49549,2.56333,-1.29776
-146.606,-92.4503,141.957,-0.314752,0.936339,0.155566,2.66815,2.46783,2.57598,-1.32234
-145.711,-89.7786,142.297,-0.3124,0.93812,0.149453,2.67738,2.45608,2.59033,-1.32843
-145.27,-87.4123,141.888,-0.309894,0.939736,0.144439,2.68291,2.4434,2.60035,-1.33527
-145.83,-85.1143,140.678,-0.307327,0.941422,0.138836,2.68132,2.42129,2.60486,-1.35139
-143.603,-84.7335,140.353,-0.303095,0.942442,0.141195,2.69449,2.4377,2.61354,-1.32621
-142.922,-82.9833,139.795,-0.300033,0.943858,0.138245,2.69941,2.43,2.62082,-1.32715
-144.147,-80.2718,138.502,-0.298328,0.945522,0.13034,2.69375,2.39625,2.62414,-1.35661
-134.005,-81.9411,144.427,-0.300414,0.941916,0.15015,2.66905,2.43715,2.58261,-1.32192
-133.74,-80.033,144.308,-0.297901,0.9434,0.145778,2.67299,2.42495,2.59057,-1.32837
-134.922,-77.9416,144.041,-0.295645,0.945057,0.139503,2.67266,2.40258,2.59679,-1.34539
-132.541,-78.0733,142.433,-0.293332,0.945282,0.142824,2.67852,2.41635,2.59834,-1.32702
-131.635,-76.6122,143.202,-0.290064,0.946709,0.140015,2.6862,2.41165,2.60779,-1.32456
-130.989,-75.6303,143.47,-0.286008,0.948098,0.138958,2.69026,2.40807,2.61233,-1.31949
-131.075,-73.9285,144.409,-0.283269,0.949574,0.134415,2.69443,2.39458,2.62059,-1.32682
-131.839,-72.1923,144.884,-0.280569,0.951061,0.129477,2.69681,2.37767,2.62763,-1.33766
-131.049,-70.8595,145.197,-0.277211,0.9523,0.127588,2.70441,2.37541,2.63607,-1.33271
-129.214,-70.9405,147.405,-0.274231,0.952779,0.130419,2.7197,2.3981,2.64622,-1.30398
-129.607,-70.0506,147.589,-0.271256,0.953646,0.130308,2.71722,2.39192,2.64423,-1.30392
-127.918,-68.4862,148.127,-0.269684,0.954311,0.128689,2.72321,2.39115,2.651,-1.30127
-127.276,-67.0271,148.817,-0.267448,0.955253,0.126347,2.72676,2.38448,2.65646,-1.30308
-125.758,-65.8216,149.831,-0.266537,0.955828,0.123902,2.73475,2.38365,2.66579,-1.30184
-125.828,-63.5231,151.183,-0.26452,0.957261,0.116961,2.74159,2.36372,2.67873,-1.31707
-124.078,-62.7623,151.602,-0.259562,0.958488,0.118015,2.75097,2.37312,2.68569,-1.29739
-124.107,-61.8986,152.42,-0.256335,0.959465,0.11713,2.75046,2.36585,2.68617,-1.29788
-120.007,-60.8756,154.841,-0.256592,0.959503,0.116256,2.77083,2.38705,2.70439,-1.27716
-119.502,-59.5403,154.081,-0.255395,0.960215,0.112963,2.77107,2.37319,2.70805,-1.28832
-118.194,-57.6397,155.033,-0.253399,0.961289,0.108222,2.78025,2.3634,2.72078,-1.29367
-115.482,-58.5946,156.464,-0.252421,0.961267,0.110676,2.79473,2.39102,2.73048,-1.26416
-114.905,-56.9577,156.343,-0.248878,0.96264,0.1067,2.79704,2.37388,2.73666,-1.27371
-115.464,-55.4205,156.726,-0.245868,0.963847,0.102707,2.79298,2.34857,2.73731,-1.29255
-113.183,-55.0019,158.649,-0.245766,0.963911,0.102348,2.80239,2.35914,2.74573,-1.28175
-112.489,-55.044,159.681,-0.244702,0.96411,0.103017,2.80229,2.3608,2.74496,-1.27792
-112.277,-54.6999,160.771,-0.242572,0.964656,0.102946,2.79859,2.35341,2.74187,-1.28089
-108.872,-54.5379,162.086,-0.243153,0.964412,0.103857,2.80806,2.37059,2.74898,-1.26496
-106.137,-54.6145,163.722,-0.241992,0.964563,0.105156,2.81807,2.38903,2.75601,-1.24419
-106.937,-54.5571,164.524,-0.239225,0.965275,0.104958,2.81089,2.37518,2.7502,-1.25228
-106.886,-54.005,165.033,-0.237982,0.965764,0.103266,2.80428,2.35756,2.74639,-1.26724
-103.418,-54.1941,167.561,-0.237938,0.965682,0.104135,2.81741,2.37943,2.75657,-1.24533
-100.689,-54.2824,169.693,-0.237804,0.965674,0.104512,2.82834,2.39687,2.76527,-1.22762
-98.1856,-54.735,171.626,-0.236418,0.965854,0.105987,2.83903,2.41838,2.7724,-1.20333
-96.9046,-54.9681,173.199,-0.234438,0.966321,0.106126,2.84453,2.42571,2.77672,-1.1919
-96.2115,-54.707,174.819,-0.232423,0.966987,0.104482,2.84805,2.42192,2.78148,-1.19143
-95.9032,-54.2879,176.459,-0.230995,0.967569,0.102229,2.8493,2.41219,2.78511,-1.19811
-94.7344,-54.0954,178.598,-0.230292,0.967884,0.100827,2.85492,2.41418,2.7913,-1.19459
-92.0441,-54.0565,181.332,-0.230091,0.967963,0.100526,2.86862,2.43602,2.80274,-1.17232
-91.5342,-54.0678,182.906,-0.229567,0.968182,0.0996097,2.87127,2.43579,2.80595,-1.17142
-90.9376,-53.8185,185.044,-0.228035,0.96865,0.0985789,2.8753,2.43649,2.81042,-1.16751
-90.0109,-54.5837,186.598,-0.226754,0.968772,0.10032,2.87878,2.44997,2.81109,-1.15147
-89.8657,-54.1156,188.926,-0.224736,0.969392,0.0988553,2.88142,2.44571,2.81497,-1.1515
-89.0609,-54.4873,190.635,-0.223461,0.96961,0.099611,2.88474,2.45434,2.81667,-1.14027
-87.5899,-54.9823,192.707,-0.222924,0.969656,0.100357,2.8928,2.47308,2.82204,-1.12046
-87.5246,-54.1442,195.081,-0.219769,0.970626,0.0979105,2.89747,2.46708,2.82875,-1.11984
-88.0842,-54.499,197.27,-0.217645,0.971104,0.0979215,2.89747,2.46495,2.82873,-1.1176
-87.4903,-54.5301,199.125,-0.217299,0.971231,0.0974293,2.90191,2.47116,2.83279,-1.11066
-87.6423,-53.8286,201.609,-0.215836,0.971826,0.0947051,2.90714,2.46663,2.84029,-1.11205
-86.8251,-54.8397,204.304,-0.214488,0.971913,0.0968529,2.91513,2.49349,2.84366,-1.08252
-85.9648,-55.3435,208.059,-0.213487,0.972,0.0981811,2.92389,2.51893,2.84846,-1.05507
-86.9077,-54.946,210.115,-0.214962,0.971843,0.0965058,2.92373,2.51149,2.85058,-1.06547
-85.5816,-56.8954,213.958,-0.216252,0.971135,0.100661,2.9336,2.5572,2.85214,-1.02261
-87.2608,-57.195,215.89,-0.218337,0.970701,0.100339,2.92853,2.54562,2.84893,-1.03846
-92.1977,-52.8998,216.568,-0.219415,0.971543,0.089222,2.91389,2.45551,2.85239,-1.13032
-92.6188,-54.7722,217.754,-0.220471,0.970979,0.0926923,2.91445,2.47648,2.84849,-1.11167
-94.7362,-56.2555,218.956,-0.220028,0.970889,0.0946702,2.9071,2.47067,2.84029,-1.11665
-95.7905,-57.0759,221.188,-0.219908,0.970886,0.0949766,2.90485,2.46744,2.83817,-1.11964
-96.9482,-56.5735,223.827,-0.219308,0.97127,0.0923985,2.90485,2.45339,2.84137,-1.13235
-97.9401,-57.446,225.712,-0.218834,0.97135,0.0926855,2.90384,2.45232,2.84022,-1.13245
-100.57,-57.916,228.911,-0.218745,0.971584,0.0904139,2.90137,2.4352,2.84103,-1.14929
-101.221,-56.4598,231.844,-0.216151,0.972539,0.0862953,2.90756,2.42273,2.85091,-1.15626
-101.189,-61.6456,232.782,-0.215927,0.971764,0.0951286,2.90799,2.47071,2.84041,-1.10818
-105.702,-58.7603,237.519,-0.215693,0.972797,0.0845175,2.90545,2.40805,2.8513,-1.16994
-104.713,-59.5803,237.003,-0.214047,0.973056,0.0857086,2.91137,2.42521,2.85466,-1.14943
-104.471,-61.7986,237.907,-0.213573,0.972805,0.089646,2.9133,2.45056,2.85141,-1.12327
-111.754,-58.1358,239.08,-0.214273,0.973556,0.0792143,2.89444,2.35514,2.84815,-1.21973
-116.59,-56.4327,240.639,-0.215861,0.973629,0.0738335,2.88589,2.31032,2.84645,-1.26763
-116.9,-56.5538,242.599,-0.217238,0.973291,0.0742511,2.89181,2.32449,2.85113,-1.2563
-129.489,-51.8328,238.83,-0.218798,0.97388,0.0607089,2.85385,2.18862,2.82942,-1.39497
-137.478,-49.9186,239.383,-0.219502,0.974166,0.0531029,2.83995,2.12857,2.82191,-1.45627
-139.46,-51.6494,240.011,-0.220173,0.97394,0.0544507,2.84415,2.1417,2.82496,-1.44455
-139.203,-52.6772,239.29,-0.220101,0.973868,0.0560119,2.85254,2.16045,2.83171,-1.42568
-140.266,-52.0723,238.942,-0.218073,0.974371,0.0551889,2.85754,2.15933,2.83696,-1.42263
-143.861,-53.8437,237.423,-0.219234,0.974017,0.0568185,2.85124,2.16285,2.82992,-1.42153
-144.763,-54.1275,238.334,-0.218106,0.974232,0.0574689,2.8582,2.17401,2.8359,-1.40807
-145.98,-56.7988,239.473,-0.219497,0.973722,0.0607161,2.86307,2.20128,2.83788,-1.38375
-149.944,-56.1141,238.229,-0.219519,0.973925,0.0572841,2.85742,2.17338,2.83531,-1.4116
-153.143,-55.8503,236.29,-0.219372,0.974058,0.0555636,2.85232,2.15675,2.83183,-1.42788
-156.96,-55.1213,235.509,-0.218583,0.974375,0.0530536,2.84795,2.13592,2.82948,-1.44703
-157.47,-55.1669,236.168,-0.217302,0.974629,0.0536548,2.85503,2.14622,2.83571,-1.43411
-149.417,-64.2918,240.643,-0.219936,0.972748,0.0734114,2.88678,2.31355,2.84764,-1.27276
-154.605,-63.055,238.587,-0.219894,0.972947,0.0708558,2.87192,2.2744,2.83709,-1.31174
-166.704,-56.7742,232.821,-0.218478,0.974217,0.0562855,2.83524,2.14101,2.81535,-1.4418
-192.694,-54.2671,225.55,-0.216562,0.975725,0.0325949,2.79513,1.97337,2.78911,-1.60505
-194.73,-54.9811,222.935,-0.216672,0.975658,0.0338253,2.79162,1.97837,2.7852,-1.60029
-194.49,-54.8238,222.371,-0.216688,0.975617,0.0348926,2.79895,1.98836,2.79199,-1.59035
-193.933,-56.2363,222.327,-0.217139,0.975339,0.0395556,2.80629,2.01945,2.79716,-1.56025
-190.278,-61.0677,223.739,-0.217788,0.974572,0.0526988,2.82331,2.1079,2.80643,-1.4734
-190.958,-62.7701,222.607,-0.220004,0.973806,0.057442,2.82261,2.13597,2.8027,-1.45
-186.717,-67.7321,223.332,-0.221354,0.972626,0.0707214,2.83929,2.22927,2.80802,-1.35987
-189.017,-66.9934,221.775,-0.223487,0.972224,0.069524,2.83251,2.2165,2.80285,-1.37698
-194.185,-62.8153,219.48,-0.225778,0.972348,0.0596999,2.81807,2.14967,2.7969,-1.44823
-194.964,-63.326,218.833,-0.227137,0.97195,0.0610084,2.8194,2.15951,2.79723,-1.44123
-192.164,-66.627,218.476,-0.227731,0.971234,0.069588,2.83125,2.21967,2.80165,-1.38255
-189.659,-70.2091,218.932,-0.228774,0.97028,0.0788592,2.84149,2.28312,2.80277,-1.32157
-197.343,-62.3196,216.96,-0.230071,0.971291,0.0605007,2.82078,2.16121,2.79888,-1.44555
-201.051,-61.5124,215.093,-0.232821,0.970796,0.0578729,2.8112,2.1403,2.79167,-1.47205
-200.728,-60.4153,215.858,-0.232399,0.970965,0.0567179,2.82142,2.14353,2.80206,-1.46792
-200.018,-60.8992,214.446,-0.232574,0.970801,0.0587791,2.82777,2.16165,2.80662,-1.45022
-198.669,-61.7347,214.692,-0.233909,0.970263,0.0622566,2.83786,2.1937,2.81348,-1.42102
-198.08,-62.5146,215.052,-0.23503,0.969766,0.0656913,2.84475,2.22252,2.81713,-1.39462
-197.279,-63.0087,215.863,-0.236532,0.969185,0.0688038,2.85307,2.2525,2.8221,-1.36784
-141.977,-69.2082,231.913,-0.258759,0.960058,0.106457,3.0839,3.14019,2.92064,-0.527936
-174.015,-45.7628,257.002,-0.258871,0.964602,0.0502951,2.94746,2.30976,2.923,-1.35622
-173.638,-44.4028,256.121,-0.261013,0.964005,0.0506642,2.95439,2.33011,2.92878,-1.34032
-175.693,-63.1354,231.792,-0.264389,0.960839,0.0829873,2.97325,2.61645,2.90519,-1.06218
-184.436,-51.2909,231.617,-0.267107,0.961987,0.0568726,2.95416,2.38577,2.9224,-1.2975
-194.855,-37.4096,230.422,-0.271841,0.961954,0.027336,2.93309,2.10175,2.92606,-1.59066
-187.68,-52.6206,228.533,-0.274824,0.959365,0.0639574,2.94596,2.42739,2.90791,-1.27219
-200.094,-52.9663,224.818,-0.27501,0.95958,0.0597947,2.89406,2.29796,2.86679,-1.40185
-197.331,-59.7185,223.531,-0.278905,0.957251,0.0767003,2.89622,2.41078,2.85234,-1.29784
-204.493,-49.7406,222.763,-0.280068,0.958492,0.0534246,2.87786,2.23799,2.85714,-1.47217
-206.778,-51.2855,221.354,-0.282263,0.957687,0.0562413,2.86567,2.24229,2.84374,-1.47254
-208.856,-55.8276,222.016,-0.286394,0.955786,0.0667168,2.85027,2.28875,2.82132,-1.4351
-208.169,-44.8807,223.218,-0.28971,0.956007,0.0460295,2.8651,2.18454,2.85026,-1.54555
-209.454,-42.6788,222.619,-0.292374,0.955393,0.0417356,2.86211,2.15622,2.84998,-1.57933
-210.508,-44.319,223.101,-0.295,0.954411,0.0455567,2.85602,2.17744,2.84192,-1.5637
-210.4,-38.8258,224.756,-0.297219,0.95413,0.0360123,2.86385,2.12494,2.85472,-1.62061
-211.492,-44.5393,224.668,-0.298718,0.953081,0.0490386,2.85148,2.19839,2.83545,-1.55065
-209.811,-45.7082,225.534,-0.300786,0.952118,0.054772,2.8554,2.24006,2.83526,-1.51352
-211.433,-38.9331,224.834,-0.302687,0.952144,0.0424554,2.85454,2.16432,2.84232,-1.59287
-214.883,-34.8793,222.924,-0.304585,0.951878,0.0340056,2.84287,2.10273,2.83528,-1.65824
-216.441,-30.8016,222.203,-0.306383,0.951543,0.0263701,2.84034,2.05433,2.83579,-1.71027
-220.34,-20.4697,220.479,-0.308553,0.951199,0.00402818,2.83713,1.91072,2.83702,-1.85822
-223.647,-16.1018,219.481,-0.310275,0.950629,-0.00586222,2.83162,1.84878,2.8314,-1.92379
-178.585,-13.0154,246.778,-0.323279,0.945479,0.0394867,2.94598,2.28286,2.93068,-1.51765
-180.813,-10.5837,247.376,-0.325505,0.944872,0.0355362,2.94099,2.24201,2.92881,-1.56311
-194.626,-5.86805,247.616,-0.32586,0.945225,0.0191135,2.89833,2.05789,2.89535,-1.74767
-196.745,-5.63874,245.937,-0.327304,0.944719,0.0194298,2.89312,2.05866,2.89011,-1.74996
-193.118,-4.01079,246.338,-0.330771,0.943493,0.0203124,2.91108,2.08167,2.90754,-1.7343
-187.003,-1.50511,248.288,-0.334609,0.942126,0.0208478,2.9396,2.11495,2.93536,-1.70917
-194.578,2.15234,248.103,-0.335478,0.941989,0.0105031,2.91828,2.00633,2.91729,-1.81953
-188.757,1.90442,248.812,-0.339144,0.940594,0.0162566,2.94187,2.0777,2.93925,-1.756
-186.649,2.79871,248.717,-0.340866,0.939936,0.0181754,2.95166,2.10724,2.94823,-1.73015
-197.497,1.37813,244.888,-0.341753,0.939655,0.0158938,2.90744,2.05395,2.9053,-1.7853
-197.593,9.18014,248.124,-0.344148,0.938914,0.00145807,2.92196,1.93535,2.92194,-1.9089
-195.881,9.57046,246.932,-0.346092,0.938194,0.00346527,2.92933,1.95672,2.92922,-1.89168
-202.326,13.3935,245.26,-0.34649,0.938027,-0.00708375,2.90974,1.86388,2.9093,-1.98539
-202.518,11.5156,243.865,-0.348447,0.937324,-0.00290821,2.90512,1.90223,2.90504,-1.95119
-208.125,13.6917,242.014,-0.350179,0.936624,-0.0105035,2.88501,1.84734,2.88415,-2.00982
-216.616,14.2394,240.165,-0.350532,0.936371,-0.0183738,2.85403,1.80276,2.85171,-2.05523
-213.017,12.7764,239.354,-0.351156,0.936216,-0.0137586,2.86699,1.83039,2.86562,-2.02889
-209.043,13.7913,238.976,-0.351183,0.936216,-0.0130181,2.88311,1.82983,2.88181,-2.0295
-209.295,15.3944,239.174,-0.352364,0.935703,-0.0172945,2.88374,1.79833,2.88145,-2.06357
-209.755,17.0598,239.11,-0.352242,0.935655,-0.0217792,2.88503,1.76358,2.88138,-2.09812
-209.049,17.2303,238.547,-0.352425,0.935573,-0.0223456,2.88772,1.75772,2.88383,-2.10438
-210.265,19.4859,238.605,-0.351635,0.935705,-0.0284416,2.88637,1.71212,2.88014,-2.14841
-212.685,15.9003,236.135,-0.350874,0.936133,-0.0233005,2.86829,1.76155,2.86437,-2.09725
-210.679,19.8476,237.458,-0.352497,0.935326,-0.0301731,2.87983,1.70588,2.873,-2.15654
-214.068,18.3052,236.208,-0.351921,0.935549,-0.029988,2.86205,1.72058,2.85572,-2.14059
-217.238,16.8192,236.19,-0.351165,0.935865,-0.0289922,2.84495,1.73812,2.83937,-2.12142
-211.361,19.1029,236.695,-0.35384,0.934883,-0.0281414,2.86624,1.73223,2.86058,-2.13301
-211.579,24.3655,237.594,-0.356322,0.93354,-0.0392097,2.87259,1.65338,2.86146,-2.21746
-212.996,20.6414,237.076,-0.355129,0.934244,-0.032741,2.86137,1.70595,2.85386,-2.16216
-211.112,22.4627,239.421,-0.35615,0.933808,-0.0340523,2.86989,1.69102,2.86153,-2.17931
-208.991,24.3761,237.448,-0.358864,0.932736,-0.0349252,2.87516,1.68314,2.8662,-2.19302
-208.922,27.0455,237.683,-0.359851,0.932139,-0.0403046,2.87957,1.64238,2.86751,-2.23606
-211.927,25.2475,239.028,-0.358935,0.932571,-0.0384256,2.86564,1.66824,2.8552,-2.20817
-206.871,28.1107,239.361,-0.361695,0.931493,-0.0387016,2.88504,1.64968,2.87367,-2.23267
-212.265,30.0689,236.571,-0.362893,0.930677,-0.0463594,2.86405,1.6221,2.84906,-2.26307
-209.414,28.9487,235.843,-0.363423,0.930676,-0.0420205,2.87266,1.64192,2.8599,-2.24425
-213.552,28.5478,234.795,-0.362105,0.931096,-0.0440454,2.85345,1.64694,2.84037,-2.23646
-212.78,29.7563,234.513,-0.363859,0.930335,-0.0456347,2.85412,1.63817,2.84007,-2.24905
-208.587,32.7375,235.805,-0.366426,0.929161,-0.0489032,2.8736,1.59843,2.85639,-2.29443
-208.862,32.2569,234.953,-0.366794,0.929032,-0.0485911,2.87007,1.60506,2.85329,-2.28858
-211.355,33.5765,233.916,-0.366293,0.928965,-0.0534088,2.85975,1.58631,2.8403,-2.30646
-217.003,29.2563,231.306,-0.36571,0.929433,-0.0490957,2.82561,1.64674,2.81082,-2.2446
-221.775,26.5677,229.213,-0.365745,0.929514,-0.0472749,2.79565,1.68142,2.78308,-2.20992
-224.435,24.664,228.181,-0.366489,0.929321,-0.0452662,2.77457,1.70721,2.76369,-2.18566
-194.216,37.5255,237.333,-0.369299,0.927637,-0.055747,2.92525,1.4754,2.89828,-2.42393
-194.715,49.3131,237.421,-0.368924,0.926236,-0.0773384,2.93286,1.31385,2.88187,-2.58583
-195.664,54.1267,236.199,-0.369692,0.925025,-0.0875035,2.9303,1.2611,2.8673,-2.64091
-193.901,51.8179,238.079,-0.37174,0.924673,-0.0823984,2.93186,1.28884,2.87493,-2.61725
-192.648,51.2486,239.162,-0.373309,0.92421,-0.0804757,2.9314,1.30297,2.87693,-2.60639
-193.662,56.8402,236.962,-0.373564,0.923098,-0.0913253,2.92708,1.25189,2.85991,-2.65878
-194.575,63.979,236.352,-0.373839,0.921475,-0.105492,2.92931,1.17575,2.8423,-2.73666
-196.24,68.7251,234.291,-0.374109,0.920001,-0.116795,2.92479,1.13631,2.82284,-2.77771
-195.864,69.1774,233.408,-0.375857,0.919027,-0.118832,2.92348,1.13273,2.81895,-2.7853
-195.138,68.7473,234.048,-0.377583,0.918408,-0.11814,2.92425,1.13571,2.82049,-2.78601
-196.208,73.2973,232.785,-0.378473,0.916656,-0.128451,2.92314,1.09823,2.80421,-2.82649
-197.665,74.7223,230.583,-0.379414,0.915509,-0.133746,2.91589,1.09585,2.79142,-2.83151
-196.833,76.5365,230.79,-0.380419,0.914568,-0.137284,2.92138,1.07214,2.78938,-2.85782
-195.495,75.7467,232.834,-0.381837,0.914352,-0.134766,2.92596,1.07225,2.79619,-2.86052
-195.789,76.6696,232.512,-0.383509,0.913273,-0.137307,2.92289,1.07205,2.79028,-2.86468
-196.904,80.5682,230.746,-0.384239,0.911619,-0.145982,2.91982,1.05049,2.77459,-2.88889
-195.952,80.6217,231.64,-0.385674,0.911124,-0.14529,2.92207,1.04935,2.77706,-2.89309
-195.795,81.0953,232.694,-0.38783,0.910144,-0.14569,2.92213,1.0503,2.77645,-2.89693
-197.428,85.5216,230.718,-0.388395,0.908369,-0.154967,2.91843,1.03008,2.75918,-2.91961
-197.624,86.3035,230.074,-0.390198,0.907309,-0.156639,2.91593,1.03241,2.75499,-2.92148
-197.21,86.7443,231.604,-0.391898,0.906638,-0.15628,2.91794,1.03106,2.75675,-2.92653
-199.501,92.4013,229.787,-0.393363,0.903806,-0.168525,2.91469,1.00502,2.73455,-2.95758
-201.845,99.191,225.742,-0.394114,0.900433,-0.184107,2.91152,0.973048,2.70631,-2.99369
-202.184,95.1208,225.264,-0.39749,0.900271,-0.177521,2.90216,1.01132,2.7125,-2.96183
-203.281,97.883,224.668,-0.398617,0.89855,-0.183611,2.90139,0.999012,2.70178,-2.97766
-204.608,100.405,223.049,-0.399844,0.896722,-0.189777,2.89863,0.991086,2.68978,-2.98938
-205.639,100.847,221.869,-0.40128,0.895643,-0.191829,2.89418,0.996316,2.6839,-2.98772
-206.777,102.549,220.834,-0.401667,0.894543,-0.196103,2.89226,0.990671,2.67555,-2.995
-209.041,103.444,219.402,-0.402463,0.893243,-0.200351,2.8863,0.993061,2.6651,-2.99518
-209.673,108.337,218.604,-0.401407,0.891614,-0.209514,2.89392,0.959088,2.65308,-3.02855
-209.846,109.66,218.409,-0.401125,0.891419,-0.210882,2.89655,0.951352,2.65198,-3.03592
-210.674,109.599,217.659,-0.400465,0.891757,-0.210707,2.89394,0.955632,2.65099,-3.03013
-212.395,114.56,216.953,-0.398484,0.890442,-0.219827,2.89799,0.928859,2.63676,-3.0543
-214.763,116.43,215.147,-0.398099,0.889492,-0.224325,2.89254,0.929796,2.62611,-3.05344
-215.723,120.088,214.272,-0.397046,0.888393,-0.230459,2.89729,0.909753,2.61726,-3.07243
-217.479,123.249,214.363,-0.397029,0.887132,-0.235298,2.90007,0.896963,2.60971,-3.08625
-219.939,127.167,212.154,-0.396716,0.885266,-0.242737,2.89793,0.888457,2.59512,-3.09573
-221.941,127.807,210.311,-0.397729,0.884313,-0.244544,2.89343,0.894289,2.58981,-3.09261
-219.799,123.106,211.625,-0.401497,0.885703,-0.23309,2.89729,0.910358,2.61249,-3.08244
-219.209,126.824,210.404,-0.402515,0.883407,-0.239947,2.90798,0.88236,2.6046,-3.1143
-219.343,126.434,210.098,-0.404337,0.882812,-0.239068,2.9093,0.883523,2.60679,-3.11706
-221.242,127.518,209.306,-0.404908,0.881758,-0.241978,2.90694,0.883758,2.6004,-3.1188
-220.081,128.982,208.726,-0.403872,0.882012,-0.242781,2.91487,0.867887,2.60222,-3.13251
-213.476,121.183,223.012,-0.409821,0.886796,-0.213635,2.94152,0.872117,2.66745,-3.13528
-216.216,127.334,218.997,-0.407958,0.884612,-0.225902,2.93433,0.863573,2.64168,3.14096
-221.329,131.532,208.852,-0.40461,0.882019,-0.241524,2.91009,0.878759,2.60257,-3.12302
-216.033,127.181,218.287,-0.40657,0.886292,-0.221781,2.9322,0.872566,2.64847,-3.12921
-213.292,127.459,225.433,-0.407604,0.887967,-0.213012,2.94755,0.858918,2.67108,3.13983
-208.878,123.66,232.817,-0.41097,0.890268,-0.196282,2.95879,0.869343,2.70673,-3.13721
-207.591,119.641,236.842,-0.413789,0.891642,-0.183718,2.95258,0.910813,2.72702,-3.09977
-215.901,130.93,220.18,-0.410635,0.885779,-0.216275,2.91823,0.912461,2.65252,-3.09732
-216.591,137.269,213.901,-0.409592,0.882532,-0.231024,2.91768,0.88743,2.62524,-3.12321
-217.224,134.713,213.472,-0.411806,0.882568,-0.226914,2.9091,0.911841,2.62905,-3.1029
-218.084,134.907,210.906,-0.412164,0.881733,-0.229494,2.90316,0.918325,2.62168,-3.09781
-216.095,134.695,213.835,-0.41283,0.882525,-0.225212,2.9129,0.909122,2.63385,-3.10756
-218.405,135.622,210.086,-0.412153,0.881495,-0.230425,2.90101,0.920483,2.61902,-3.09583
-217.328,131.376,214.507,-0.414796,0.882922,-0.219985,2.90679,0.931338,2.64059,-3.08865
-216.707,134.594,210.662,-0.411068,0.882639,-0.227973,2.9119,0.904287,2.62835,-3.10902
-216.469,135.22,209.982,-0.409953,0.882742,-0.229575,2.91516,0.894637,2.62683,-3.1165
-215.76,135.591,208.519,-0.408634,0.882989,-0.230971,2.91792,0.885999,2.62544,-3.12246
-215.349,136.037,207.854,-0.407823,0.883008,-0.23233,2.92045,0.878467,2.62399,-3.12847
-214.626,135.874,207.409,-0.406948,0.883469,-0.232111,2.92333,0.872692,2.6256,-3.13221
-213.36,136.961,207.401,-0.404042,0.884625,-0.232784,2.92841,0.85928,2.62643,-3.1392
-213.368,137.999,206.978,-0.401776,0.885108,-0.234861,2.92692,0.856254,2.62194,-3.13757
-212.88,136.755,206.985,-0.400883,0.885923,-0.233309,2.92481,0.86136,2.62398,-3.1301
-213.052,138.386,205.448,-0.396825,0.88648,-0.238081,2.92308,0.852631,2.61436,-3.13074
-212.587,137.348,205.822,-0.395655,0.887247,-0.237171,2.92101,0.856306,2.61522,-3.12422
-212.151,137.873,204.632,-0.393068,0.887538,-0.240361,2.91978,0.850791,2.60875,-3.12463
-210.227,137.086,207.376,-0.390733,0.889671,-0.236249,2.92464,0.845769,2.61842,-3.12348
-208.745,136.568,208.396,-0.389362,0.890846,-0.234072,2.92487,0.847116,2.62258,-3.11858
-209.713,133.067,207.527,-0.389231,0.891773,-0.23074,2.91077,0.877112,2.62278,-3.08757
-208.52,132.697,208.666,-0.387377,0.8925,-0.231046,2.91565,0.865959,2.62433,-3.09463
-208.864,133.827,205.477,-0.38269,0.892891,-0.237263,2.90907,0.862322,2.61003,-3.0891
-206.205,129.66,209.114,-0.383158,0.895191,-0.227645,2.9141,0.86954,2.62992,-3.0809
-205.468,128.305,210.087,-0.380754,0.89655,-0.22633,2.91584,0.865939,2.63309,-3.07887
-208.039,133.158,204.615,-0.372054,0.89618,-0.241736,2.90489,0.850646,2.59997,-3.07795
-206.595,132.242,205.555,-0.36983,0.897564,-0.24001,2.90446,0.851547,2.60298,-3.07172
-203.284,122.756,212.061,-0.37285,0.901706,-0.218883,2.90736,0.885293,2.64285,-3.04047
-205.103,126.316,208.221,-0.365573,0.901572,-0.231355,2.90163,0.865614,2.6176,-3.04643
-204.104,129.661,205.708,-0.359273,0.901837,-0.240029,2.90304,0.842189,2.60233,-3.05762
-201.962,120.585,209.771,-0.361459,0.905728,-0.22137,2.89847,0.883976,2.63422,-3.01705
-203.605,124.262,207.639,-0.354267,0.905753,-0.232609,2.89527,0.861896,2.61244,-3.02537
-202.389,126.814,207.736,-0.348752,0.906438,-0.238205,2.89956,0.839322,2.60416,-3.03685
-201.098,123.173,207.664,-0.348364,0.908086,-0.232428,2.89271,0.860029,2.61159,-3.01418
-201.791,119.653,209.403,-0.345741,0.910343,-0.227461,2.88572,0.877665,2.61724,-2.98986
-202.011,121.286,207.298,-0.340412,0.910721,-0.233896,2.88177,0.867095,2.60383,-2.98991
-200.379,121.07,207.893,-0.338493,0.911375,-0.234134,2.88488,0.859415,2.60487,-2.99341
-198.418,112.4,211.208,-0.340812,0.914687,-0.217245,2.8813,0.898914,2.63317,-2.95601
-198.418,112.4,211.208,-0.340812,0.914687,-0.217245,2.8813,0.898914,2.63317,-2.95601
-198.418,112.4,211.208,-0.340812,0.914687,-0.217245,2.8813,0.898913,2.63317,-2.95601
-198.418,112.4,211.208,-0.340812,0.914687,-0.217245,2.8813,0.898913,2.63317,-2.95601
-198.418,112.4,211.208,-0.340812,0.914687,-0.217245,2.8813,0.898913,2.63317,-2.95601
-198.418,112.4,211.208,-0.340812,0.914687,-0.217245,2.8813,0.898912,2.63317,-2.95601
-198.418,112.4,211.208,-0.340812,0.914687,-0.217245,2.8813,0.898912,2.63317,-2.95601
-198.418,112.4,211.208,-0.340812,0.914687,-0.217245,2.8813,0.898912,2.63317,-2.95601
-198.418,112.4,211.208,-0.340812,0.914687,-0.217245,2.8813,0.898911,2.63317,-2.95601
-198.418,112.4,211.208,-0.340812,0.914687,-0.217245,2.8813,0.898911,2.63317,-2.95601
-198.418,112.4,211.208,-0.340812,0.914687,-0.217245,2.8813,0.898911,2.63317,-2.95601
-198.418,112.4,211.208,-0.340812,0.914687,-0.217245,2.8813,0.89891,2.63317,-2.95601
-198.418,112.4,211.208,-0.340812,0.914687,-0.217245,2.8813,0.89891,2.63317,-2.95601
-198.418,112.4,211.208,-0.340812,0.914687,-0.217245,2.8813,0.89891,2.63317,-2.95601
-198.418,112.401,211.208,-0.340812,0.914687,-0.217246,2.8813,0.898909,2.63317,-2.95601
-198.418,112.401,211.208,-0.340812,0.914687,-0.217246,2.8813,0.898909,2.63317,-2.95601
-198.418,112.401,211.208,-0.340812,0.914686,-0.217246,2.8813,0.898909,2.63317,-2.95601
-198.418,112.401,211.208,-0.340812,0.914686,-0.217246,2.8813,0.898908,2.63317,-2.95601
-198.418,112.401,211.209,-0.340812,0.914686,-0.217246,2.8813,0.898908,2.63317,-2.95601
-198.418,112.401,211.209,-0.340812,0.914686,-0.217246,2.8813,0.898908,2.63317,-2.95602
-198.418,112.401,211.209,-0.340812,0.914686,-0.217246,2.8813,0.898907,2.63317,-2.95602
-198.418,112.401,211.209,-0.340812,0.914686,-0.217246,2.8813,0.898907,2.63317,-2.95602
-198.418,112.401,211.209,-0.340812,0.914686,-0.217246,2.8813,0.898907,2.63317,-2.95602
-198.418,112.401,211.209,-0.340812,0.914686,-0.217246,2.8813,0.898906,2.63317,-2.95602
-198.418,112.401,211.209,-0.340812,0.914686,-0.217246,2.8813,0.898906,2.63317,-2.95602
-198.418,112.401,211.209,-0.340812,0.914686,-0.217246,2.8813,0.898906,2.63317,-2.95602
-198.418,112.401,211.209,-0.340812,0.914686,-0.217246,2.8813,0.898905,2.63317,-2.95602
-198.418,112.401,211.209,-0.340812,0.914686,-0.217246,2.8813,0.898905,2.63317,-2.95602
-198.418,112.401,211.209,-0.340812,0.914686,-0.217246,2.8813,0.898905,2.63317,-2.95602
-198.418,112.401,211.209,-0.340812,0.914686,-0.217246,2.8813,0.898904,2.63317,-2.95602
-198.418,112.401,211.209,-0.340812,0.914686,-0.217246,2.8813,0.898904,2.63317,-2.95602
-198.418,112.401,211.209,-0.340813,0.914686,-0.217246,2.8813,0.898904,2.63317,-2.95602
-198.418,112.401,211.209,-0.340813,0.914686,-0.217246,2.8813,0.898904,2.63317,-2.95602
-198.418,112.401,211.209,-0.340813,0.914686,-0.217246,2.8813,0.898903,2.63317,-2.95602
-198.418,112.401,211.209,-0.340813,0.914686,-0.217246,2.8813,0.898903,2.63317,-2.95602
-198.418,112.401,211.209,-0.340813,0.914686,-0.217246,2.8813,0.898903,2.63317,-2.95602
-198.418,112.401,211.209,-0.340813,0.914686,-0.217246,2.8813,0.898902,2.63317,-2.95602
-198.418,112.401,211.209,-0.340813,0.914686,-0.217246,2.8813,0.898902,2.63317,-2.95602
-198.418,112.401,211.209,-0.340813,0.914686,-0.217246,2.8813,0.898902,2.63317,-2.95602
-198.418,112.401,211.209,-0.340813,0.914686,-0.217247,2.8813,0.898901,2.63317,-2.95602
-198.418,112.401,211.209,-0.340813,0.914686,-0.217247,2.8813,0.898901,2.63317,-2.95602
-198.418,112.401,211.209,-0.340813,0.914686,-0.217247,2.8813,0.898901,2.63317,-2.95602
-198.418,112.401,211.209,-0.340813,0.914686,-0.217247,2.8813,0.8989,2.63317,-2.95602
-198.418,112.401,211.209,-0.340813,0.914686,-0.217247,2.8813,0.8989,2.63317,-2.95602
-198.418,112.401,211.209,-0.340813,0.914686,-0.217247,2.8813,0.8989,2.63317,-2.95602
-198.418,112.401,211.209,-0.340813,0.914686,-0.217247,2.8813,0.8989,2.63317,-2.95602
-198.418,112.401,211.209,-0.340813,0.914686,-0.217247,2.8813,0.898899,2.63317,-2.95602
-198.418,112.401,211.209,-0.340813,0.914686,-0.217247,2.8813,0.898899,2.63317,-2.95602
-198.418,112.401,211.209,-0.340813,0.914686,-0.217247,2.8813,0.898899,2.63317,-2.95603
-198.418,112.401,211.209,-0.340813,0.914686,-0.217247,2.8813,0.898898,2.63317,-2.95603
-198.418,112.401,211.209,-0.340813,0.914686,-0.217247,2.8813,0.898898,2.63317,-2.95603
-198.418,112.401,211.209,-0.340813,0.914686,-0.217247,2.8813,0.898898,2.63317,-2.95603
-198.418,112.401,211.209,-0.340813,0.914686,-0.217247,2.8813,0.898898,2.63317,-2.95603
-198.418,112.401,211.209,-0.340813,0.914686,-0.217247,2.8813,0.898897,2.63317,-2.95603
-198.418,112.401,211.209,-0.340813,0.914686,-0.217247,2.8813,0.898897,2.63317,-2.95603
-198.418,112.401,211.209,-0.340813,0.914686,-0.217247,2.8813,0.898897,2.63317,-2.95603
-198.418,112.401,211.209,-0.340813,0.914686,-0.217247,2.8813,0.898896,2.63317,-2.95603
-198.418,112.401,211.209,-0.340813,0.914686,-0.217247,2.8813,0.898896,2.63317,-2.95603
-198.418,112.401,211.209,-0.340813,0.914686,-0.217247,2.8813,0.898896,2.63317,-2.95603
-198.418,112.401,211.209,-0.340813,0.914686,-0.217247,2.8813,0.898896,2.63317,-2.95603
-198.418,112.402,211.209,-0.340813,0.914686,-0.217247,2.8813,0.898895,2.63317,-2.95603
-198.418,112.402,211.209,-0.340813,0.914686,-0.217247,2.88131,0.898895,2.63317,-2.95603
-198.418,112.402,211.209,-0.340813,0.914686,-0.217247,2.88131,0.898895,2.63317,-2.95603
-198.418,112.402,211.209,-0.340813,0.914686,-0.217247,2.88131,0.898894,2.63317,-2.95603
-198.418,112.402,211.209,-0.340813,0.914686,-0.217247,2.88131,0.898894,2.63317,-2.95603
-198.417,112.402,211.209,-0.340813,0.914686,-0.217247,2.88131,0.898894,2.63317,-2.95603
-198.417,112.402,211.209,-0.340813,0.914686,-0.217247,2.88131,0.898894,2.63317,-2.95603
-198.417,112.402,211.209,-0.340813,0.914686,-0.217247,2.88131,0.898893,2.63317,-2.95603
-198.417,112.402,211.209,-0.340813,0.914686,-0.217248,2.88131,0.898893,2.63317,-2.95603
-198.417,112.402,211.209,-0.340813,0.914686,-0.217248,2.88131,0.898893,2.63317,-2.95603
-198.417,112.402,211.209,-0.340813,0.914686,-0.217248,2.88131,0.898892,2.63317,-2.95603
-198.417,112.402,211.209,-0.340813,0.914686,-0.217248,2.88131,0.898892,2.63317,-2.95603
-198.417,112.402,211.209,-0.340813,0.914686,-0.217248,2.88131,0.898892,2.63317,-2.95603
-198.417,112.402,211.209,-0.340813,0.914686,-0.217248,2.88131,0.898892,2.63317,-2.95603
-198.417,112.402,211.209,-0.340813,0.914686,-0.217248,2.88131,0.898891,2.63317,-2.95603
-198.417,112.402,211.209,-0.340813,0.914686,-0.217248,2.88131,0.898891,2.63317,-2.95603
-198.417,112.402,211.209,-0.340813,0.914686,-0.217248,2.88131,0.898891,2.63317,-2.95603
-198.417,112.402,211.209,-0.340813,0.914686,-0.217248,2.88131,0.898891,2.63317,-2.95603
-198.417,112.402,211.209,-0.340813,0.914686,-0.217248,2.88131,0.89889,2.63317,-2.95603
-198.417,112.402,211.209,-0.340813,0.914686,-0.217248,2.88131,0.89889,2.63317,-2.95604
-198.417,112.402,211.209,-0.340813,0.914686,-0.217248,2.88131,0.89889,2.63317,-2.95604
-198.417,112.402,211.209,-0.340813,0.914686,-0.217248,2.88131,0.89889,2.63317,-2.95604
-198.417,112.402,211.209,-0.340813,0.914686,-0.217248,2.88131,0.898889,2.63317,-2.95604
-198.417,112.402,211.209,-0.340813,0.914686,-0.217248,2.88131,0.898889,2.63317,-2.95604
-198.417,112.402,211.209,-0.340813,0.914686,-0.217248,2.88131,0.898889,2.63317,-2.95604
-198.417,112.402,211.209,-0.340813,0.914685,-0.217248,2.88131,0.898888,2.63317,-2.95604
-198.417,112.402,211.209,-0.340813,0.914685,-0.217248,2.88131,0.898888,2.63317,-2.95604
-198.417,112.402,211.209,-0.340813,0.914685,-0.217248,2.88131,0.898888,2.63317,-2.95604
-198.417,112.402,211.209,-0.340813,0.914685,-0.217248,2.88131,0.898888,2.63317,-2.95604
-198.417,112.402,211.209,-0.340813,0.914685,-0.217248,2.88131,0.898887,2.63317,-2.95604
-198.417,112.402,211.209,-0.340813,0.914685,-0.217248,2.88131,0.898887,2.63317,-2.95604
-198.417,112.402,211.209,-0.340813,0.914685,-0.217248,2.88131,0.898887,2.63317,-2.95604
-198.417,112.402,211.209,-0.340813,0.914685,-0.217248,2.88131,0.898887,2.63317,-2.95604
-198.417,112.402,211.209,-0.340813,0.914685,-0.217248,2.88131,0.898886,2.63317,-2.95604
-198.417,112.402,211.209,-0.340813,0.914685,-0.217248,2.88131,0.898886,2.63317,-2.95604
-198.417,112.402,211.209,-0.340813,0.914685,-0.217248,2.88131,0.898886,2.63317,-2.95604
-198.417,112.402,211.209,-0.340813,0.914685,-0.217248,2.88131,0.898886,2.63317,-2.95604
-198.417,112.402,211.209,-0.340813,0.914685,-0.217248,2.88131,0.898885,2.63317,-2.95604
-198.417,112.402,211.209,-0.340814,0.914685,-0.217248,2.88131,0.898885,2.63317,-2.95604
-198.417,112.402,211.209,-0.340814,0.914685,-0.217248,2.88131,0.898885,2.63317,-2.95604
-198.417,112.402,211.209,-0.340814,0.914685,-0.217248,2.88131,0.898885,2.63317,-2.95604
-198.417,112.402,211.209,-0.340814,0.914685,-0.217248,2.88131,0.898884,2.63317,-2.95604
-198.417,112.402,211.209,-0.340814,0.914685,-0.217249,2.88131,0.898884,2.63317,-2.95604
-198.417,112.402,211.209,-0.340814,0.914685,-0.217249,2.88131,0.898884,2.63317,-2.95604
-198.417,112.402,211.209,-0.340814,0.914685,-0.217249,2.88131,0.898884,2.63317,-2.95604
-198.417,112.402,211.209,-0.340814,0.914685,-0.217249,2.88131,0.898883,2.63317,-2.95604
-198.417,112.402,211.209,-0.340814,0.914685,-0.217249,2.88131,0.898883,2.63317,-2.95604
-198.417,112.402,211.209,-0.340814,0.914685,-0.217249,2.88131,0.898883,2.63317,-2.95604
-198.417,112.402,211.209,-0.340814,0.914685,-0.217249,2.88131,0.898883,2.63317,-2.95604
-198.417,112.402,211.209,-0.340814,0.914685,-0.217249,2.88131,0.898882,2.63317,-2.95604
-198.417,112.402,211.209,-0.340814,0.914685,-0.217249,2.88131,0.898882,2.63317,-2.95604
-198.417,112.402,211.209,-0.340814,0.914685,-0.217249,2.88131,0.898882,2.63317,-2.95604
-198.417,112.402,211.209,-0.340814,0.914685,-0.217249,2.88131,0.898882,2.63317,-2.95604
-198.417,112.402,211.209,-0.340814,0.914685,-0.217249,2.88131,0.898881,2.63317,-2.95604
-198.417,112.402,211.209,-0.340814,0.914685,-0.217249,2.88131,0.898881,2.63317,-2.95605
-198.417,112.403,211.209,-0.340814,0.914685,-0.217249,2.88131,0.898881,2.63317,-2.95605
-198.417,112.403,211.209,-0.340814,0.914685,-0.217249,2.88131,0.898881,2.63317,-2.95605
-198.417,112.403,211.209,-0.340814,0.914685,-0.217249,2.88131,0.89888,2.63317,-2.95605
-198.417,112.403,211.209,-0.340814,0.914685,-0.217249,2.88131,0.89888,2.63317,-2.95605
-198.417,112.403,211.209,-0.340814,0.914685,-0.217249,2.88131,0.89888,2.63317,-2.95605
-198.417,112.403,211.209,-0.340814,0.914685,-0.217249,2.88131,0.89888,2.63317,-2.95605
-198.417,112.403,211.209,-0.340814,0.914685,-0.217249,2.88131,0.898879,2.63317,-2.95605
-198.417,112.403,211.209,-0.340814,0.914685,-0.217249,2.88131,0.898879,2.63317,-2.95605
-198.417,112.403,211.209,-0.340814,0.914685,-0.217249,2.88131,0.898879,2.63317,-2.95605
-198.417,112.403,211.209,-0.340814,0.914685,-0.217249,2.88131,0.898879,2.63317,-2.95605
-198.417,112.403,211.209,-0.340814,0.914685,-0.217249,2.88131,0.898879,2.63317,-2.95605
-198.417,112.403,211.209,-0.340814,0.914685,-0.217249,2.88131,0.898878,2.63317,-2.95605
-198.417,112.403,211.209,-0.340814,0.914685,-0.217249,2.88131,0.898878,2.63317,-2.95605
-198.417,112.403,211.209,-0.340814,0.914685,-0.217249,2.88131,0.898878,2.63317,-2.95605
-198.417,112.403,211.209,-0.340814,0.914685,-0.217249,2.88131,0.898878,2.63317,-2.95605
-198.417,112.403,211.209,-0.340814,0.914685,-0.217249,2.88131,0.898877,2.63317,-2.95605
-198.417,112.403,211.209,-0.340814,0.914685,-0.217249,2.88131,0.898877,2.63317,-2.95605
-198.417,112.403,211.209,-0.340814,0.914685,-0.217249,2.88131,0.898877,2.63317,-2.95605
-198.417,112.403,211.209,-0.340814,0.914685,-0.217249,2.88131,0.898877,2.63317,-2.95605
-198.417,112.403,211.209,-0.340814,0.914685,-0.217249,2.88131,0.898876,2.63317,-2.95605
-198.417,112.403,211.209,-0.340814,0.914685,-0.217249,2.88131,0.898876,2.63317,-2.95605
-198.417,112.403,211.209,-0.340814,0.914685,-0.217249,2.88131,0.898876,2.63317,-2.95605
-198.417,112.403,211.209,-0.340814,0.914685,-0.217249,2.88131,0.898876,2.63317,-2.95605
-198.416,112.403,211.209,-0.340814,0.914685,-0.217249,2.88131,0.898875,2.63317,-2.95605
-198.416,112.403,211.209,-0.340814,0.914685,-0.217249,2.88131,0.898875,2.63317,-2.95605
-198.416,112.403,211.209,-0.340814,0.914685,-0.217249,2.88131,0.898875,2.63317,-2.95605
-198.416,112.403,211.209,-0.340814,0.914685,-0.217249,2.88131,0.898875,2.63317,-2.95605
-198.416,112.403,211.209,-0.340814,0.914685,-0.21725,2.88131,0.898875,2.63317,-2.95605
-198.416,112.403,211.209,-0.340814,0.914685,-0.21725,2.88132,0.898874,2.63317,-2.95605
-198.416,112.403,211.209,-0.340814,0.914685,-0.21725,2.88132,0.898874,2.63317,-2.95605
-198.416,112.403,211.209,-0.340814,0.914685,-0.21725,2.88132,0.898874,2.63317,-2.95605
-198.416,112.403,211.209,-0.340814,0.914685,-0.21725,2.88132,0.898874,2.63317,-2.95605
-198.416,112.403,211.209,-0.340814,0.914685,-0.21725,2.88132,0.898873,2.63317,-2.95605
-198.416,112.403,211.209,-0.340814,0.914685,-0.21725,2.88132,0.898873,2.63317,-2.95605
-198.416,112.403,211.209,-0.340814,0.914685,-0.21725,2.88132,0.898873,2.63317,-2.95605
-198.416,112.403,211.209,-0.340814,0.914685,-0.21725,2.88132,0.898873,2.63317,-2.95605
-198.416,112.403,211.209,-0.340814,0.914685,-0.21725,2.88132,0.898873,2.63317,-2.95605
-198.416,112.403,211.209,-0.340814,0.914685,-0.21725,2.88132,0.898872,2.63317,-2.95605
