165.649,155.684,219.284,0.816994,0.478485,-0.321829,2.78305,2.61344,-2.39771,1.55382
165.836,155.781,219.659,0.817664,0.476366,-0.323268,2.78715,2.60425,-2.39695,1.54921
165.146,155.863,220.633,0.818068,0.47569,-0.323239,2.79148,2.59815,-2.39898,1.54477
163.116,157.911,221.132,0.818242,0.475322,-0.323341,2.78716,2.60288,-2.39682,1.55036
160.194,159.592,222.368,0.819383,0.475062,-0.320823,2.78341,2.60995,-2.39973,1.55911
162.564,156.659,223.853,0.820911,0.471636,-0.321969,2.79906,2.58524,-2.40476,1.54228
160.196,158.06,224.734,0.821457,0.471216,-0.32119,2.79539,2.59013,-2.40455,1.54851
158.455,158.635,225.36,0.822385,0.470054,-0.320517,2.79433,2.59077,-2.40532,1.55225
156.549,160.145,225.821,0.822506,0.470024,-0.320252,2.79095,2.59521,-2.40427,1.55688
155.953,160.44,225.636,0.822659,0.469184,-0.32109,2.79321,2.59046,-2.40375,1.55383
153.259,160.749,227.758,0.823597,0.469949,-0.317547,2.79277,2.59591,-2.4101,1.55886
152.037,161.879,227.549,0.823597,0.469825,-0.317729,2.79101,2.59773,-2.40895,1.5609
151.493,161.834,226.941,0.824161,0.468241,-0.318604,2.79225,2.59328,-2.40791,1.55995
148.504,164.161,227.197,0.824168,0.469333,-0.316975,2.78527,2.60509,-2.40767,1.56976
148.745,162.692,229.018,0.825728,0.467752,-0.315249,2.79389,2.59448,-2.41485,1.56367
148.483,163.285,228.098,0.826102,0.465776,-0.317189,2.79413,2.58956,-2.41138,1.56277
147.568,163.079,227.875,0.826623,0.464657,-0.317471,2.79594,2.58563,-2.41169,1.56144
146.826,162.693,230.815,0.827255,0.465183,-0.315045,2.80181,2.58167,-2.41885,1.55716
143.848,164.554,232.47,0.828593,0.464466,-0.312578,2.79557,2.59149,-2.42054,1.56968
142.722,164.841,229.174,0.828644,0.462323,-0.315605,2.79262,2.58908,-2.41361,1.57126
140.537,164.416,231.472,0.82941,0.463666,-0.311596,2.79548,2.59179,-2.4223,1.57229
139.987,164.489,231.769,0.829839,0.462857,-0.311658,2.79611,2.58996,-2.42248,1.57238
137.249,164.368,232.838,0.831354,0.462412,-0.308262,2.7927,2.59776,-2.4271,1.58255
137.724,164.343,233.275,0.830808,0.462683,-0.309325,2.79587,2.5928,-2.42665,1.57654
135.959,165.393,230.794,0.830021,0.462838,-0.311202,2.78963,2.5986,-2.42028,1.58125
133.795,165.387,234.342,0.831202,0.463975,-0.306317,2.79064,2.6046,-2.42967,1.58637
134.804,165.711,229.607,0.829894,0.462009,-0.312769,2.78927,2.59619,-2.41725,1.58023
131.602,164.214,233.179,0.83115,0.464251,-0.306039,2.79335,2.60185,-2.43146,1.58306
131.49,165.521,233.106,0.831454,0.462786,-0.30743,2.78876,2.60418,-2.42675,1.58839
129.97,163.632,232.113,0.831175,0.463623,-0.306923,2.79139,2.60249,-2.42892,1.58488
127.843,163.127,232.424,0.831473,0.464611,-0.304612,2.79132,2.60661,-2.43309,1.58749
129.231,163.451,231.346,0.83058,0.46364,-0.308504,2.79388,2.59746,-2.42722,1.5792
124.228,163.421,232.749,0.831709,0.465363,-0.302817,2.78784,2.61416,-2.43467,1.5939
126.07,162.547,229.56,0.830337,0.464198,-0.308319,2.79298,2.59949,-2.42713,1.57996
123.02,162.012,230.699,0.831103,0.465172,-0.304766,2.79307,2.60488,-2.43364,1.58436
120.325,161.072,231.753,0.831939,0.465769,-0.301558,2.79395,2.60847,-2.43989,1.58771
119.93,160.976,230.215,0.831535,0.465034,-0.303797,2.79424,2.60442,-2.43597,1.58459
119.181,161.033,227.271,0.83093,0.464224,-0.306678,2.7922,2.6025,-2.42975,1.58353
116.063,161.523,227.218,0.831228,0.465524,-0.303888,2.7881,2.61268,-2.43286,1.59163
113.213,161.273,226.702,0.831265,0.467144,-0.301289,2.78709,2.61918,-2.43706,1.59521
111.592,162.862,224.862,0.830791,0.467195,-0.302514,2.7832,2.62259,-2.43295,1.59804
109.662,160.527,225.606,0.831355,0.468382,-0.299111,2.79115,2.61829,-2.44296,1.59215
110.241,161.194,224.154,0.830761,0.467183,-0.302616,2.7908,2.61286,-2.43646,1.5883
107.181,161.514,223.443,0.830381,0.468904,-0.300993,2.78675,2.62211,-2.43743,1.59401
105.639,162.589,222.26,0.829899,0.469808,-0.300912,2.78332,2.62763,-2.43589,1.59738
104.5,161.416,223.11,0.82944,0.471907,-0.298886,2.78919,2.62532,-2.44241,1.59077
101.471,161.55,223.794,0.829253,0.474498,-0.295281,2.78686,2.63611,-2.44774,1.59665
100.172,161.367,224.301,0.829695,0.475171,-0.292948,2.78742,2.63929,-2.45219,1.59908
99.0015,161.889,223.807,0.829761,0.475109,-0.292862,2.78345,2.64441,-2.45035,1.60438
99.1901,163.765,221.259,0.828961,0.474387,-0.296279,2.77788,2.64605,-2.44147,1.60649
97.7281,165.393,220.394,0.829563,0.474061,-0.295114,2.77229,2.65423,-2.4407,1.61589
93.579,162.336,223.896,0.830132,0.47923,-0.284991,2.78154,2.66268,-2.4633,1.61556
99.5555,162.933,221.996,0.828348,0.477346,-0.293225,2.7922,2.6354,-2.45406,1.58983
95.2209,161.504,223.402,0.829661,0.480083,-0.284927,2.78947,2.65352,-2.46747,1.60438
92.8405,160.691,224.382,0.829293,0.483269,-0.280579,2.78893,2.66422,-2.47487,1.60895
91.8847,160.492,224.715,0.828702,0.485309,-0.278797,2.78849,2.66984,-2.47777,1.61027
90.4235,160.193,227.261,0.82754,0.490005,-0.273994,2.79215,2.67773,-2.48808,1.60851
94.24,158.061,226.953,0.825838,0.491473,-0.276488,2.8076,2.65512,-2.49158,1.58147
88.494,159.101,226.554,0.826784,0.49373,-0.269555,2.79045,2.69119,-2.49492,1.61452
85.2873,157.232,228.393,0.825821,0.49862,-0.263434,2.79203,2.70452,-2.50634,1.61812
86.5478,156.392,229.826,0.824772,0.500613,-0.262943,2.79837,2.69909,-2.51058,1.60803
82.657,159.336,229.074,0.825439,0.500933,-0.260224,2.77862,2.73044,-2.5045,1.63953
78.4122,157.915,231.923,0.825285,0.504832,-0.25308,2.7758,2.75092,-2.51491,1.65295
80.9606,153.866,233.53,0.823367,0.507825,-0.253338,2.79443,2.72889,-2.52492,1.62358
76.8091,157.754,233.25,0.823911,0.508232,-0.25074,2.7734,2.76228,-2.51743,1.65685
77.0142,156.091,234.644,0.822143,0.511399,-0.250103,2.78005,2.75834,-2.5223,1.64542
80.1262,152.759,237.846,0.820543,0.514334,-0.249337,2.79923,2.73694,-2.53437,1.61712
77.008,153.613,237.37,0.819948,0.51707,-0.245609,2.79134,2.75771,-2.53624,1.63246
74.3478,154.156,239.567,0.819602,0.519947,-0.240641,2.78754,2.7754,-2.54233,1.64476
74.349,154.58,239.319,0.818168,0.521804,-0.241498,2.78667,2.77731,-2.54041,1.64185
71.1362,158.22,239.327,0.816915,0.524438,-0.24003,2.77445,2.79988,-2.53565,1.65846
72.0787,157.168,242.442,0.816112,0.526231,-0.238834,2.78626,2.78817,-2.54457,1.64274
69.9941,160.187,243.457,0.814819,0.528588,-0.238044,2.7795,2.80181,-2.54189,1.65087
69.3333,161.199,244.733,0.813917,0.530405,-0.237085,2.78202,2.80238,-2.54495,1.64728
68.4537,161.452,247.915,0.813943,0.53187,-0.23369,2.78584,2.80533,-2.55275,1.64774
68.2686,161.9,249.823,0.813319,0.53357,-0.231982,2.78954,2.80552,-2.55772,1.6443
65.0973,163.89,251.426,0.813144,0.535524,-0.22806,2.78252,2.82536,-2.55987,1.66058
66.2832,164.127,253.476,0.811512,0.537939,-0.228188,2.78937,2.81852,-2.56379,1.64776
63.6157,167.529,254.049,0.810245,0.540523,-0.226576,2.77994,2.83804,-2.56068,1.66142
63.2612,166.776,257.821,0.809845,0.542555,-0.223125,2.78793,2.83635,-2.57108,1.6558
64.2153,170.332,257.141,0.806986,0.544956,-0.227586,2.78473,2.83487,-2.56197,1.64696
61.3397,170.22,260.977,0.806834,0.548005,-0.220701,2.78657,2.84996,-2.57411,1.6567
59.988,169.773,264.747,0.806666,0.550196,-0.21581,2.78992,2.85816,-2.58394,1.66099
63.0982,167.174,270.58,0.804685,0.553892,-0.213743,2.80905,2.83928,-2.59895,1.63357
63.8397,167.132,273.55,0.803985,0.555886,-0.211185,2.8136,2.8404,-2.60581,1.63052
56.9007,175.014,269.388,0.803085,0.557393,-0.210637,2.77618,2.8976,-2.58331,1.68413
57.2129,171.992,272.285,0.800707,0.561731,-0.20815,2.78757,2.89248,-2.59446,1.66895
57.4784,173.455,273.199,0.798635,0.564456,-0.20874,2.78882,2.89279,-2.59434,1.66228
55.8899,172.972,275.604,0.79806,0.566651,-0.204957,2.79047,2.90165,-2.60125,1.66679
54.4905,173.616,277.361,0.796916,0.568948,-0.203035,2.78914,2.91081,-2.60336,1.67077
55.0333,174.421,278.696,0.794607,0.571871,-0.20387,2.79135,2.9094,-2.6035,1.66176
56.9393,170.317,286.755,0.793704,0.575339,-0.197533,2.81252,2.89702,-2.6268,1.64256
54.3877,175.585,283.239,0.792255,0.576729,-0.199286,2.79212,2.92498,-2.61103,1.66649
49.8493,176.504,282.644,0.78996,0.581102,-0.195664,2.78243,2.95298,-2.61013,1.68453
50.152,176.09,284.253,0.787457,0.584487,-0.195672,2.78782,2.94957,-2.6137,1.67253
49.4525,176.606,284.983,0.785173,0.587545,-0.195688,2.78904,2.95166,-2.61447,1.66684
44.1185,181.974,285.941,0.784414,0.589214,-0.193705,2.76768,2.98858,-2.60304,1.7001
43.0607,180.719,288.681,0.783788,0.590921,-0.191019,2.76862,2.99605,-2.6076,1.70402
44.5013,179.833,289.172,0.781737,0.592998,-0.192976,2.77349,2.98717,-2.60808,1.68925
43.0944,181.299,290.121,0.779987,0.595254,-0.193114,2.76827,2.99693,-2.60431,1.69319
47.7329,177.22,297.047,0.779717,0.595561,-0.193256,2.79214,2.96327,-2.62019,1.6587
50.6768,173.577,302.624,0.778454,0.59701,-0.19388,2.81486,2.92964,-2.63398,1.62116
46.4055,177.088,299.073,0.776183,0.599094,-0.196539,2.80224,2.94509,-2.62179,1.63042
43.882,183.103,296.418,0.774104,0.599945,-0.20206,2.78511,2.95827,-2.60224,1.63963
43.3537,179.695,299.408,0.771979,0.603692,-0.199008,2.795,2.95591,-2.61333,1.62856
46.7766,168.229,319.47,0.771686,0.609316,-0.182305,2.84005,2.9339,-2.66794,1.59718
43.1336,177.705,307.951,0.767779,0.611941,-0.18985,2.80382,2.9755,-2.63303,1.62964
39.4283,184.929,301.289,0.764797,0.614065,-0.194959,2.77957,3.00112,-2.60926,1.64809
42.5164,183.577,305.326,0.76302,0.615763,-0.196561,2.79893,2.9716,-2.61962,1.6136
34.8348,189.098,300.339,0.761474,0.617519,-0.197045,2.77278,3.01015,-2.60161,1.64739
36.9161,192.486,303.824,0.759096,0.619162,-0.201024,2.77149,3.00479,-2.59482,1.63636
41.4703,184.528,315.035,0.757058,0.624037,-0.193498,2.80422,2.9819,-2.62774,1.60315
36.6775,199.081,304.277,0.752323,0.626605,-0.203414,2.76107,3.02335,-2.58427,1.63439
36.3821,205.238,297.087,0.749865,0.627445,-0.2098,2.74661,3.02928,-2.56507,1.63578
34.854,208.856,297.016,0.748462,0.629217,-0.209502,2.74273,3.03732,-2.56287,1.63921
32.4029,200.814,306.981,0.751707,0.630317,-0.194005,2.76341,3.04716,-2.59968,1.65159
28.3737,205.484,307.859,0.751503,0.63077,-0.19332,2.74736,3.07073,-2.58947,1.67418
33.1365,208.291,309.424,0.749567,0.6309,-0.200286,2.75567,3.04348,-2.58521,1.64419
32.8914,212.745,312.612,0.747863,0.632388,-0.201955,2.75703,3.0398,-2.58369,1.63594
33.2659,210.55,318.28,0.748635,0.63259,-0.198433,2.77313,3.02637,-2.59977,1.62322
29.0625,210.849,322.955,0.749627,0.632876,-0.19372,2.77338,3.03759,-2.60692,1.63529
28.0772,214.382,322.979,0.748699,0.632801,-0.197518,2.76934,3.03402,-2.59858,1.63062
26.1994,217.055,324.85,0.749439,0.631634,-0.198446,2.76544,3.03561,-2.59457,1.63501
23.5558,221.807,324.336,0.749155,0.630907,-0.201798,2.75382,3.04244,-2.58174,1.6426
26.3918,219.477,329.845,0.748536,0.631351,-0.202707,2.77085,3.01799,-2.59187,1.61664
21.9567,224.6,327.147,0.748104,0.630954,-0.205519,2.75515,3.03229,-2.57716,1.63098
21.9921,226.335,324.179,0.746755,0.631168,-0.209724,2.75244,3.0268,-2.5691,1.62338
21.861,226.482,325.782,0.746287,0.631871,-0.20927,2.7561,3.02391,-2.57222,1.61878
20.0896,228.131,326.485,0.745856,0.632491,-0.208934,2.75178,3.03118,-2.56983,1.62451
19.509,232.679,325.014,0.744039,0.633382,-0.212678,2.74464,3.03352,-2.55947,1.62305
21.1163,232.028,326.999,0.74274,0.634802,-0.212989,2.75458,3.02178,-2.56562,1.60738
15.0414,238.331,324.929,0.741523,0.636404,-0.212449,2.73542,3.04986,-2.55358,1.63135
21.5011,236.07,330.145,0.740899,0.636571,-0.214115,2.76052,3.01386,-2.56783,1.59425
14.4868,233.007,331.536,0.742831,0.637287,-0.205101,2.75633,3.04016,-2.57858,1.62201
14.8182,238.657,328.024,0.740425,0.637972,-0.211569,2.74713,3.03887,-2.56279,1.61646
12.2234,235.757,331.271,0.740841,0.639495,-0.20543,2.75339,3.04628,-2.57611,1.62207
14.933,238.654,328.537,0.739563,0.639043,-0.211354,2.75102,3.03571,-2.56572,1.61048
13.0521,239.77,334.401,0.738076,0.641802,-0.208167,2.75584,3.04006,-2.5737,1.60858
2.26132,240.886,333.535,0.7388,0.643501,-0.200202,2.7373,3.08446,-2.57261,1.65133
5.71794,239.838,336.637,0.737017,0.64491,-0.202231,2.746,3.07054,-2.57574,1.63284
2.98825,240.264,334.305,0.735325,0.647133,-0.201287,2.74017,3.08324,-2.57306,1.63985
-4.22646,240.905,337.255,0.736607,0.648016,-0.193613,2.7294,3.11605,-2.57627,1.67304
-5.59208,243.486,336.474,0.73527,0.649137,-0.194933,2.71998,3.12601,-2.56764,1.67949
-2.97238,238.098,344.353,0.73288,0.652702,-0.192008,2.74224,3.11007,-2.58769,1.65487
-11.4107,241.684,346.321,0.732055,0.654856,-0.187773,2.73009,3.13873,-2.58479,1.67914
-10.8573,244.794,342.031,0.729238,0.65585,-0.195121,2.73043,3.12185,-2.57491,1.65693
-13.5202,247.838,341.479,0.72657,0.658538,-0.19602,2.7264,3.12844,-2.57076,1.65579
-14.8206,248.489,344.925,0.724967,0.661104,-0.193296,2.73235,3.13104,-2.57882,1.65233
-20.6814,247.57,349.372,0.724669,0.663878,-0.184718,2.73417,0.012049,2.59192,-1.47124
-24.7961,257.3,346.285,0.72211,0.664603,-0.19199,2.71231,0.0219036,2.56604,-1.466
-29.5232,251.686,353.733,0.719168,0.67085,-0.180992,2.72658,0.0405734,2.59131,-1.46073
-30.1804,256.204,353.655,0.71284,0.676585,-0.184642,2.72717,0.0386259,2.58687,-1.47999
-29.287,260.763,353.604,0.708396,0.680098,-0.188791,2.72957,0.0303244,2.58302,-1.49972
-31.2267,264.741,352.024,0.704053,0.684191,-0.190244,2.72691,0.0358731,2.5791,-1.50631
-32.6429,268.432,350.963,0.701518,0.686536,-0.191157,2.72413,0.0404256,2.57583,-1.50879
-39.0474,266.559,354.443,0.701417,0.689493,-0.18059,2.72325,0.0719092,2.58935,-1.48174
-39.0224,268.633,354.419,0.698352,0.692369,-0.181465,2.72653,0.0697897,2.59064,-1.4924
-47.5687,268.632,357.673,0.697227,0.696171,-0.17094,2.71804,0.112914,2.59784,-1.45637
-59.133,265.681,362.852,0.697453,0.699635,-0.155144,2.71018,0.170857,2.61087,-1.40306
-59.1132,268.039,361.162,0.69453,0.701782,-0.158522,2.71067,0.163733,2.60728,-1.41745
-63.2285,266.886,364.761,0.692723,0.704822,-0.152841,2.71178,0.183187,2.61485,-1.40492
-74.3687,262.374,374.515,0.691487,0.709524,-0.135722,2.71097,0.242853,2.63324,-1.35369
-68.9117,270.329,367.186,0.687216,0.710362,-0.152055,2.7084,0.197299,2.61301,-1.40662
-72.8687,270.448,369.048,0.685175,0.71289,-0.149408,2.70631,0.211053,2.61433,-1.39939
-78.0949,271.617,371.07,0.682972,0.715617,-0.14643,2.69994,0.230753,2.61241,-1.38672
-73.9246,275.776,368.017,0.679855,0.71629,-0.157242,2.70219,0.197984,2.60197,-1.42499
-86.677,265.868,377.813,0.680027,0.720622,-0.135154,2.70456,0.267626,2.62843,-1.36112
-82.3192,266.729,375.737,0.67696,0.722188,-0.142017,2.71322,0.23931,2.62829,-1.39611
-83.7805,269.552,373.259,0.673057,0.725146,-0.145457,2.70692,0.240165,2.61927,-1.40511
-91.7917,267.759,376.777,0.670232,0.729476,-0.136578,2.70126,0.279754,2.62414,-1.37565
-91.223,268.099,376.372,0.667568,0.731577,-0.138376,2.7051,0.273275,2.62547,-1.38896
-96.0829,266.258,379.026,0.665498,0.734571,-0.132358,2.70372,0.298068,2.63062,-1.37132
-101.901,265.993,381.594,0.663057,0.737638,-0.127463,2.69916,0.322977,2.63167,-1.35421
-101.043,267.197,381.307,0.661244,0.738607,-0.131211,2.70251,0.309036,2.63077,-1.37218
-110.928,262.103,384.921,0.659162,0.7426,-0.118538,2.69823,0.360671,2.63949,-1.32903
-114.556,261.662,387.079,0.657642,0.744426,-0.115486,2.69741,0.374475,2.64159,-1.31996
-109.432,267.624,384.586,0.653683,0.745813,-0.128302,2.69955,0.332302,2.63117,-1.36996
-124.503,264.555,387.606,0.652402,0.749256,-0.113959,2.68234,0.400772,2.62957,-1.30801
-137.511,260.788,390.683,0.650424,0.752861,-0.100739,2.67247,0.459298,2.63164,-1.25724
-134.165,262.362,392.418,0.649163,0.75311,-0.106829,2.68304,0.430113,2.63633,-1.28867
-128.671,263.719,390.325,0.647139,0.753549,-0.115654,2.69325,0.391791,2.63776,-1.33065
-128.793,259.702,394.06,0.647096,0.754035,-0.112689,2.70446,0.392065,2.65039,-1.33108
-148.041,254.71,396.472,0.647167,0.756645,-0.0930793,2.68155,0.48488,2.64584,-1.24157
-153.19,258.037,394.726,0.645224,0.758185,-0.0940317,2.67075,0.492116,2.63512,-1.23931
-148.057,257.117,397.009,0.64274,0.759662,-0.0989928,2.68807,0.463284,2.6473,-1.27387
-164.871,258.587,394.139,0.641603,0.76186,-0.0889679,2.6573,0.525136,2.62617,-1.21662
-164.649,254,398.24,0.640001,0.763576,-0.0857376,2.67322,0.5282,2.64329,-1.21823
-163.817,252.769,399.791,0.638307,0.764939,-0.0862145,2.68231,0.522064,2.65147,-1.22873
-148.742,251.419,404.155,0.635194,0.766262,-0.0968103,2.71865,0.455007,2.67692,-1.30229
-161.678,253.222,403.164,0.634808,0.767665,-0.0877991,2.69473,0.511125,2.66192,-1.24857
-171.128,256.755,398.892,0.63269,0.769773,-0.0845739,2.67319,0.542167,2.64404,-1.2235
-170.961,253.428,401.589,0.631844,0.77078,-0.0816752,2.68462,0.546369,2.65672,-1.22189
-175.164,253.423,401.558,0.630452,0.772188,-0.0790912,2.68217,0.559957,2.6561,-1.21225
-172.934,251.772,402.688,0.628625,0.773594,-0.0798914,2.69414,0.550746,2.66686,-1.22609
-177.468,252.432,401.603,0.627345,0.774849,-0.0777693,2.68791,0.56522,2.66237,-1.2152
-171.301,260.958,396.804,0.624096,0.775849,-0.0925401,2.68721,0.512618,2.65147,-1.27413
-167.072,245.404,407.695,0.624721,0.776783,-0.0795712,2.72706,0.531727,2.69792,-1.25522
-167.012,253.652,401.365,0.62268,0.77736,-0.0893377,2.71237,0.50645,2.67711,-1.28442
-168.346,259.961,397.042,0.619991,0.778716,-0.0959844,2.70048,0.493887,2.66103,-1.3029
-171.76,252.053,401.572,0.622271,0.778143,-0.0852801,2.71018,0.525079,2.67811,-1.26741
-174.549,260.988,394.364,0.617453,0.780878,-0.0947692,2.68865,0.511546,2.65111,-1.29194
-175.108,252.218,398.919,0.615193,0.783649,-0.0862071,2.70463,0.53489,2.67227,-1.2756
-177.4,250.909,399.062,0.610798,0.787261,-0.0845318,2.70428,0.547444,2.67315,-1.27446
-176.996,255.839,395.346,0.608332,0.788421,-0.0912376,2.69565,0.531064,2.66024,-1.29618
-176.694,251.274,396.999,0.605068,0.79128,-0.0881383,2.70406,0.540538,2.67033,-1.29541
-179.846,245.878,398.872,0.60148,0.79473,-0.0814055,2.70786,0.569021,2.6787,-1.27685
-186.806,242.711,398.736,0.598112,0.797913,-0.0748145,2.70045,0.605504,2.67611,-1.2496
-176.492,249.134,398.972,0.594023,0.799309,-0.0907812,2.71263,0.536822,2.67623,-1.32654
-190.814,243.336,396.107,0.588465,0.804836,-0.0771267,2.69232,0.613928,2.66695,-1.26499
-183.133,237.713,403.543,0.584642,0.807599,-0.077311,2.72097,0.596717,2.6938,-1.29167
-189.095,242.041,398.921,0.58225,0.809313,-0.077447,2.69864,0.615874,2.6727,-1.27841
-189.489,238.791,398.645,0.577597,0.812889,-0.0747829,2.70072,0.630914,2.67639,-1.27514
-173.088,246.605,405.483,0.574193,0.813106,-0.095711,2.72789,0.528032,2.68621,-1.38385
-169.754,242.742,411.318,0.56714,0.817755,-0.098125,2.74435,0.510814,2.69895,-1.41803
-192.631,240.692,399.901,0.561552,0.822983,-0.0857778,2.69619,0.609942,2.66473,-1.3341
-200.991,235.087,398.412,0.56021,0.824864,-0.0759281,2.68579,0.657824,2.66153,-1.29057
-213.081,231.971,396.91,0.559579,0.826229,-0.0649337,2.66244,0.715666,2.64546,-1.23531
-194.727,232.06,403.407,0.552863,0.829607,-0.0780716,2.70117,0.647377,2.67468,-1.31856
-209.117,233.191,397.137,0.547424,0.833889,-0.0703978,2.6677,0.706226,2.64757,-1.27354
-204.878,232.647,398.248,0.544182,0.835754,-0.0733581,2.67992,0.691086,2.65752,-1.29617
-221.262,235.308,392.975,0.540242,0.838842,-0.0669474,2.64389,0.741031,2.62653,-1.25622
-218.274,238.153,398.102,0.534011,0.842412,-0.0719304,2.65747,0.722331,2.63692,-1.28931
-205.213,227.906,403.124,0.529327,0.845584,-0.0692884,2.70212,0.710664,2.6811,-1.31231
-209.453,233.437,395.881,0.526304,0.847137,-0.0732352,2.68125,0.711964,2.65886,-1.3178
-220.336,231.009,394.886,0.52234,0.850305,-0.064365,2.66416,0.761363,2.64741,-1.2785
-208.918,232.317,398.426,0.519675,0.851154,-0.0739885,2.69194,0.709752,2.66857,-1.33555
-214.827,230.025,397.496,0.51723,0.853017,-0.069541,2.68401,0.73552,2.66366,-1.31592
-211.311,235.278,395.981,0.513542,0.854441,-0.0787709,2.68591,0.702133,2.65984,-1.35711
-212.065,231.43,397.845,0.511693,0.85594,-0.0744095,2.69121,0.717911,2.66762,-1.34606
-215.766,231.2,397.682,0.50929,0.857534,-0.0725136,2.68299,0.73365,2.66096,-1.3361
-210.284,233.992,398.968,0.505678,0.858966,-0.0804211,2.69166,0.700777,2.66417,-1.37667
-215.958,234.256,396.317,0.501626,0.86147,-0.0789978,2.67965,0.719422,2.65378,-1.36758
-213.815,232.487,398.431,0.499054,0.862936,-0.0792899,2.68994,0.71415,2.6633,-1.37879
-213.409,232.822,400.565,0.495624,0.864816,-0.0803133,2.69344,0.711581,2.66592,-1.38921
-213.592,228.026,404.974,0.492394,0.867198,-0.0742685,2.70306,0.732696,2.67893,-1.37609
-214.477,225.364,405.12,0.490156,0.868799,-0.0702499,2.70493,0.750491,2.68319,-1.36378
-218.201,228.072,403.586,0.487474,0.870274,-0.0706575,2.69178,0.760651,2.67042,-1.35976
-215.004,233.266,401.987,0.485408,0.870841,-0.077552,2.68977,0.736856,2.66427,-1.38772
-215.417,225.799,404.553,0.482213,0.873368,-0.0685483,2.6985,0.770898,2.67807,-1.36174
-222.507,228.685,403.354,0.47933,0.875077,-0.0669585,2.67928,0.792509,2.66058,-1.34684
-209.54,230.425,407.96,0.475258,0.876611,-0.0753912,2.7078,0.744355,2.68269,-1.40364
-221.848,227.155,401.109,0.471864,0.879256,-0.065213,2.68202,0.806369,2.66416,-1.35013
-228.63,229.274,395.253,0.4689,0.880886,-0.0646019,2.66097,0.823874,2.64421,-1.33941
-231.768,223.545,400.829,0.462954,0.884527,-0.057322,2.6673,0.855744,2.65388,-1.32148
-236.364,228.948,395.554,0.458185,0.886663,-0.0624182,2.65094,0.849511,2.6356,-1.33816
-225.319,226.006,404.472,0.453235,0.888905,-0.0665221,2.68603,0.81981,2.6673,-1.37874
-243.868,232.596,395.141,0.449972,0.890613,-0.0658302,2.63785,0.852521,2.62126,-1.35341
-247.959,233.232,392.293,0.445471,0.892881,-0.0657183,2.63068,0.861499,2.61438,-1.35454
-235.693,230.765,399.124,0.441025,0.894775,-0.0698223,2.66633,0.832187,2.64658,-1.39352
-252.339,235.638,390.789,0.436119,0.897318,-0.0679691,2.62456,0.8668,2.60735,-1.36998
-254.378,227.375,395.688,0.431599,0.900193,-0.0581002,2.63816,0.901533,2.62518,-1.34591
-255.499,231.982,391.109,0.426958,0.901969,-0.0644875,2.63109,0.886406,2.61538,-1.37096
-264.48,227.042,389.772,0.421016,0.905322,-0.0560218,2.62062,0.928336,2.60897,-1.34267
-261.433,230.605,389.498,0.416154,0.907106,-0.0630473,2.62721,0.905401,2.6123,-1.37594
-260.605,224.999,392.981,0.410981,0.909796,-0.0580165,2.64021,0.923709,2.62722,-1.3693
-261.884,224.082,392.991,0.406102,0.912045,-0.0570451,2.64092,0.932387,2.62834,-1.37139
-268.088,228.788,386.757,0.399195,0.914796,-0.061578,2.6215,0.931898,2.60743,-1.38676
-272.992,225.031,385.929,0.392682,0.917934,-0.0565489,2.61769,0.958698,2.60588,-1.37443
-275,220.582,386.275,0.38831,0.920098,-0.0513369,2.62085,0.981083,2.61104,-1.3618
-277.84,218.019,387.879,0.383128,0.922416,-0.0486043,2.62247,0.996099,2.61364,-1.35815
-278.565,221.086,384.529,0.379672,0.92354,-0.0540608,2.61859,0.981435,2.60778,-1.38007
-278.282,217.609,386.98,0.375607,0.925289,-0.0525339,2.62787,0.987786,2.61745,-1.38258
-283.119,219.314,387.866,0.371099,0.926966,-0.0549483,2.62216,0.986081,2.61091,-1.39392
-287.821,215.817,383.741,0.368658,0.928174,-0.0508335,2.61548,1.00615,2.60596,-1.37929
-286.065,212.038,384.55,0.364444,0.929887,-0.0499049,2.62509,1.01055,2.61573,-1.384
-296.751,206.224,382.081,0.359585,0.932191,-0.0414682,2.60832,1.05197,2.60206,-1.35331
-298.943,212.03,382.319,0.355513,0.933342,-0.0498283,2.60528,1.02747,2.59632,-1.38625
-298.478,195.11,386.852,0.351735,0.935523,-0.0328592,2.62571,1.08726,2.62163,-1.33508
-302.012,208.353,383.548,0.348045,0.936118,-0.0504799,2.60928,1.03175,2.60001,-1.39793
-312.304,206.692,378.971,0.344347,0.937626,-0.0477796,2.59077,1.05134,2.58275,-1.38633
-308.386,198.878,378.758,0.342779,0.938457,-0.0424424,2.60616,1.06708,2.59963,-1.3741
-309.338,194.007,381.524,0.340088,0.939584,-0.0390158,2.61298,1.08033,2.60739,-1.36669
-314.232,195.182,376.051,0.337043,0.940571,-0.0415735,2.59776,1.0787,2.59159,-1.37472
-317.56,191.229,373.288,0.334991,0.941473,-0.0375446,2.5921,1.09653,2.58712,-1.36137
-319.859,191.924,376.957,0.329623,0.943222,-0.0409915,2.59423,1.0896,2.58827,-1.37959
-328.066,189.691,371.294,0.325921,0.944609,-0.0385921,2.5772,1.10623,2.57208,-1.37088
-323.983,186.417,374.671,0.323211,0.945522,-0.0390072,2.59417,1.10336,2.58877,-1.37947
-332.995,185.206,366.054,0.319947,0.946717,-0.0368928,2.57037,1.11991,2.56576,-1.36988
-329.186,182.33,371.172,0.317458,0.947531,-0.0374975,2.58907,1.11602,2.58413,-1.37901
-334.568,177.829,362.232,0.3127,0.949259,-0.0335609,2.57206,1.13842,2.56822,-1.36673
-331.937,178.673,361.843,0.310533,0.949831,-0.0372811,2.57803,1.12674,2.57324,-1.38289
-330.225,171.756,366.615,0.308418,0.950734,-0.0313658,2.59258,1.14619,2.5891,-1.36803
-336.008,170.601,358.789,0.303307,0.952375,-0.0314019,2.5721,1.1556,2.56874,-1.36935
-332.79,167.754,362.285,0.301829,0.952843,-0.0314683,2.58563,1.1542,2.58217,-1.37386
-331.094,158.547,368.447,0.298072,0.954214,-0.0250718,2.60278,1.17747,2.60051,-1.35858
-335.748,160.433,358.932,0.29541,0.954911,-0.0296115,2.5804,1.16839,2.57736,-1.37316
-343.76,161.337,347.789,0.295396,0.954896,-0.030235,2.54813,1.17222,2.54515,-1.36935
-342.564,163.114,346.335,0.296782,0.95431,-0.0348305,2.54344,1.1568,2.53951,-1.38178
-334.568,159.353,351.738,0.295058,0.95481,-0.0357673,2.56457,1.15115,2.56027,-1.39102
-347.3,158.878,334.615,0.293549,0.95538,-0.0328329,2.51157,1.17228,2.50827,-1.37311
-333.748,146.703,345.589,0.287903,0.957306,-0.0260055,2.55549,1.19269,2.55325,-1.36463
-327.936,143.337,351.268,0.285299,0.958071,-0.0265395,2.57825,1.18991,2.57582,-1.37283
-332.894,138.34,344.596,0.283239,0.958823,-0.0208352,2.56116,1.21391,2.55971,-1.35322
-330.201,130.499,348.432,0.278567,0.960277,-0.0163895,2.57351,1.23237,2.57259,-1.34454
-325.025,122.132,352.726,0.272038,0.962191,-0.0135498,2.5933,1.24712,2.59265,-1.3434
-323.905,127.417,344.598,0.267343,0.963278,-0.0249526,2.58027,1.21373,2.57811,-1.38642
-329.744,123.799,332.18,0.265767,0.963859,-0.0185683,2.55286,1.24058,2.55172,-1.36292
-334.056,122.831,339.084,0.263387,0.964538,-0.0171345,2.54989,1.24807,2.54893,-1.36038
-321.92,114.107,343.086,0.255501,0.966754,-0.0102784,2.57825,1.27691,2.57788,-1.34792
-327.41,133.238,333.028,0.250943,0.967385,-0.0345634,2.54148,1.20574,2.53763,-1.42824
-326.367,123.255,331.887,0.246598,0.968837,-0.0233325,2.55204,1.24486,2.55025,-1.39825
-321.319,124.528,333.464,0.241718,0.969893,-0.0296576,2.56706,1.2265,2.56409,-1.4266
-319.531,114.888,329.788,0.237572,0.971204,-0.0179396,2.57133,1.26977,2.57023,-1.39202
-316.159,102.722,333.651,0.230851,0.972983,-0.00333911,2.58881,1.32607,2.58877,-1.34961
-314.129,105.384,329.005,0.225557,0.974202,-0.00744604,2.58088,1.31742,2.58069,-1.36913
-315.708,107.645,323.225,0.221445,0.975114,-0.0106599,2.5672,1.31141,2.56682,-1.38356
-310.913,108.292,324.905,0.216012,0.97627,-0.0153526,2.57945,1.29992,2.57864,-1.40617
-310.47,104.992,321.281,0.213683,0.97683,-0.0119782,2.57603,1.31424,2.57553,-1.39664
-308.718,105.155,320.321,0.210657,0.977451,-0.0145723,2.57779,1.30825,2.57705,-1.4088
-308.741,99.4535,315.385,0.210447,0.977585,-0.00634648,2.57372,1.33702,2.57358,-1.3805
-306.95,94.7891,316.111,0.206159,0.978513,-0.00325028,2.58005,1.35188,2.58002,-1.37442
-307.823,97.5185,314.723,0.203463,0.97903,-0.0101265,2.57538,1.3311,2.57503,-1.40069
-307.3,95.4228,312.252,0.200035,0.979742,-0.00951902,2.57637,1.33662,2.57606,-1.40216
-307.792,101.896,311.19,0.196823,0.980206,-0.0213908,2.57344,1.2995,2.57188,-1.44577
-303.031,99.4422,309.701,0.193481,0.9809,-0.0199953,2.58573,1.30608,2.58433,-1.44601
-302.129,95.9603,307.388,0.190895,0.981485,-0.0156828,2.58693,1.32366,2.58607,-1.43374
-301.506,93.5918,305.839,0.18667,0.982327,-0.0136989,2.58643,1.33497,2.58577,-1.43105
-301.162,94.3005,305.513,0.182817,0.983017,-0.0159732,2.5858,1.33099,2.5849,-1.44285
-301.22,92.7744,302.378,0.180035,0.983556,-0.014306,2.58096,1.3401,2.58025,-1.43941
-299.046,93.1485,302.439,0.176399,0.984172,-0.0170084,2.58612,1.33386,2.58511,-1.45303
-298.573,93.9415,300.836,0.174431,0.984485,-0.019069,2.58419,1.32889,2.58292,-1.46198
-297.852,92.0322,299.436,0.173414,0.984711,-0.0164825,2.58492,1.33886,2.58397,-1.45409
-295.601,91.984,300.359,0.172355,0.984879,-0.0175222,2.58998,1.33572,2.58889,-1.45938
-295.616,94.3105,299.144,0.169609,0.985257,-0.0223717,2.58656,1.32195,2.58481,-1.47869
-295.459,95.7835,298.479,0.168004,0.985455,-0.025555,2.58829,1.31217,2.58599,-1.4917
-292.698,93.5099,297.495,0.166108,0.985833,-0.0232754,2.59741,1.32064,2.59547,-1.4871
-294.087,95.1776,293.94,0.165416,0.985884,-0.0258939,2.58998,1.31332,2.58762,-1.4958
-293.342,99.6246,294.711,0.163882,0.985891,-0.0340785,2.5952,1.28505,2.59107,-1.5271
-288.637,92.4322,294.727,0.162325,0.986461,-0.023357,2.61197,1.32179,2.60996,-1.49362
-289.593,91.1698,291.693,0.160488,0.986807,-0.0213413,2.60553,1.33202,2.60387,-1.48712
-288.804,91.5811,290.751,0.157213,0.987288,-0.0233609,2.60613,1.32793,2.60415,-1.49784
-288.245,88.1134,289.152,0.153756,0.987933,-0.0186506,2.60635,1.34849,2.60509,-1.48432
-289.739,87.1208,286.702,0.150043,0.988514,-0.0181073,2.59483,1.35567,2.59366,-1.48465
-287.734,86.7042,285.9,0.143114,0.989492,-0.0205708,2.5951,1.35389,2.59359,-1.50043
-285.964,84.5416,284.473,0.138435,0.990188,-0.0190391,2.59834,1.36363,2.59704,-1.50014
-285.556,83.5829,284.616,0.13417,0.990777,-0.018967,2.59898,1.36811,2.59769,-1.50428
-284.897,81.9883,283.846,0.12909,0.991478,-0.0175364,2.59924,1.37833,2.59813,-1.50432
-286.002,80.3209,281.318,0.124596,0.992084,-0.0156915,2.5932,1.39013,2.59232,-1.50159
-286.87,79.1988,280.199,0.11972,0.99268,-0.0159427,2.59144,1.39434,2.59054,-1.5072
-286.328,76.3235,280.643,0.11468,0.993311,-0.0134995,2.59636,1.40761,2.59571,-1.5041
-287.2,75.7045,279.313,0.11054,0.993776,-0.0137755,2.59401,1.41101,2.59334,-1.50903
-287.163,74.2757,281.271,0.105186,0.994355,-0.0139162,2.60037,1.41528,2.59967,-1.51553
-286.018,67.3667,279.913,0.0996252,0.995011,-0.00524855,2.60643,1.45186,2.60633,-1.49015
-286.399,64.9646,277.975,0.0955352,0.995418,-0.00388391,2.60448,1.461,2.60442,-1.48923
-288.5,63.0658,279.91,0.0881009,0.996095,-0.00577476,2.60497,1.46158,2.60485,-1.50358
-287.759,63.5251,280.854,0.0834387,0.996463,-0.00993889,2.61271,1.45057,2.61235,-1.52394
-285.73,58.9007,277.806,0.0794612,0.996831,-0.0036555,2.61506,1.47769,2.61501,-1.50481
-286.749,54.4944,276.447,0.0730876,0.997325,0.00076549,2.60869,1.50045,2.60869,-1.49484
-288.919,55.0896,279.445,0.0657936,0.997821,-0.00487994,2.60958,1.48705,2.60949,-1.52286
-285.782,51.21,280.464,0.0588273,0.998268,-0.000817371,2.62147,1.50886,2.62147,-1.51501
-288,47.7658,279.347,0.0516017,0.998664,0.00261231,2.61448,1.52885,2.61446,-1.50949
-288.616,48.4221,281.467,0.0456225,0.998958,-0.000798019,2.61852,1.52218,2.61851,-1.52814
-287.195,42.2584,279.206,0.03882,0.99921,0.00846102,2.62002,1.56366,2.61976,-1.50027
-286.651,37.5215,278.886,0.0310846,0.99942,0.0138984,2.62041,1.59178,2.61969,-1.48763
-286.072,33.5491,280.058,0.0229032,0.999581,0.0176801,2.62288,1.61442,2.6217,-1.48135
-287.058,32.0589,279.099,0.0169226,0.999679,0.0188362,2.61825,1.62409,2.61693,-1.48365
-285.363,30.7209,281.56,0.00956889,0.999787,0.0182617,2.62478,1.63021,2.62352,-1.49225
-285.453,27.3832,280.894,0.00253296,0.999765,0.0215492,2.62089,1.64898,2.61915,-1.48755
-284.498,23.8481,281.04,-0.00489149,0.999679,0.0248405,2.61997,1.6685,2.61766,-1.48288
-285.287,19.9695,279.327,-0.0129418,0.999503,0.0287347,2.6113,1.68917,2.60827,-1.47831
-281.894,16.9348,282.357,-0.019558,0.999313,0.0314679,2.62165,1.70812,2.61794,-1.47261
-283.031,17.4947,282.006,-0.0250238,0.999288,0.028235,2.61296,1.69978,2.61003,-1.49188
-280.762,14.2177,280.927,-0.0316035,0.999006,0.0314338,2.61355,1.71818,2.6099,-1.48666
-279.816,10.4151,279.728,-0.0377142,0.998669,0.0351929,2.61109,1.73738,2.60655,-1.47971
-280.209,9.48321,280.068,-0.0434859,0.998484,0.0337549,2.60602,1.73673,2.60188,-1.49191
-277.8,4.81519,281.114,-0.0511644,0.997961,0.0381555,2.60912,1.76103,2.6038,-1.48301
-277.21,2.05199,279.381,-0.0555715,0.997608,0.041106,2.60327,1.77437,2.59717,-1.47852
-277.238,-2.72574,275.021,-0.0641539,0.996857,0.0464755,2.58999,1.79783,2.58241,-1.4723
-274.925,-4.07151,277.667,-0.069218,0.996568,0.0454021,2.59828,1.80172,2.59092,-1.47856
-272.34,-10.4698,277.916,-0.074997,0.995817,0.0521942,2.60543,1.83374,2.59559,-1.4582
-276.059,-7.30876,275.807,-0.0805148,0.995847,0.0424889,2.58962,1.80039,2.58328,-1.50256
-274.177,-10.4735,278.493,-0.0855359,0.995378,0.0436516,2.59416,1.81076,2.58741,-1.50228
-272.152,-14.7939,276.287,-0.0923893,0.994545,0.04841,2.59021,1.83291,2.58198,-1.49395
-270.949,-16.9599,278.47,-0.097546,0.994047,0.0485231,2.5943,1.83979,2.58597,-1.49743
-271.673,-19.137,279.488,-0.102891,0.993513,0.0484233,2.58986,1.84341,2.58163,-1.50458
-271.024,-21.5358,278.408,-0.109612,0.992741,0.0495035,2.5841,1.85204,2.5756,-1.50949
-270.403,-26.2839,276.678,-0.117317,0.991663,0.053306,2.58022,1.87139,2.57044,-1.50572
-269.823,-28.4373,274.911,-0.122463,0.991012,0.0538253,2.57749,1.8774,2.56757,-1.51009
-268.691,-29.2148,276.38,-0.127499,0.990549,0.0505595,2.58022,1.87242,2.57142,-1.5252
-266.612,-31.8625,276.289,-0.131887,0.989882,0.0523487,2.58246,1.88362,2.57299,-1.52289
-266.841,-33.7335,277.875,-0.136113,0.989323,0.0520955,2.5838,1.88747,2.57439,-1.52757
-264.797,-35.8001,277.878,-0.13973,0.988696,0.0543609,2.58881,1.90055,2.57848,-1.52184
-263.997,-37.9519,280.902,-0.14674,0.987724,0.0535671,2.59338,1.90653,2.58326,-1.53003
-266.162,-40.0832,280.29,-0.150757,0.987106,0.0537972,2.58927,1.90995,2.57914,-1.53476
-264.588,-42.2927,276.214,-0.154564,0.986305,0.0575574,2.58842,1.92629,2.57685,-1.52619
-263.878,-42.786,278.174,-0.160085,0.985571,0.0549762,2.5941,1.92516,2.58343,-1.53848
-263.075,-44.7428,273.991,-0.165304,0.984557,0.0576374,2.58921,1.93776,2.5776,-1.53652
-259.521,-45.5088,277.265,-0.170289,0.983779,0.0563902,2.60284,1.94367,2.59143,-1.54072
-258.797,-47.057,275.891,-0.174409,0.982975,0.0578158,2.60066,1.95198,2.58872,-1.54082
-257.636,-47.2384,282.517,-0.183074,0.981685,0.0527046,2.61188,1.9471,2.60173,-1.56324
-256.187,-48.3567,285.975,-0.19138,0.980151,0.051742,2.62008,1.95516,2.61013,-1.57209
-252.164,-48.5998,294.189,-0.201704,0.978212,0.0491567,2.64133,1.96423,2.63195,-1.58406
-250.093,-50.6496,296.775,-0.212748,0.975761,0.0512681,2.64771,1.98611,2.63738,-1.58483
-250.835,-49.2715,298.856,-0.225534,0.973133,0.0463431,2.64694,1.98005,2.6385,-1.61702
-251.133,-52.0272,295.465,-0.236173,0.970453,0.0494384,2.64077,2.00045,2.6313,-1.61859
-248.666,-55.7981,289.324,-0.247075,0.967399,0.0556112,2.63587,2.03284,2.62403,-1.60887
-249.21,-54.4837,295.463,-0.258917,0.964725,0.0476147,2.64362,2.01812,2.63478,-1.64788
-247.719,-53.4317,305.765,-0.269553,0.962109,0.0410714,2.66598,2.01181,2.65906,-1.67612
-244.318,-57.4725,303.648,-0.278663,0.959119,0.0493683,2.6707,2.05651,2.66064,-1.65059
-248.245,-59.377,306.108,-0.288494,0.956304,0.0474762,2.6668,2.05754,2.65756,-1.67004
-250.759,-61.7021,302.4,-0.293075,0.954771,0.0502002,2.66301,2.07156,2.65278,-1.66569
-237.263,-70.9949,289.558,-0.295938,0.952041,0.077706,2.67615,2.18898,2.65128,-1.55537
-237.118,-75.2677,287.486,-0.300398,0.949989,0.085337,2.66776,2.21679,2.63844,-1.53733
-240.047,-67.72,300.352,-0.309975,0.948487,0.0654835,2.68081,2.15891,2.66286,-1.61441
-236.117,-70.662,299.462,-0.31902,0.945114,0.0706071,2.68664,2.19239,2.66555,-1.60028
-237.954,-71.0286,300.072,-0.326612,0.942658,0.0687009,2.68162,2.18975,2.66185,-1.61891
-238.79,-72.0922,295.814,-0.333986,0.939994,0.0697537,2.67203,2.19594,2.65208,-1.62844
-233.125,-75.1581,293.049,-0.340806,0.936974,0.0770083,2.6783,2.23521,2.65376,-1.60409
-231.545,-77.2811,289.966,-0.345816,0.934889,0.0799583,2.67482,2.24956,2.6486,-1.60062
-232.507,-79.3378,288.001,-0.348575,0.933825,0.0804152,2.6696,2.25077,2.64338,-1.60534
-229.699,-78.9167,289.224,-0.352773,0.932463,0.0778767,2.67901,2.25183,2.65388,-1.61312
-223.883,-79.6579,293.715,-0.356622,0.930962,0.0782945,2.69714,2.27018,2.67074,-1.60307
-226.921,-75.0306,297.218,-0.361043,0.930185,0.0663664,2.69317,2.22424,2.67423,-1.65784
-224.865,-78.6229,297.788,-0.366703,0.927745,0.0694188,2.69601,2.24454,2.67519,-1.64988
-222.663,-80.0066,299.615,-0.369843,0.92637,0.0710905,2.7043,2.26029,2.68208,-1.641
-217.132,-79.4811,309.381,-0.373222,0.925081,0.0702136,2.73308,2.28108,2.7099,-1.62747
-216.152,-81.3096,309.862,-0.377655,0.923028,0.07346,2.7336,2.30037,2.70825,-1.61796
-215.909,-81.2056,309.888,-0.38365,0.920596,0.0729082,2.73217,2.30336,2.70727,-1.62794
-216.187,-81.8049,310.172,-0.389254,0.918277,0.072452,2.73005,2.30583,2.70558,-1.63763
-212.684,-83.0121,310.247,-0.394003,0.915979,0.0757882,2.73644,2.33051,2.70933,-1.62353
-214.204,-84.1757,310.36,-0.398146,0.914239,0.0751441,2.73188,2.32855,2.7055,-1.63449
-212.824,-86.2416,312.792,-0.401755,0.91259,0.0759801,2.74033,2.34305,2.71283,-1.62795
-205.192,-92.3764,306.01,-0.403881,0.910203,0.0917119,2.74708,2.41865,2.70692,-1.5582
-208.458,-89.8753,308.307,-0.406204,0.909848,0.0847065,2.74284,2.38766,2.70871,-1.59374
-218.739,-102.851,296.947,-0.411862,0.906526,0.0926296,2.69532,2.38481,2.65889,-1.60968
-211.066,-98.7545,303.131,-0.418696,0.904086,0.0855727,2.72871,2.39241,2.69504,-1.61659
-201.384,-97.913,308.087,-0.424916,0.901121,0.0861876,2.75736,2.42851,2.72081,-1.59433
-208.622,-105.198,300.62,-0.431614,0.89779,0.0876471,2.72285,2.41015,2.68805,-1.6277
-210.98,-113.323,294.164,-0.436463,0.894896,0.0930606,2.70553,2.42224,2.66795,-1.62692
-205.218,-110.393,302.235,-0.440157,0.893746,0.0864833,2.73603,2.42657,2.70107,-1.63026
-204.925,-115.177,300.629,-0.445186,0.891096,0.088079,2.73156,2.43479,2.69572,-1.63344
-203.588,-123.394,291.76,-0.449743,0.887801,0.0976735,2.7184,2.46645,2.67598,-1.61294
-200.374,-124.985,293.364,-0.455005,0.885291,0.0960794,2.7289,2.47586,2.68681,-1.61524
-202.205,-131.508,289.01,-0.459952,0.882479,0.098366,2.7152,2.47775,2.6725,-1.62478
-195.525,-135.361,291.749,-0.464556,0.879741,0.101212,2.7349,2.51294,2.68778,-1.60033
-188.157,-138.698,293.359,-0.469516,0.876704,0.10462,2.75183,2.54985,2.69966,-1.5751
-189.374,-142.259,288.413,-0.472281,0.875123,0.105404,2.74045,2.54398,2.68891,-1.58737
-190.121,-145.017,288.62,-0.474221,0.874272,0.103743,2.73971,2.53887,2.68978,-1.59673
-160.42,-158.403,269.124,-0.465774,0.875608,0.127927,2.82813,2.74019,2.73719,-1.37915
-161.637,-157.962,266.995,-0.468735,0.874771,0.122731,2.82154,2.71281,2.73851,-1.41259
-158.628,-158.463,269.99,-0.47267,0.872889,0.121027,2.83094,2.72509,2.74801,-1.40909
-156.517,-162.787,267.302,-0.478962,0.868922,0.124782,2.82504,2.73811,2.73874,-1.41103
-156.603,-164.818,271.821,-0.482615,0.867091,0.123436,2.82729,2.74047,2.74217,-1.4169
-152.563,-165.828,274.919,-0.487593,0.864212,0.12406,2.8338,2.75907,2.74646,-1.40989
-147.437,-171.041,275.802,-0.495247,0.858945,0.130168,2.83514,2.79415,2.73967,-1.39348
-143.592,-172.409,277.443,-0.501821,0.854976,0.131116,2.83766,2.8096,2.74034,-1.39351
-139.429,-172.534,275.958,-0.510339,0.850008,0.130539,2.83817,2.81822,2.74148,-1.40479
-134.992,-177.495,277.364,-0.517617,0.844745,0.135939,2.84039,2.85103,2.73596,-1.39005
-128.584,-182.101,278.373,-0.525934,0.838441,0.14286,2.84494,2.89398,2.72978,-1.36808
-125.031,-185.921,279.433,-0.533819,0.832747,0.146864,2.8444,2.91667,2.72376,-1.36502
-121.474,-188.435,283.357,-0.542145,0.827168,0.147889,2.8464,2.93371,2.72371,-1.36824
-120.991,-183.782,278.609,-0.550641,0.822859,0.140352,2.83733,2.90182,2.72773,-1.41926
-119.298,-185.068,278.796,-0.557033,0.818739,0.139214,2.83589,2.90305,2.72822,-1.43338
-116.988,-186.043,282.396,-0.561344,0.816017,0.137876,2.84029,2.91072,2.73327,-1.436
-112.99,-191.828,284.31,-0.567302,0.810996,0.143017,2.83829,2.93345,2.72477,-1.42894
-113.231,-192.207,284.601,-0.57265,0.807867,0.139365,2.82889,2.91138,2.72285,-1.46349
-110.437,-190.735,288.89,-0.578275,0.804708,0.134321,2.8343,2.90838,2.7336,-1.47943
-106.953,-190.402,289.925,-0.584005,0.800966,0.131874,2.83489,2.90715,2.73726,-1.49446
-99.9039,-194.118,289.834,-0.588791,0.796412,0.138033,2.83832,2.94205,2.73161,-1.47279
-98.0571,-194.608,293.071,-0.592121,0.794349,0.135657,2.83887,2.93828,2.73522,-1.48444
-92.8141,-196.502,296.281,-0.594817,0.791899,0.138164,2.8439,2.95951,2.73551,-1.47053
-92.1785,-193.597,297.594,-0.597194,0.791111,0.132295,2.84117,2.93573,2.74141,-1.4991
-96.7655,-194.209,318.28,-0.617005,0.776426,0.128331,2.77724,2.85073,2.69633,-1.63383
-99.1315,-197.607,312.647,-0.616877,0.776227,0.130132,2.75455,2.82848,2.67569,-1.65613
-93.1242,-195.159,314.977,-0.622217,0.772228,0.12849,2.75878,2.83454,2.68101,-1.66352
-94.6984,-198.014,313.379,-0.623514,0.771287,0.127855,2.74149,2.81323,2.6673,-1.68806
-90.5986,-198.279,316.672,-0.628044,0.76788,0.126176,2.7393,2.81049,2.66726,-1.70222
-88.6958,-199.173,320.156,-0.629473,0.767099,0.123787,2.73564,2.79946,2.66666,-1.71648
-86.3882,-202.913,318.092,-0.630294,0.765845,0.127321,2.72183,2.79813,2.65125,-1.72068
-71.488,-198.141,324.987,-0.635023,0.761675,0.12883,2.74993,2.84174,2.6733,-1.68978
-72.4878,-196.943,322.115,-0.634472,0.762367,0.127445,2.73902,2.82318,2.66567,-1.70659
-71.6171,-196.738,322.848,-0.635109,0.761972,0.126628,2.73414,2.81551,2.66242,-1.71576
-67.9207,-197.407,323.561,-0.636811,0.760251,0.128412,2.73263,2.82249,2.65925,-1.71365
-53.7079,-192.243,330.201,-0.642472,0.755309,0.129372,2.76238,2.86879,2.68298,-1.6825
-49.3401,-191.727,328.947,-0.642579,0.754894,0.131252,2.76657,2.88116,2.68428,-1.67083
-54.4047,-192.092,328.472,-0.643343,0.754957,0.127079,2.74923,2.84546,2.67463,-1.70762
-43.3063,-186.573,333.691,-0.648276,0.750657,0.127488,2.77574,2.88654,2.69608,-1.67973
-37.2984,-188.347,335.459,-0.649381,0.748963,0.131755,2.78513,2.91658,2.69868,-1.65362
-31.854,-188.884,342.862,-0.653894,0.744905,0.132432,2.79402,2.93751,2.70495,-1.64494
-35.7287,-185.113,335.975,-0.659109,0.740628,0.130558,2.77736,2.91473,2.69385,-1.68131
-34.7815,-188.785,334.752,-0.662382,0.737546,0.131436,2.77121,2.91436,2.68784,-1.69075
-25.2676,-181.893,327.975,-0.665542,0.733452,0.13821,2.79102,2.97035,2.69548,-1.64503
-18.8641,-182.784,337.896,-0.674105,0.726482,0.133441,2.8,2.97729,2.70842,-1.66034
-17.4558,-180.487,332.922,-0.678861,0.722131,0.132948,2.79652,2.97702,2.70629,-1.67362
-14.8127,-179.445,331.116,-0.686111,0.715313,0.132586,2.79215,2.97957,2.70328,-1.69115
-14.9469,-184.398,339.39,-0.694425,0.708594,0.125173,2.78355,2.95125,2.7051,-1.74095
-6.98041,-180.932,333.269,-0.699478,0.702708,0.130121,2.79442,2.99229,2.70806,-1.71549
-4.36809,-177.324,330.329,0.703298,-0.699022,-0.129388,3.48379,3.00199,2.7129,-1.71649
-3.15602,-175.44,333.347,0.708038,-0.694915,-0.125602,3.47865,3.00146,2.72154,-1.72964
-3.11462,-176.8,333.839,0.712867,-0.690106,-0.124797,3.48139,3.00133,2.72031,-1.7435
2.73467,-174.079,330.897,0.719252,-0.682682,-0.128926,3.47184,3.04076,2.72289,-1.72379
15.6767,-179.168,298.311,0.709484,-0.689064,-0.147723,3.41865,0.0435076,-2.73647,1.5851
14.0019,-168.056,305.807,0.71632,-0.684976,-0.133017,3.39853,0.0369943,-2.7717,1.56306
15.2606,-164.314,307.734,0.722115,-0.679432,-0.130085,3.38773,0.0556284,-2.78339,1.56553
21.5129,-166.953,300.169,0.727827,-0.670825,-0.142346,3.38781,0.110565,-2.76501,1.5999
17.3424,-165.225,298.408,0.732916,-0.666311,-0.137345,3.39645,0.0823006,-2.7668,1.55797
20.6341,-163.177,298.184,0.73822,-0.659978,-0.139502,3.38839,0.114557,-2.76895,1.57355
18.391,-157.162,300.716,0.743847,-0.655416,-0.13085,3.38007,0.107142,-2.78744,1.55171
25.7242,-163.1,298.212,0.746228,-0.649281,-0.14689,3.37975,0.171218,-2.76312,1.6033
23.0548,-157.455,299.099,0.750959,-0.644999,-0.141551,3.37617,0.166954,-2.7737,1.58623
15.9642,-156.81,292.839,0.756946,-0.63908,-0.136419,3.39656,0.115365,-2.76809,1.5177
21.7958,-150.242,295.321,0.761209,-0.634104,-0.135912,3.36663,0.18265,-2.7885,1.57176
23.0321,-164.607,289.648,0.763063,-0.627471,-0.154969,3.40211,0.180823,-2.73642,1.55721
21.1787,-148.986,290.995,0.771647,-0.620387,-0.140289,3.37682,0.193658,-2.77524,1.54798
22.9035,-146.311,290.817,0.776194,-0.614723,-0.140141,3.36725,0.221047,-2.78151,1.5607
24.5167,-158.608,282.579,0.776907,-0.609272,-0.158755,3.40052,0.21888,-2.73154,1.54898
25.3666,-148.967,284.319,0.782163,-0.604178,-0.152282,3.37963,0.247391,-2.75468,1.56282
32.3872,-151.951,286.295,0.78347,-0.599356,-0.164154,3.37142,0.304944,-2.74021,1.61101
29.3102,-157.769,285.372,0.785347,-0.595372,-0.169596,3.39485,0.2782,-2.7177,1.57553
26.4776,-147.352,284.523,0.791807,-0.589257,-0.160677,3.38329,0.283827,-2.739,1.56338
27.2117,-145.967,282.48,0.79653,-0.582364,-0.162456,3.38328,0.29758,-2.73612,1.5602
29.1553,-144.898,282.729,0.800636,-0.575902,-0.165282,3.37981,0.320531,-2.73354,1.56766
29.6247,-138.612,286.188,0.806068,-0.56966,-0.16044,3.36371,0.348164,-2.75074,1.5786
42.0112,-123.855,320.096,0.822597,-0.545445,-0.160699,3.35424,0.399046,-2.75556,1.57007
51.8305,-117.262,317.977,0.826844,-0.535501,-0.171951,3.3281,0.497932,-2.7493,1.64737
13.9446,-125.43,320.647,0.829434,-0.541042,-0.138969,3.40228,0.236575,-2.76045,1.39256
23.8813,-120.159,320.223,0.834748,-0.530982,-0.145786,3.3776,0.32152,-2.7662,1.4546
42.754,-113.683,312.392,0.838503,-0.518266,-0.168266,3.34406,0.474064,-2.74797,1.58129
17.8393,-120.478,320.327,0.843692,-0.518125,-0.140462,3.39389,0.285647,-2.76387,1.38712
14.5168,-124.531,322.561,0.847474,-0.513373,-0.135039,3.40392,0.252434,-2.76505,1.34173
23.5038,-119.722,318.102,0.849915,-0.506804,-0.144203,3.38154,0.336807,-2.76618,1.4122
41.1619,-113.036,313.415,0.852547,-0.49651,-0.163222,3.34385,0.48721,-2.7568,1.54194
38.3378,-114.126,313.294,0.85727,-0.489117,-0.160785,3.35417,0.466472,-2.75545,1.50344
35.7087,-113.277,312.209,0.86212,-0.481522,-0.157751,3.36145,0.450913,-2.75648,1.46965
35.0394,-112.961,311.895,0.865284,-0.476331,-0.15618,3.3629,0.449245,-2.75826,1.45569
51.4189,-106.396,304.191,0.866005,-0.467739,-0.176792,3.33025,0.584218,-2.73965,1.57466
59.1747,-102.859,302.154,0.867637,-0.460961,-0.186335,3.31527,0.64537,-2.72888,1.62209
50.0524,-103.563,306.988,0.871898,-0.457838,-0.173719,3.33122,0.586401,-2.74468,1.55346
52.2039,-101.604,306.85,0.875122,-0.451261,-0.174712,3.32726,0.605091,-2.74476,1.55728
59.3122,-98.906,305.676,0.87755,-0.443584,-0.182042,3.31464,0.658111,-2.73705,1.59416
62.059,-96.2831,307.102,0.881205,-0.435815,-0.183148,3.30834,0.68344,-2.73763,1.60202
58.2752,-96.7701,311.756,0.885607,-0.429906,-0.175727,3.31486,0.659847,-2.7485,1.56371
71.3689,-91.8876,304.462,0.887361,-0.418493,-0.193529,3.29448,0.753265,-2.7235,1.63463
73.1922,-87.0398,304.921,0.891017,-0.410245,-0.19439,3.2864,0.782184,-2.72471,1.64516
68.8917,-87.4514,306.183,0.894407,-0.405114,-0.189523,3.29707,0.755545,-2.73012,1.60614
72.4394,-86.7774,303.395,0.896468,-0.397784,-0.195224,3.2969,0.773906,-2.71941,1.60915
79.7025,-80.8306,303.359,0.898441,-0.38984,-0.20206,3.27721,0.837156,-2.71296,1.65594
83.5363,-78.4666,303.146,0.900022,-0.383472,-0.207144,3.27132,0.864165,-2.70486,1.66972
77.9401,-78.3381,305.215,0.903453,-0.378796,-0.200713,3.28313,0.834292,-2.71368,1.62832
79.0856,-76.67,307.097,0.90564,-0.373563,-0.200665,3.28032,0.846256,-2.71467,1.6287
86.1335,-75.7555,306.458,0.906379,-0.366811,-0.209585,3.27322,0.881557,-2.69954,1.65066
85.9515,-71.5467,309.532,0.90916,-0.361053,-0.207532,3.26592,0.901372,-2.70565,1.65743
82.5145,-73.5098,308.647,0.911688,-0.355665,-0.205738,3.27998,0.87393,-2.70498,1.61785
85.7865,-71.8037,308.413,0.91292,-0.350132,-0.209728,3.27555,0.895014,-2.69858,1.62747
84.0515,-68.6881,309.695,0.91579,-0.344616,-0.206323,3.27528,0.897138,-2.70529,1.61697
85.6189,-67.0065,310.367,0.917921,-0.338726,-0.206605,3.27474,0.90514,-2.7049,1.61216
87.8999,-63.9493,311.791,0.920101,-0.332586,-0.206881,3.26966,0.923389,-2.70586,1.6171
85.7983,-64.1824,311.708,0.922122,-0.32871,-0.204062,3.27795,0.905448,-2.70885,1.59031
89.2058,-60.9714,313.66,0.923912,-0.323828,-0.203768,3.26847,0.93149,-2.71228,1.60572
98.9792,-62.1385,314.609,0.9231,-0.318986,-0.214789,3.25983,0.969187,-2.69303,1.63461
95.7509,-58.4903,317.369,0.925596,-0.314766,-0.210226,3.2545,0.980384,-2.70341,1.63598
96.2287,-53.9058,317.695,0.927335,-0.309804,-0.209931,3.24406,1.00881,-2.70653,1.65365
105.421,-51.746,309.434,0.925711,-0.302924,-0.226486,3.23581,1.04933,-2.67521,1.68183
97.3439,-50.0374,313.06,0.929797,-0.298586,-0.215231,3.24404,1.02623,-2.69599,1.64769
100.111,-48.6943,311.262,0.929973,-0.295058,-0.219297,3.24186,1.03864,-2.68836,1.6531
104.038,-48.3341,311.191,0.929275,-0.293282,-0.224573,3.24017,1.04886,-2.67816,1.66028
100.943,-45.8355,314.314,0.9312,-0.291325,-0.21908,3.24179,1.04259,-2.68881,1.649
99.0332,-45.6292,314.134,0.932737,-0.288479,-0.21629,3.25001,1.02504,-2.6925,1.62495
104.816,-47.2669,306.708,0.932046,-0.283256,-0.225954,3.25887,1.02156,-2.67116,1.61163
107.324,-40.9629,305.61,0.932585,-0.281801,-0.225553,3.24384,1.05426,-2.67542,1.64116
103.339,-38.8051,311.192,0.934257,-0.283985,-0.215676,3.24159,1.04771,-2.69565,1.6379
105.151,-37.4199,306.551,0.933793,-0.281724,-0.220595,3.24284,1.05202,-2.68555,1.63805
110.501,-40.1709,299.371,0.933178,-0.27607,-0.23014,3.25344,1.04453,-2.66411,1.6198
110.642,-37.2468,304.443,0.935712,-0.273444,-0.22287,3.2429,1.06281,-2.68099,1.63144
110.434,-31.1947,309.201,0.937335,-0.272088,-0.217647,3.22079,1.10822,-2.69581,1.67325
108.883,-32.0419,303.312,0.937876,-0.267626,-0.220826,3.22795,1.09961,-2.68811,1.65554
110.684,-25.8777,307.401,0.93863,-0.267506,-0.217749,3.20228,1.15466,-2.69847,1.70993
120.476,-26.1265,294.247,0.933901,-0.263724,-0.241411,3.19576,1.18382,-2.65101,1.73427
113.284,-21.9573,290.366,0.936464,-0.258206,-0.237413,3.19803,1.18341,-2.65894,1.72149
114.327,-20.9773,287.132,0.937397,-0.252787,-0.239552,3.20019,1.18565,-2.65432,1.71245
120.178,-16.6688,287.161,0.937097,-0.248794,-0.24485,3.18304,1.22684,-2.64516,1.74585
122.189,-17.1349,292.951,0.938415,-0.244317,-0.244308,3.18094,1.23574,-2.64645,1.74514
112.755,-19.1321,297.625,0.942408,-0.240661,-0.23227,3.19482,1.20667,-2.66981,1.70672
111.706,-19.6438,291.914,0.943131,-0.235138,-0.234977,3.20206,1.19845,-2.66344,1.68712
114.886,-12.6738,291.354,0.944156,-0.229233,-0.236687,3.18122,1.24909,-2.66207,1.72545
115.978,-11.8872,292.978,0.945503,-0.223258,-0.237022,3.17926,1.25962,-2.66154,1.72338
113.234,-14.7352,295.7,0.947902,-0.21823,-0.232072,3.18909,1.24251,-2.67082,1.69508
114.232,-3.99084,298.72,0.949868,-0.213127,-0.228752,3.155,1.32077,-2.67981,1.76221
111.912,-8.75079,298.191,0.952001,-0.206024,-0.226379,3.17184,1.29095,-2.68389,1.7172
113.107,-6.61589,296.907,0.953582,-0.196384,-0.228288,3.16785,1.31025,-2.68022,1.71646
115.257,-4.18884,293.828,0.953947,-0.190053,-0.232088,3.15914,1.33635,-2.67282,1.72966
115.194,-1.98961,292.562,0.954859,-0.184651,-0.232699,3.15206,1.35729,-2.67177,1.73934
114.204,-2.43209,285.842,0.955217,-0.177096,-0.23706,3.1593,1.35014,-2.66259,1.71677
116.496,-0.880779,276.47,0.954491,-0.168207,-0.246279,3.16204,1.35487,-2.6435,1.70374
117.949,2.32784,283.277,0.956523,-0.163482,-0.24153,3.1491,1.38598,-2.65365,1.72453
117.684,2.89807,286.859,0.957936,-0.157907,-0.239632,3.14686,1.39644,-2.65759,1.72318
113.098,5.75256,291.319,0.961317,-0.150712,-0.230555,3.14143,1.41564,-2.6763,1.72666
121.201,7.10998,289.954,0.959457,-0.144028,-0.242275,3.13043,1.44483,-2.65205,1.74283
123.398,7.32844,286.852,0.958169,-0.137309,-0.251114,3.12912,1.45329,-2.63378,1.73796
113.325,12.1508,288.168,0.961971,-0.12999,-0.240237,3.12366,1.47378,-2.65605,1.74241
117.064,13.731,288.81,0.961478,-0.124257,-0.245195,3.11483,1.49679,-2.64544,1.75384
122.52,12.9169,284.853,0.958483,-0.119502,-0.258901,3.11333,1.5013,-2.61708,1.74937
111.173,18.076,282.599,0.961421,-0.114275,-0.25022,3.10791,1.51971,-2.63468,1.75632
115.294,20.3307,276.619,0.959003,-0.11013,-0.261122,3.10054,1.53491,-2.61167,1.76359
128.553,17.422,271.685,0.952338,-0.107387,-0.285518,3.10148,1.52865,-2.56115,1.75322
122.166,21.7919,270.543,0.953406,-0.100226,-0.284554,3.09897,1.54083,-2.56298,1.75031
113.399,26.2014,269.957,0.956637,-0.0923282,-0.276263,3.09987,1.54997,-2.58027,1.7424
119.391,26.1972,265.678,0.95367,-0.0855524,-0.288435,3.10777,1.5399,-2.55546,1.71884
118.172,31.7555,268.728,0.954658,-0.0808449,-0.286516,3.09918,1.5602,-2.55891,1.72917
110.476,38.1942,277.793,0.960061,-0.0752512,-0.269482,3.08694,1.59365,-2.59322,1.75009
110.904,43.7279,284.405,0.962079,-0.0697942,-0.263692,3.06897,1.63528,-2.6031,1.78012
119.417,40.5358,284.297,0.958928,-0.0642492,-0.276279,3.07515,1.62362,-2.57793,1.75742
115.001,46.3778,287.542,0.960745,-0.0563897,-0.271643,3.06077,1.65993,-2.58564,1.77719
110.383,38.8176,258.451,0.961839,-0.043072,-0.270203,3.03829,1.71508,-2.58496,1.80459
104.476,43.9904,261.26,0.96458,-0.0344076,-0.261535,3.02677,1.75147,-2.60034,1.82278
102.603,49.3183,261.305,0.965174,-0.0260223,-0.260311,3.01403,1.78444,-2.60002,1.83835
101.802,49.2582,261.948,0.965298,-0.0178515,-0.260539,3.01964,1.78249,-2.60083,1.81947
103.883,53.4554,260.741,0.963855,-0.0115782,-0.266174,3.00912,1.80301,-2.58709,1.82704
101.649,58.507,261.248,0.96418,-0.00113953,-0.265248,2.99772,1.83489,-2.58618,1.83725
98.3315,58.8914,263.715,0.965206,0.00930742,-0.261325,3.00399,1.83827,-2.5956,1.81899
100.322,67.1295,258.912,0.963252,0.0123148,-0.268317,2.97763,1.88074,-2.57469,1.85517
103.084,69.3675,257.093,0.96095,0.0176034,-0.276162,2.97444,1.88363,-2.55819,1.84699
99.0113,72.5651,257.543,0.961796,0.0245645,-0.272661,2.96734,1.90635,-2.56311,1.85528
93.7766,74.6079,259.612,0.963687,0.0335171,-0.264923,2.9651,1.92788,-2.57771,1.85835
93.3759,77.2399,258.903,0.963349,0.0399362,-0.265263,2.96005,1.94277,-2.57548,1.85991
93.0365,79.9667,258.167,0.962795,0.0449941,-0.26646,2.95421,1.95653,-2.57129,1.86314
92.107,80.7218,259.452,0.962816,0.0519031,-0.265126,2.95688,1.96075,-2.57475,1.85304
92.3861,83.4749,258.286,0.962045,0.0579192,-0.266674,2.95088,1.97529,-2.56979,1.85503
91.9274,85.4388,258.124,0.961488,0.0645134,-0.26717,2.94767,1.98694,-2.56778,1.85294
94.0634,87.3383,257.08,0.959588,0.0693075,-0.272739,2.94496,1.9899,-2.55601,1.8457
91.2335,90.5156,257.579,0.959675,0.0755557,-0.270766,2.93818,2.00982,-2.5576,1.85268
91.9349,92.5663,256.82,0.958417,0.0792197,-0.274154,2.93615,2.01292,-2.55032,1.84798
98.4306,91.7494,256.55,0.954447,0.0807041,-0.287258,2.94782,1.9814,-2.52837,1.81269
91,98.7658,255.726,0.955985,0.086007,-0.280527,2.92624,2.02831,-2.53453,1.84886
87.4267,100.501,256.486,0.956784,0.089847,-0.276573,2.92621,2.03705,-2.5422,1.84979
85.3562,104.165,255.656,0.957014,0.0917635,-0.275145,2.9192,2.0519,-2.54246,1.86071
97.8781,94.5367,280.814,0.950992,0.0935754,-0.294718,3.02839,1.85881,-2.53297,1.66265
100.86,88.6835,278.035,0.948814,0.0919458,-0.302156,3.0533,1.81258,-2.52157,1.61937
94.7508,99.0004,285.189,0.952048,0.0933305,-0.291366,3.02331,1.86899,-2.53891,1.67356
96.5521,94.5304,282.651,0.950801,0.0920478,-0.295813,3.04282,1.83287,-2.53315,1.63985
96.9714,98.4568,282.119,0.949383,0.0956605,-0.299199,3.03597,1.84608,-2.52506,1.64524
92.3584,101.142,287.138,0.952214,0.0952849,-0.290189,3.02969,1.8612,-2.54251,1.66173
95.0258,97.9382,287.216,0.950939,0.0950853,-0.294406,3.04425,1.83442,-2.53629,1.6351
91.2205,105.471,290.059,0.951954,0.0992676,-0.289706,3.02387,1.87536,-2.54242,1.66756
90.1593,105.984,291.389,0.95254,0.100624,-0.287303,3.0252,1.87611,-2.54759,1.66562
92.0823,106.138,291.239,0.951233,0.101727,-0.291217,3.02742,1.87111,-2.53998,1.65804
91.2119,109.97,291.401,0.950929,0.1069,-0.290354,3.01897,1.8911,-2.54014,1.66721
89.7443,112.837,294.949,0.952287,0.10703,-0.285822,3.00912,1.91076,-2.54734,1.68692
90.1491,112.04,293.565,0.951251,0.110488,-0.287948,3.01365,1.90533,-2.54397,1.67407
92.2666,112.868,297.684,0.951598,0.113765,-0.285514,3.01465,1.90882,-2.54914,1.67085
92.4134,117.143,294.19,0.950615,0.113968,-0.288689,3.00198,1.92774,-2.53993,1.6891
92.2657,121.87,294.279,0.94993,0.117252,-0.289629,2.99044,1.94932,-2.53533,1.70369
91.861,123.554,296.352,0.950843,0.117427,-0.286545,2.98901,1.95436,-2.54121,1.70861
91.7272,124.085,297.761,0.951354,0.115903,-0.285468,2.9906,1.95105,-2.54377,1.70859
92.6384,128.333,297.2,0.950829,0.116329,-0.287039,2.9823,1.96374,-2.53853,1.72027
93.9854,125.998,296.238,0.950183,0.11606,-0.289278,2.99395,1.94263,-2.53688,1.69955
93.6217,128.328,302.731,0.951731,0.118018,-0.283335,2.99038,1.95542,-2.54802,1.70867
92.388,129.793,298.963,0.951807,0.117571,-0.283267,2.9876,1.9596,-2.54746,1.71379
91.9203,129.551,300.518,0.952286,0.117409,-0.281722,2.99021,1.95643,-2.55123,1.71108
91.919,130.674,302.588,0.952931,0.117679,-0.279419,2.98847,1.9616,-2.55542,1.71586
92.1668,136.001,304.016,0.953179,0.118017,-0.278427,2.9738,1.9873,-2.5535,1.74092
91.7396,133.074,303.052,0.953539,0.11758,-0.277378,2.98421,1.97046,-2.55841,1.72508
94.9339,133.282,300.94,0.951542,0.117705,-0.284102,2.98617,1.96139,-2.54542,1.71524
93.8283,137.563,303.267,0.952251,0.119442,-0.280983,2.976,1.98276,-2.549,1.7332
93.8284,137.563,303.267,0.952251,0.119442,-0.280983,2.976,1.98276,-2.549,1.7332
93.8285,137.564,303.267,0.952251,0.119442,-0.280983,2.97599,1.98276,-2.549,1.7332
93.8286,137.564,303.267,0.952251,0.119441,-0.280983,2.97599,1.98276,-2.549,1.7332
93.8286,137.564,303.267,0.952251,0.119441,-0.280983,2.97599,1.98276,-2.549,1.7332
93.8287,137.564,303.267,0.952251,0.119441,-0.280983,2.97599,1.98276,-2.549,1.7332
93.8288,137.564,303.267,0.952251,0.119441,-0.280983,2.97599,1.98276,-2.549,1.7332
93.8289,137.564,303.267,0.952251,0.119441,-0.280983,2.97599,1.98276,-2.549,1.7332
93.829,137.564,303.267,0.952251,0.119441,-0.280983,2.97599,1.98276,-2.549,1.73321
93.8291,137.564,303.267,0.952251,0.119441,-0.280983,2.97599,1.98276,-2.549,1.73321
93.8291,137.564,303.267,0.952251,0.119441,-0.280984,2.97599,1.98276,-2.549,1.73321
93.8292,137.564,303.267,0.952251,0.119441,-0.280984,2.97599,1.98276,-2.549,1.73321
93.8293,137.564,303.267,0.952251,0.119441,-0.280984,2.97599,1.98276,-2.549,1.73321
93.8294,137.564,303.267,0.952251,0.119441,-0.280984,2.97599,1.98276,-2.549,1.73321
93.8294,137.564,303.267,0.952251,0.11944,-0.280984,2.97599,1.98276,-2.549,1.73321
93.8295,137.564,303.267,0.952251,0.11944,-0.280984,2.97599,1.98276,-2.549,1.73321
93.8296,137.564,303.267,0.952251,0.11944,-0.280984,2.97599,1.98276,-2.549,1.73321
93.8297,137.564,303.266,0.952251,0.11944,-0.280984,2.97599,1.98276,-2.549,1.73321
93.8297,137.564,303.266,0.952251,0.11944,-0.280984,2.97599,1.98276,-2.549,1.73321
93.8298,137.564,303.266,0.952251,0.11944,-0.280984,2.97599,1.98276,-2.549,1.73321
93.8299,137.564,303.266,0.952251,0.11944,-0.280984,2.97599,1.98276,-2.549,1.73321
93.83,137.564,303.266,0.952251,0.11944,-0.280985,2.97599,1.98276,-2.549,1.73321
93.83,137.564,303.266,0.952251,0.11944,-0.280985,2.97599,1.98276,-2.549,1.73321
93.8301,137.564,303.266,0.952251,0.11944,-0.280985,2.97599,1.98276,-2.549,1.73321
93.8302,137.564,303.266,0.952251,0.11944,-0.280985,2.97599,1.98276,-2.549,1.73321
93.8303,137.564,303.266,0.952251,0.119439,-0.280985,2.97599,1.98276,-2.549,1.73321
93.8303,137.564,303.266,0.952251,0.119439,-0.280985,2.97599,1.98276,-2.549,1.73321
93.8304,137.564,303.266,0.952251,0.119439,-0.280985,2.97599,1.98276,-2.549,1.73321
93.8305,137.565,303.266,0.952251,0.119439,-0.280985,2.97599,1.98276,-2.549,1.73321
93.8305,137.565,303.266,0.952251,0.119439,-0.280985,2.97599,1.98276,-2.549,1.73321
93.8306,137.565,303.266,0.952251,0.119439,-0.280985,2.97599,1.98276,-2.549,1.73321
93.8307,137.565,303.266,0.952251,0.119439,-0.280985,2.97599,1.98276,-2.549,1.73321
93.8308,137.565,303.266,0.952251,0.119439,-0.280986,2.97599,1.98276,-2.549,1.73321
93.8308,137.565,303.266,0.952251,0.119439,-0.280986,2.97599,1.98276,-2.549,1.73321
93.8309,137.565,303.266,0.952251,0.119439,-0.280986,2.97599,1.98276,-2.549,1.73321
93.831,137.565,303.266,0.952251,0.119439,-0.280986,2.97599,1.98276,-2.549,1.73321
93.831,137.565,303.266,0.952251,0.119439,-0.280986,2.97599,1.98276,-2.549,1.73321
93.8311,137.565,303.266,0.952251,0.119438,-0.280986,2.97599,1.98276,-2.549,1.73321
93.8312,137.565,303.266,0.952251,0.119438,-0.280986,2.97599,1.98276,-2.549,1.73321
93.8312,137.565,303.266,0.952251,0.119438,-0.280986,2.97599,1.98276,-2.549,1.73321
93.8313,137.565,303.266,0.952251,0.119438,-0.280986,2.97599,1.98276,-2.549,1.73321
93.8314,137.565,303.266,0.952251,0.119438,-0.280986,2.97599,1.98276,-2.549,1.73321
93.8314,137.565,303.266,0.952251,0.119438,-0.280986,2.97599,1.98276,-2.54899,1.73321
93.8315,137.565,303.266,0.952251,0.119438,-0.280986,2.97599,1.98276,-2.54899,1.73321
93.8316,137.565,303.266,0.952251,0.119438,-0.280986,2.97599,1.98276,-2.54899,1.73321
93.8316,137.565,303.266,0.952251,0.119438,-0.280987,2.97599,1.98276,-2.54899,1.73321
93.8317,137.565,303.266,0.952251,0.119438,-0.280987,2.97599,1.98276,-2.54899,1.73321
93.8317,137.565,303.266,0.952251,0.119438,-0.280987,2.97599,1.98276,-2.54899,1.73321
93.8318,137.565,303.266,0.952251,0.119438,-0.280987,2.97599,1.98276,-2.54899,1.73321
93.8319,137.565,303.266,0.952251,0.119437,-0.280987,2.97599,1.98276,-2.54899,1.73321
93.8319,137.565,303.266,0.952251,0.119437,-0.280987,2.97599,1.98276,-2.54899,1.73321
93.832,137.565,303.266,0.952251,0.119437,-0.280987,2.97599,1.98276,-2.54899,1.73321
93.832,137.565,303.266,0.952251,0.119437,-0.280987,2.97599,1.98276,-2.54899,1.73322
93.8321,137.565,303.266,0.95225,0.119437,-0.280987,2.97599,1.98276,-2.54899,1.73322
93.8322,137.565,303.266,0.95225,0.119437,-0.280987,2.97599,1.98276,-2.54899,1.73322
93.8322,137.565,303.266,0.95225,0.119437,-0.280987,2.97599,1.98276,-2.54899,1.73322
93.8323,137.565,303.266,0.95225,0.119437,-0.280987,2.97599,1.98276,-2.54899,1.73322
93.8323,137.565,303.266,0.95225,0.119437,-0.280987,2.97599,1.98276,-2.54899,1.73322
93.8324,137.565,303.266,0.95225,0.119437,-0.280987,2.97599,1.98276,-2.54899,1.73322
93.8325,137.566,303.266,0.95225,0.119437,-0.280988,2.97599,1.98276,-2.54899,1.73322
93.8325,137.566,303.266,0.95225,0.119436,-0.280988,2.97599,1.98276,-2.54899,1.73322
93.8326,137.566,303.266,0.95225,0.119436,-0.280988,2.97599,1.98276,-2.54899,1.73322
93.8326,137.566,303.266,0.95225,0.119436,-0.280988,2.97599,1.98276,-2.54899,1.73322
93.8327,137.566,303.266,0.95225,0.119436,-0.280988,2.97599,1.98276,-2.54899,1.73322
93.8328,137.566,303.266,0.95225,0.119436,-0.280988,2.97599,1.98276,-2.54899,1.73322
93.8328,137.566,303.266,0.95225,0.119436,-0.280988,2.97599,1.98276,-2.54899,1.73322
93.8329,137.566,303.266,0.95225,0.119436,-0.280988,2.97599,1.98276,-2.54899,1.73322
93.8329,137.566,303.266,0.95225,0.119436,-0.280988,2.97599,1.98276,-2.54899,1.73322
93.833,137.566,303.266,0.95225,0.119436,-0.280988,2.97599,1.98276,-2.54899,1.73322
93.833,137.566,303.266,0.95225,0.119436,-0.280988,2.97599,1.98276,-2.54899,1.73322
93.8331,137.566,303.266,0.95225,0.119436,-0.280988,2.97599,1.98277,-2.54899,1.73322
93.8331,137.566,303.266,0.95225,0.119436,-0.280988,2.97599,1.98277,-2.54899,1.73322
93.8332,137.566,303.266,0.95225,0.119435,-0.280988,2.97599,1.98277,-2.54899,1.73322
93.8332,137.566,303.266,0.95225,0.119435,-0.280988,2.97599,1.98277,-2.54899,1.73322
93.8333,137.566,303.266,0.95225,0.119435,-0.280988,2.97599,1.98277,-2.54899,1.73322
93.8333,137.566,303.266,0.95225,0.119435,-0.280989,2.97599,1.98277,-2.54899,1.73322
93.8334,137.566,303.266,0.95225,0.119435,-0.280989,2.97599,1.98277,-2.54899,1.73322
