-0.385843,1.86327,1.93396,0.679524,0.723132,-0.123807,3.47071
-0.386768,1.84281,1.92759,0.67984,0.723005,-0.122804,3.47485
-0.374333,1.83301,1.9242,0.679451,0.722888,-0.125617,3.4764
-0.369563,1.80004,1.93982,0.678931,0.723735,-0.123532,3.47253
-0.362354,1.77362,1.94442,0.678636,0.724146,-0.122745,3.47134
-0.352067,1.7455,1.94766,0.678215,0.724593,-0.122434,3.46883
-0.3341,1.71586,1.95468,0.677307,0.725361,-0.122909,3.46127
-0.333937,1.70968,1.94123,0.677841,0.724596,-0.124469,3.46911
-0.32761,1.68287,1.94809,0.677479,0.725014,-0.124003,3.46657
-0.327157,1.66495,1.94586,0.678037,0.724533,-0.123763,3.46915
-0.328559,1.64677,1.94898,0.678569,0.724148,-0.123104,3.47118
-0.31789,1.62494,1.96028,0.678095,0.724522,-0.123511,3.46628
-0.321118,1.61218,1.96075,0.678491,0.724199,-0.123235,3.46988
-0.322059,1.59988,1.96285,0.678833,0.723866,-0.123308,3.47271
-0.313556,1.58214,1.9733,0.678097,0.724421,-0.124093,3.4689
-0.310601,1.56116,1.98772,0.677752,0.724939,-0.122946,3.46541
-0.317132,1.5469,1.99,0.678061,0.724955,-0.121133,3.46904
-0.316262,1.54364,1.98804,0.677693,0.725092,-0.122368,3.47309
-0.322568,1.54479,1.98716,0.677557,0.724997,-0.123676,3.4818
-0.303136,1.51951,2.01103,0.675673,0.726583,-0.12467,3.47139
-0.312904,1.51229,2.01747,0.675561,0.726905,-0.123398,3.47709
-0.310693,1.52164,2.02293,0.674962,0.726891,-0.12671,3.48424
-0.303037,1.49652,2.04904,0.673725,0.728216,-0.125686,3.47839
-0.3089,1.48683,2.06348,0.673186,0.728921,-0.124481,3.48107
-0.308012,1.48735,2.0804,0.672218,0.729622,-0.1256,3.48425
-0.302199,1.47518,2.10564,0.670873,0.730865,-0.125562,3.48227
-0.310154,1.47155,2.12113,0.670017,0.731748,-0.124986,3.48824
-0.308783,1.46721,2.1405,0.668888,0.732694,-0.125489,3.49062
-0.311446,1.46248,2.15727,0.66717,0.734187,-0.125908,3.49426
-0.316115,1.4674,2.16135,0.665829,0.735035,-0.128048,3.50215
-0.318927,1.49485,2.15881,0.664757,0.734833,-0.134606,3.51628
-0.325208,1.48143,2.18049,0.66364,0.735784,-0.134921,3.51835
-0.335727,1.47283,2.19899,0.663049,0.736204,-0.13554,3.52152
-0.353412,1.48612,2.21156,0.662488,0.736053,-0.139052,3.53141
-0.363526,1.47871,2.24403,0.662476,0.735869,-0.140078,3.53217
-0.386026,1.47809,2.27491,0.662476,0.735722,-0.140852,3.53691
-0.392608,1.46132,2.32301,0.661927,0.736135,-0.141276,3.53076
-0.41087,1.44023,2.36884,0.661474,0.736982,-0.138958,3.52734
-0.438675,1.43604,2.4022,0.660918,0.73774,-0.137573,3.5317
-0.453147,1.41682,2.45028,0.659491,0.739402,-0.135487,3.52682
-0.467547,1.41254,2.49367,0.658451,0.740446,-0.134836,3.52581
-0.489673,1.39791,2.53962,0.657067,0.742244,-0.131669,3.52498
-0.50332,1.37669,2.58715,0.65561,0.74412,-0.128302,3.52019
-0.519297,1.36443,2.63113,0.654479,0.745581,-0.125564,3.51693
-0.542908,1.37135,2.66424,0.654046,0.74615,-0.124431,3.52036
-0.544608,1.34761,2.7179,0.653304,0.747331,-0.121201,3.5096
-0.569953,1.35223,2.74971,0.653529,0.74754,-0.118674,3.51123
-0.585205,1.36251,2.78631,0.654001,0.747239,-0.117966,3.51241
-0.594107,1.35426,2.83601,0.653539,0.748072,-0.115221,3.5067
-0.617514,1.39003,2.87031,0.654227,0.747336,-0.116086,3.51526
-0.631056,1.3813,2.92363,0.654081,0.747902,-0.113229,3.51299
-0.656373,1.39785,2.95684,0.654419,0.747766,-0.112169,3.51888
-0.652957,1.44887,3.00194,0.654914,0.746455,-0.117862,3.52427
-0.662779,1.42949,3.05729,0.65419,0.747484,-0.115339,3.51918
-0.684744,1.45469,3.08984,0.654019,0.747423,-0.116695,3.52594
-0.697927,1.52045,3.12667,0.654383,0.746152,-0.122637,3.54014
-0.701063,1.48533,3.18091,0.653595,0.747248,-0.120141,3.53314
-0.69485,1.45796,3.22151,0.652186,0.748588,-0.119457,3.52382
-0.704535,1.52754,3.24519,0.651689,0.747811,-0.126808,3.53698
-0.725569,1.48759,3.31946,0.651005,0.749281,-0.121531,3.53132
-0.80486,1.45142,3.3798,0.651098,0.750883,-0.11066,3.53872
-0.829417,1.4512,3.44099,0.651665,0.75091,-0.107086,3.54327
-0.834514,1.49152,3.47271,0.652581,0.749698,-0.109958,3.55481
-0.845127,1.44723,3.53985,0.653718,0.749536,-0.104157,3.55211
-0.784922,1.44702,3.57768,0.654951,0.747835,-0.108547,3.54387
-0.79244,1.42955,3.6178,0.655967,0.747361,-0.105631,3.54371
-0.782152,1.41041,3.6518,0.656949,0.746697,-0.104218,3.53899
-0.742494,1.44644,3.67914,0.657571,0.745333,-0.109905,3.53345
-0.739264,1.45899,3.72213,0.659034,0.743985,-0.110275,3.52936
-0.713263,1.47703,3.75785,0.660281,0.74239,-0.113519,3.52286
-0.732405,1.47971,3.7952,0.662044,0.741127,-0.111482,3.52269
-0.754193,1.51805,3.80283,0.663374,0.739731,-0.112844,3.53049
-0.771968,1.51974,3.84289,0.665107,0.738537,-0.110433,3.53084
-0.768297,1.52565,3.88486,0.665824,0.737923,-0.110218,3.5277
-0.759212,1.53856,3.91962,0.665938,0.73767,-0.111221,3.52389
-0.760595,1.56385,3.94096,0.66614,0.737361,-0.112052,3.52393
-0.746808,1.5667,3.97449,0.666901,0.736687,-0.111956,3.51754
-0.830869,1.63349,3.97903,0.669012,0.735052,-0.110099,3.54153
-0.932984,1.71532,4.00856,0.670199,0.734256,-0.108176,3.57168
-0.955385,1.82199,3.97276,0.671099,0.732137,-0.116627,3.60066
-0.945738,1.77745,4.0371,0.671067,0.732439,-0.1149,3.59611
-0.879416,1.6754,4.10007,0.670105,0.733592,-0.113146,3.57252
-0.846884,1.62496,4.1702,0.668678,0.735042,-0.112172,3.55621
-0.850347,1.60378,4.22407,0.667229,0.736517,-0.111119,3.54871
-0.89819,1.59013,4.26367,0.666075,0.738084,-0.107592,3.54973
-0.915569,1.62842,4.29432,0.66477,0.738823,-0.110552,3.55348
-0.966704,1.60331,4.33215,0.663173,0.740824,-0.106683,3.55492
-1.04138,1.64404,4.34242,0.661177,0.742677,-0.106183,3.56959
-1.09849,1.76807,4.34882,0.658983,0.743669,-0.112686,3.59464
-1.17305,1.72888,4.4007,0.656441,0.746714,-0.107255,3.60054
-1.19514,1.75984,4.38631,0.653422,0.748705,-0.111719,3.61282
-1.23731,1.61761,4.45047,0.649713,0.753377,-0.101475,3.60093
-1.32313,1.65865,4.43709,0.646048,0.756385,-0.102485,3.61987
-1.361,1.62054,4.45609,0.641954,0.760162,-0.100241,3.6231
-1.39936,1.46449,4.49817,0.637093,0.765501,-0.090111,3.60856
-1.43201,1.39232,4.49228,0.631394,0.770608,-0.0866306,3.6025
-1.50607,1.40554,4.46271,0.626552,0.774645,-0.0857787,3.6146
-1.58339,1.3577,4.45447,0.621543,0.779236,-0.080465,3.61931
-1.61327,1.3081,4.44518,0.617209,0.782969,-0.0775427,3.61719
-1.67884,1.33718,4.43615,0.613752,0.785657,-0.0777869,3.6304
-1.73563,1.26448,4.45359,0.607857,0.790825,-0.0714542,3.62802
-1.74476,1.23994,4.46375,0.603038,0.794711,-0.0691312,3.62312
-1.84207,1.21439,4.38733,0.598638,0.798564,-0.0626793,3.64081
-1.87759,1.19117,4.40226,0.591073,0.80425,-0.0617686,3.6412
-1.91253,1.15788,4.36982,0.583312,0.810032,-0.059961,3.64373
-1.93326,1.14053,4.31688,0.575861,0.815318,-0.0603391,3.6481
-1.93742,1.15059,4.2989,0.569601,0.819458,-0.0635801,3.64899
-1.97129,1.15666,4.25489,0.564912,0.822695,-0.0636152,3.65538
-1.98328,1.17505,4.20969,0.561219,0.825063,-0.0656082,3.65929
-2.02018,1.10702,4.17308,0.558676,0.827359,-0.0579443,3.65806
-2.03228,1.08799,4.16281,0.555548,0.82959,-0.0560946,3.65635
-2.07613,1.16461,4.11653,0.550288,0.832684,-0.0618149,3.6693
-2.06968,1.14225,4.07181,0.546408,0.83533,-0.0605197,3.66568
-2.10015,1.09956,4.06397,0.542039,0.838515,-0.0555533,3.66194
-2.13941,1.17983,4.01417,0.536204,0.841788,-0.0622768,3.67329
-2.17888,1.20855,3.91387,0.531625,0.844607,-0.0633496,3.68475
-2.18903,1.1513,3.85166,0.527091,0.847799,-0.0584169,3.68213
-2.24098,1.19532,3.80425,0.5229,0.850257,-0.0603153,3.68788
-2.25912,1.17235,3.73284,0.520341,0.851947,-0.0585786,3.68706
-2.26427,1.02897,3.66627,0.518658,0.85372,-0.0464323,3.678
-2.32057,1.01057,3.62265,0.515806,0.855557,-0.044338,3.68371
-2.40549,1.14991,3.54873,0.510996,0.85766,-0.0574678,3.70461
-2.36096,1.16391,3.4566,0.508655,0.858495,-0.065244,3.6993
-2.35879,1.06599,3.38326,0.506689,0.860158,-0.0582587,3.69332
-2.37982,1.07144,3.32369,0.506208,0.860334,-0.059825,3.69818
-2.36754,1.0471,3.33364,0.506275,0.860365,-0.0587956,3.68781
-2.40876,0.991284,3.26354,0.509207,0.859121,-0.0511779,3.69926
-2.42976,1.00868,3.30703,0.507226,0.860126,-0.0538889,3.6936
-2.4513,1.2241,3.19981,0.503213,0.860544,-0.0789932,3.71408
-2.41446,1.01992,3.11886,0.504639,0.861089,-0.062169,3.70433
-2.49515,0.995738,3.07429,0.505147,0.861296,-0.0547354,3.72358
-2.4671,1.01798,3.04936,0.502268,0.862558,-0.0609902,3.72405
-2.48795,1.0212,3.03709,0.501021,0.863426,-0.058943,3.7284
-2.5031,1.01225,2.99039,0.499752,0.864306,-0.0567675,3.73805
-2.46633,1.07967,2.93108,0.497954,0.864556,-0.0677138,3.74465
-2.4904,1.19788,2.87198,0.495406,0.864997,-0.0797094,3.75659
-2.4582,1.1658,2.836,0.493661,0.865949,-0.0801936,3.7493
-2.44555,1.33628,2.75842,0.491565,0.865033,-0.100411,3.75831
-2.43756,1.25904,2.71598,0.489352,0.867104,-0.0930856,3.75201
-2.45793,1.20111,2.67174,0.48731,0.869085,-0.0849713,3.75363
-2.54044,1.07664,2.68412,0.481864,0.873857,-0.0646526,3.75374
-2.48996,1.21556,2.61088,0.475654,0.87529,-0.0873009,3.76157
-2.47982,1.24483,2.54598,0.466759,0.879016,-0.0972985,3.76988
-2.52842,1.10668,2.53428,0.466159,0.881788,-0.0717368,3.76654
-2.5224,1.206,2.42576,0.460559,0.883109,-0.0894611,3.78866
-2.54223,1.33602,2.30765,0.452545,0.884849,-0.110658,3.81089
-2.55655,1.18388,2.35512,0.449893,0.888838,-0.0869641,3.77728
-2.56598,1.13596,2.32795,0.444558,0.891748,-0.0845818,3.76919
-2.56792,1.20809,2.21522,0.438947,0.892728,-0.101799,3.78483
-2.57245,1.12937,2.19984,0.436024,0.895369,-0.090539,3.77289
-2.59544,1.09969,2.16242,0.431384,0.897964,-0.086995,3.77509
-2.61304,1.04483,2.13153,0.427763,0.90042,-0.0791435,3.77448
-2.64929,0.993667,2.12786,0.423278,0.903387,-0.0687575,3.7782
-2.6623,0.989212,2.10724,0.41784,0.905974,-0.06798,3.78449
-2.66312,0.986686,2.07471,0.412573,0.908394,-0.0678503,3.78843
-2.67817,0.951152,2.06462,0.406805,0.911515,-0.0604176,3.78944
-2.68823,0.93511,2.03579,0.40012,0.914687,-0.0570281,3.79472
-2.69578,0.900215,1.9976,0.393885,0.91772,-0.0514217,3.80144
-2.70358,0.879441,1.97592,0.386682,0.920893,-0.0493378,3.80662
-2.7122,0.859833,1.9631,0.378277,0.924453,-0.0478842,3.80892
-2.73806,0.829279,1.96013,0.371276,0.927582,-0.0417904,3.81414
-2.74578,0.816927,1.953,0.363105,0.930812,-0.0417486,3.8183
-2.76592,0.79376,1.96264,0.355939,0.93376,-0.0374121,3.8209
-2.80091,0.770422,2.00828,0.350029,0.936254,-0.0301272,3.82206
-2.81817,0.758639,2.02482,0.343241,0.938843,-0.0275427,3.82863
-2.80901,0.730075,2.02762,0.334225,0.942146,-0.0255706,3.82866
-2.82719,0.713181,2.02689,0.322913,0.946091,-0.0252781,3.83323
-2.85929,0.705268,2.02567,0.314584,0.94894,-0.0234673,3.84847
-2.86762,0.689561,2.06952,0.305851,0.951802,-0.0229687,3.8481
-2.88264,0.663485,2.11912,0.298271,0.954293,-0.0189611,3.84606
-2.9028,0.637191,2.15853,0.290764,0.956695,-0.0138368,3.84743
-2.92454,0.635101,2.17687,0.283755,0.958812,-0.012778,3.85657
-2.92173,0.638519,2.19645,0.276657,0.960843,-0.0155247,3.86109
-2.91407,0.644093,2.22372,0.271025,0.962363,-0.0200598,3.86209
-2.95036,0.642525,2.25188,0.266994,0.963462,-0.021359,3.87184
-3.04056,0.721069,2.34644,0.264363,0.964107,-0.0246931,3.87494
-3.07711,0.632252,2.41923,0.257901,0.966089,-0.0126409,3.87365
-3.14958,0.605391,2.48135,0.254008,0.967188,-0.00526754,3.88842
-3.12625,0.588093,2.54606,0.248196,0.968691,-0.00611754,3.88517
-3.09406,0.592988,2.5952,0.243485,0.969845,-0.0107668,3.88116
-3.12845,0.653152,2.65199,0.241594,0.970171,-0.0199973,3.88892
-3.17993,0.67018,2.72608,0.240342,0.970397,-0.0237848,3.90016
-3.19594,0.654176,2.82836,0.238079,0.970932,-0.0247053,3.89888
-3.22913,0.651558,2.91473,0.237342,0.97105,-0.0270255,3.90352
-3.23012,0.55792,2.9374,0.234082,0.971773,-0.0293677,3.92428
-3.2795,0.546862,3.08233,0.23372,0.972054,-0.0220375,3.91597
-3.32595,0.473776,3.17401,0.230328,0.972992,-0.0153288,3.92184
-3.34983,0.476872,3.27674,0.22731,0.973645,-0.0185735,3.92569
-3.2685,0.409614,3.3485,0.221219,0.975047,-0.0185774,3.9118
-3.35104,0.334149,3.40331,0.217415,0.976023,-0.0105204,3.92555
-3.47469,0.337861,3.4989,0.214776,0.976613,-0.0098605,3.94645
-3.39816,0.261185,3.69038,0.205153,0.978706,-0.00683751,3.91512
-3.32206,0.132687,3.5469,0.201887,0.979409,-0.000420811,3.93113
-3.52256,0.29412,3.61192,0.20133,0.979417,-0.0144537,3.96345
-3.42641,0.35101,3.78445,0.199915,0.979489,-0.0252124,3.9383
-3.37474,0.246256,3.84793,0.196734,0.980216,-0.0217351,3.92988
-3.50236,0.157549,3.87958,0.198211,0.980074,-0.0129114,3.95136
-3.58427,0.123548,3.94187,0.197855,0.98017,-0.010989,3.96647
-3.4242,-0.00208183,4.07229,0.192457,0.981283,-0.00663854,3.93374
-3.45979,-0.0835577,4.09664,0.191019,0.981585,-0.00146776,3.9395
-3.5917,-0.106859,4.15087,0.192464,0.981301,0.00254109,3.95774
-3.46389,-0.289969,4.24449,0.188464,0.981975,0.0143975,3.93075
-3.55483,-0.290336,4.26724,0.188526,0.98195,0.0152497,3.94395
-3.57788,-0.269263,4.33508,0.18593,0.982494,0.0116863,3.94594
-3.50812,-0.380655,4.4313,0.179463,0.98361,0.0174332,3.92684
-3.55557,-0.457699,4.45704,0.173741,0.984521,0.0230792,3.92911
-3.63231,-0.457738,4.54264,0.168824,0.985388,0.0225603,3.93158
-3.62747,-0.51747,4.57411,0.162343,0.986397,0.0258178,3.92961
-3.68237,-0.550567,4.55685,0.157994,0.987039,0.0281318,3.93805
-3.61748,-0.591804,4.67154,0.156659,0.987203,0.0298057,3.91513
-3.66134,-0.581775,4.70789,0.154762,0.987574,0.0273342,3.9153
-3.68778,-0.613588,4.729,0.152942,0.987818,0.0287038,3.91355
-3.73421,-0.613092,4.72481,0.148942,0.988473,0.0271457,3.91783
-3.90077,-0.607968,4.70275,0.144107,0.989177,0.0276099,3.93808
-3.95716,-0.682839,4.69034,0.141715,0.989317,0.0341917,3.93783
-3.87703,-0.739509,4.74508,0.138427,0.98975,0.03512,3.91657
-4.03112,-0.721209,4.72788,0.132666,0.990631,0.0323957,3.93282
-3.90314,-0.691594,4.88554,0.126389,0.991633,0.0262775,3.89383
-3.91274,-0.971012,4.92094,0.124841,0.990792,0.0523944,3.88584
-3.91366,-0.815529,5.02845,0.117466,0.992326,0.03862,3.87807
-4.05631,-0.680718,4.99493,0.110737,0.9934,0.0298803,3.89639
-3.9253,-0.928634,4.80092,0.109242,0.992538,0.0541775,3.89039
-3.98897,-1.02527,4.73045,0.100791,0.99296,0.0622177,3.90593
-3.96862,-1.04795,4.67205,0.0918581,0.993804,0.0625769,3.91149
-3.97175,-1.08187,4.63953,0.0855989,0.994244,0.0644271,3.9121
-3.88953,-1.20764,4.68212,0.0795399,0.99411,0.0736121,3.89188
-4.03783,-1.13182,4.67453,0.0733934,0.995027,0.0673416,3.91027
-4.10062,-1.06488,4.56413,0.063921,0.996038,0.0618319,3.92434
-3.90517,-1.30865,4.54076,0.058876,0.99478,0.0833468,3.89269
-3.9421,-1.33042,4.49329,0.0513938,0.995084,0.0846509,3.9012
-4.1412,-1.23695,4.33615,0.043021,0.996115,0.076836,3.9395
-4.0682,-1.38673,4.27497,0.0372785,0.995247,0.0899668,3.92581
-3.92656,-1.52426,4.23474,0.0307322,0.994554,0.0995895,3.9045
-4.01441,-1.49435,4.13053,0.0240426,0.995198,0.0948873,3.92317
-4.06795,-1.43567,4.12092,0.0174537,0.996021,0.0873958,3.9227
-3.96771,-1.53597,4.07092,0.0133851,0.995199,0.0969479,3.90594
-4.02609,-1.54493,3.96417,0.00749025,0.995249,0.0970724,3.91908
-4.0454,-1.55519,3.93051,0.000151268,0.995316,0.0966753,3.91582
-3.91223,-1.64203,3.89953,-0.00544474,0.994493,0.104659,3.89265
-3.97544,-1.65312,3.79561,-0.0120846,0.994418,0.104818,3.90645
-3.93017,-1.69354,3.75763,-0.0186188,0.99402,0.1076,3.89601
-3.82843,-1.75789,3.72854,-0.0249896,0.993264,0.113144,3.87845
-3.88018,-1.76613,3.62458,-0.0316454,0.993053,0.113332,3.89305
-3.88908,-1.80076,3.57218,-0.039855,0.992602,0.114683,3.8926
-3.79031,-1.83995,3.56221,-0.0462597,0.991994,0.117509,3.87351
-3.88438,-1.80844,3.48501,-0.0532882,0.992216,0.112552,3.89027
-3.89529,-1.83135,3.42147,-0.0603205,0.991624,0.114205,3.89027
-3.79682,-1.92729,3.35115,-0.0652795,0.990069,0.124504,3.87771
-3.83142,-1.93814,3.28322,-0.0707462,0.989819,0.123503,3.88399
-3.82936,-1.96779,3.24073,-0.0747425,0.989274,0.125503,3.87992
-3.74159,-2.0327,3.18256,-0.0780872,0.988149,0.132149,3.86794
-3.71881,-2.04432,3.11327,-0.0812613,0.987907,0.132046,3.86844
-3.71875,-2.07991,3.07263,-0.0866111,0.987329,0.132966,3.86692
-3.64767,-2.12395,3.03017,-0.0904886,0.986514,0.136388,3.85667
-3.61415,-2.15178,2.97498,-0.0930318,0.986094,0.137708,3.85529
-3.6619,-2.19174,2.90802,-0.0957273,0.985632,0.139163,3.86503
-3.62225,-2.19682,2.85998,-0.0976917,0.985616,0.1379,3.86001
-3.5747,-2.20403,2.80752,-0.0991288,0.985483,0.137831,3.85529
-3.56909,-2.21426,2.77302,-0.101206,0.985442,0.136606,3.85362
-3.56728,-2.24511,2.72034,-0.103688,0.984987,0.138021,3.85476
-3.50702,-2.2603,2.68255,-0.105064,0.984694,0.139062,3.84575
-3.46866,-2.27575,2.62997,-0.105638,0.984491,0.140065,3.84429
-3.46214,-2.28033,2.59118,-0.106422,0.984558,0.138996,3.84456
-3.40758,-2.27753,2.55552,-0.107494,0.984432,0.139064,3.83899
-3.38454,-2.29883,2.52187,-0.108556,0.984,0.141278,3.83812
-3.40614,-2.31029,2.48742,-0.110362,0.983925,0.140396,3.84328
-3.34686,-2.30867,2.45141,-0.112129,0.983607,0.141223,3.838
-3.35025,-2.34044,2.41996,-0.114598,0.983031,0.143239,3.8427
-3.44129,-2.35733,2.37589,-0.117769,0.983099,0.140164,3.85824
-3.37443,-2.34583,2.35007,-0.120258,0.982935,0.139199,3.84805
-3.3927,-2.35672,2.32289,-0.12304,0.982724,0.138253,3.85085
-3.39917,-2.37852,2.28694,-0.125498,0.982267,0.139287,3.85154
-3.37544,-2.38868,2.25213,-0.127487,0.981944,0.139763,3.84826
-3.29973,-2.36794,2.23386,-0.12742,0.981988,0.139515,3.83795
-3.3035,-2.3803,2.20243,-0.127469,0.981746,0.141163,3.84123
-3.29253,-2.38047,2.17891,-0.127048,0.98172,0.141724,3.84032
-3.31784,-2.39956,2.14825,-0.129868,0.981536,0.140434,3.84831
-3.37782,-2.42162,2.10597,-0.134604,0.981249,0.137959,3.86092
-3.35796,-2.4357,2.07075,-0.139503,0.980522,0.138262,3.85623
-3.28167,-2.40226,2.07872,-0.137743,0.980738,0.138491,3.83378
-3.26706,-2.43703,2.08324,-0.137412,0.980164,0.142813,3.82465
-3.23599,-2.44824,2.05245,-0.139662,0.979313,0.146424,3.82265
-3.26324,-2.4627,2.03212,-0.143478,0.978947,0.145176,3.83106
-3.31684,-2.47587,2.01436,-0.147681,0.978925,0.141057,3.84068
-3.25912,-2.4659,1.97852,-0.152433,0.978046,0.142095,3.83419
-3.22534,-2.47459,1.96055,-0.155447,0.977108,0.145244,3.82849
-3.26081,-2.47039,1.94577,-0.157821,0.97711,0.142651,3.83488
-3.24237,-2.48092,1.94499,-0.163001,0.975944,0.144787,3.82711
-3.23387,-2.4943,1.93161,-0.168027,0.974572,0.148241,3.82448
-3.24057,-2.45042,1.88326,-0.175434,0.974097,0.142682,3.8363
-3.19709,-2.47324,1.8589,-0.18176,0.972025,0.148764,3.83004
-3.18927,-2.52097,1.86597,-0.187916,0.969859,0.155118,3.82644
-3.18757,-2.54954,1.89145,-0.195903,0.967931,0.157265,3.82236
-3.18043,-2.5567,1.88936,-0.201954,0.966174,0.160381,3.82266
-3.17166,-2.5194,1.85612,-0.204673,0.965649,0.160098,3.83053
-3.16917,-2.52932,1.84812,-0.208432,0.964417,0.162653,3.83272
-3.17228,-2.5449,1.86268,-0.214173,0.96301,0.163527,3.83202
-3.17653,-2.57624,1.8903,-0.219686,0.961146,0.16714,3.8267
-3.18303,-2.58816,1.87808,-0.223128,0.959573,0.17156,3.83218
-3.19419,-2.57918,1.87278,-0.224353,0.959116,0.172517,3.83976
-3.20485,-2.59029,1.89153,-0.225314,0.958577,0.174251,3.84258
-3.22749,-2.61134,1.92422,-0.22638,0.958054,0.175741,3.84566
-3.21003,-2.59128,1.95364,-0.228831,0.957907,0.173348,3.84484
-3.23251,-2.60888,1.98891,-0.230746,0.95762,0.172397,3.84828
-3.26781,-2.63732,2.04309,-0.231643,0.957517,0.171766,3.85129
-3.25056,-2.63523,2.08501,-0.234065,0.95721,0.170186,3.84923
-3.26006,-2.6589,2.13022,-0.235236,0.956918,0.170211,3.84942
-3.26922,-2.68127,2.17812,-0.234972,0.956967,0.170298,3.84613
-3.28355,-2.7056,2.23352,-0.23412,0.957234,0.169971,3.84396
-3.30781,-2.75117,2.28177,-0.233978,0.956934,0.171848,3.84527
-3.31836,-2.78584,2.3479,-0.233474,0.956942,0.172486,3.84262
-3.35136,-2.84807,2.4122,-0.23313,0.956369,0.176094,3.84303
-3.33795,-2.87436,2.47906,-0.235261,0.955747,0.176634,3.83878
-3.31457,-2.92433,2.5431,-0.238436,0.954366,0.179815,3.83328
-3.33108,-3.01038,2.62235,-0.240979,0.952544,0.185982,3.82967
-3.33352,-3.05182,2.6815,-0.242826,0.951288,0.189966,3.82829
-3.29998,-3.0493,2.72705,-0.244747,0.950628,0.190803,3.82492
-3.31242,-3.06222,2.76497,-0.245384,0.950217,0.192028,3.82806
-3.28386,-3.02534,2.79842,-0.247301,0.95046,0.188331,3.82779
-3.23595,-3.03351,2.85977,-0.249614,0.949912,0.188042,3.81893
-3.27746,-3.13863,2.92869,-0.250963,0.948209,0.194724,3.81992
-3.30349,-3.19519,2.99868,-0.252334,0.947103,0.198301,3.82041
-3.29024,-3.22766,3.05236,-0.254207,0.945994,0.201182,3.8189
-3.33579,-3.20097,3.10005,-0.253557,0.947,0.197228,3.82638
-3.28886,-3.18887,3.17137,-0.257004,0.946594,0.194699,3.81901
-3.28275,-3.22494,3.25174,-0.260448,0.945681,0.194562,3.81495
-3.33846,-3.30281,3.30918,-0.260607,0.944738,0.19888,3.82205
-3.22312,-3.30908,3.39702,-0.263519,0.943466,0.201072,3.80228
-3.1111,-3.3506,3.49449,-0.266121,0.941578,0.206423,3.77852
-3.10053,-3.43743,3.57626,-0.268297,0.939322,0.213755,3.76933
-3.08634,-3.56679,3.66418,-0.27215,0.935702,0.224492,3.76053
-3.06942,-3.55847,3.72588,-0.276629,0.934219,0.225193,3.75505
-3.06552,-3.46451,3.73435,-0.281629,0.934235,0.218838,3.75696
-3.05034,-3.48174,3.78532,-0.285545,0.932601,0.220724,3.75189
-3.03563,-3.44639,3.85838,-0.292745,0.931452,0.216097,3.74399
-3.02626,-3.46556,3.86686,-0.297676,0.929234,0.218892,3.74405
-3.04968,-3.51942,3.91416,-0.300237,0.927492,0.222745,3.74619
-3.00361,-3.47825,3.94838,-0.303726,0.926769,0.221019,3.7404
-2.9626,-3.39765,3.99326,-0.308359,0.926857,0.214129,3.73346
-2.90077,-3.42964,4.034,-0.311724,0.924988,0.217313,3.724
-2.92425,-3.52579,4.09214,-0.314753,0.922712,0.222562,3.72691
-2.79313,-3.50882,4.12235,-0.319336,0.920599,0.224772,3.70954
-2.75172,-3.52468,4.15518,-0.324894,0.918356,0.225979,3.70437
-2.71902,-3.62553,4.1818,-0.330305,0.914483,0.233708,3.70387
-2.701,-3.75723,4.21679,-0.334394,0.91037,0.243736,3.70665
-2.67431,-3.75918,4.22468,-0.338232,0.908371,0.24589,3.70855
-2.61987,-3.61615,4.30562,-0.341959,0.90999,0.234482,3.69634
-2.58361,-3.60195,4.38795,-0.346206,0.909345,0.230724,3.69039
-2.48452,-3.71472,4.37199,-0.351871,0.904314,0.241667,3.68719
-2.34694,-3.74748,4.37185,-0.360239,0.899473,0.247338,3.67436
-2.33327,-3.82033,4.39509,-0.36563,0.896039,0.251852,3.67729
-2.37868,-4.03469,4.40379,-0.367317,0.891023,0.266753,3.69461
-2.22554,-3.92315,4.42944,-0.373074,0.889242,0.264696,3.67464
-2.15511,-3.73338,4.50667,-0.380065,0.89051,0.250085,3.65646
-2.09292,-3.83686,4.50366,-0.383696,0.886808,0.257583,3.65204
-2.03347,-3.78908,4.51016,-0.386696,0.886523,0.254055,3.6405
-2.02892,-3.87795,4.49108,-0.389275,0.883556,0.260374,3.64631
-2.06156,-3.88554,4.51412,-0.395956,0.881488,0.257289,3.6529
-2.01397,-3.90685,4.56623,-0.400456,0.879123,0.258415,3.64031
-1.86683,-4.05531,4.50038,-0.404667,0.871408,0.277293,3.631
-1.91857,-3.99094,4.55756,-0.411951,0.870705,0.268643,3.634
-1.91856,-3.97425,4.55071,-0.418804,0.86791,0.267088,3.63569
-1.86848,-3.91699,4.62546,-0.424361,0.866524,0.262781,3.61685
-1.75826,-3.96556,4.58409,-0.430033,0.86143,0.270205,3.60818
-1.71192,-3.99404,4.56821,-0.433321,0.859098,0.272367,3.60575
-1.62618,-4.08175,4.52209,-0.436489,0.854873,0.280482,3.60219
-1.59534,-4.08048,4.50331,-0.438213,0.854378,0.279299,3.59942
-1.59258,-4.09035,4.43542,-0.442174,0.852659,0.278306,3.61424
-1.51781,-4.17196,4.38016,-0.445832,0.848493,0.285119,3.61397
-1.49447,-4.17299,4.31137,-0.448267,0.847099,0.285447,3.61485
-1.48509,-4.14826,4.30241,-0.449874,0.847584,0.28145,3.61411
-1.41264,-4.23375,4.2293,-0.450979,0.844301,0.289437,3.61538
-1.35667,-4.28211,4.13938,-0.451985,0.842236,0.293851,3.61888
-1.39759,-4.25948,4.12769,-0.452929,0.844425,0.286011,3.62803
-1.44235,-4.21766,4.13549,-0.453068,0.847511,0.276505,3.63661
-1.30607,-4.30262,3.99264,-0.453221,0.842919,0.289963,3.63547
-1.17358,-4.4207,3.84155,-0.45642,0.836405,0.303491,3.6385
-1.19937,-4.37213,3.73768,-0.457886,0.837626,0.297864,3.6481
-1.27953,-4.23389,3.75811,-0.458366,0.843565,0.279819,3.65239
-1.27422,-4.23696,3.73865,-0.46229,0.842464,0.276663,3.65718
-1.32,-4.17609,3.67982,-0.462247,0.844467,0.270561,3.66534
-1.30162,-4.19134,3.61887,-0.462652,0.842966,0.274522,3.67129
-1.25157,-4.24042,3.62497,-0.466958,0.839488,0.277867,3.66784
-1.28154,-4.26756,3.57386,-0.470303,0.837574,0.278001,3.67577
-1.28423,-4.19703,3.50399,-0.471899,0.837796,0.274609,3.67645
-1.22981,-4.22199,3.47151,-0.470917,0.835941,0.281851,3.66612
-1.18465,-4.26273,3.39177,-0.472211,0.832576,0.289541,3.66694
-1.13595,-4.34006,3.33036,-0.475629,0.828105,0.296679,3.66787
-1.14542,-4.29005,3.24976,-0.477151,0.828053,0.294373,3.67015
-1.15881,-4.23118,3.22009,-0.478522,0.828938,0.289617,3.67003
-1.14652,-4.27516,3.17219,-0.480302,0.826329,0.294093,3.67267
-1.1137,-4.27397,3.10271,-0.483597,0.823381,0.296947,3.67295
-1.14962,-4.26214,3.1058,-0.488045,0.822782,0.291276,3.67776
-1.22506,-4.28925,3.14701,-0.492367,0.822434,0.284915,3.68373
-1.18683,-4.26253,3.07698,-0.494015,0.819579,0.29024,3.67596
-1.11771,-4.26569,2.97046,-0.495426,0.814989,0.300576,3.67291
-1.02476,-4.2931,2.86189,-0.498412,0.80911,0.31133,3.67034
-1.03304,-4.24923,2.80492,-0.500202,0.808967,0.308821,3.67465
-0.981851,-4.23413,2.83587,-0.503109,0.808482,0.305351,3.66643
-1.05704,-4.27409,2.87645,-0.504311,0.80881,0.302484,3.6723
-1.06817,-4.31428,2.90979,-0.504852,0.807885,0.30405,3.66684
-1.05613,-4.31211,2.87182,-0.505856,0.805457,0.308785,3.66595
-1.13747,-4.33304,2.91601,-0.509755,0.804762,0.304152,3.67336
-1.15279,-4.34183,2.91242,-0.512889,0.802888,0.303835,3.67465
-1.09598,-4.3185,2.79665,-0.513233,0.798966,0.31344,3.67155
-1.03253,-4.37352,2.76259,-0.515268,0.794916,0.320324,3.66874
-1.03959,-4.4847,2.797,-0.519501,0.792816,0.318687,3.67639
-1.08931,-4.43515,2.78929,-0.521695,0.794886,0.309824,3.67757
-1.06283,-4.41133,2.74485,-0.523644,0.793116,0.311069,3.6741
-0.981931,-4.44115,2.72414,-0.523946,0.791348,0.315039,3.66552
-1.01548,-4.44648,2.79012,-0.524045,0.794199,0.307613,3.6625
-1.05001,-4.48305,2.745,-0.522855,0.793009,0.312665,3.6707
-1.10511,-4.54432,2.83437,-0.528259,0.79237,0.30511,3.67936
-1.1067,-4.57612,2.8709,-0.528721,0.792229,0.304676,3.67104
-1.04344,-4.59548,2.81338,-0.528679,0.788198,0.315027,3.66224
-1.08499,-4.5946,2.8235,-0.532514,0.786795,0.312061,3.67121
-1.17252,-4.73812,2.95726,-0.538985,0.785931,0.302999,3.68256
-1.23309,-4.77665,2.99545,-0.542692,0.785652,0.297048,3.68314
-1.13334,-4.68203,2.90981,-0.543278,0.782374,0.304533,3.65836
-1.09177,-4.63694,2.84313,-0.547007,0.777811,0.309504,3.65428
-1.09144,-4.66266,2.88079,-0.550027,0.775995,0.30871,3.64895
-0.92118,-4.72475,2.79723,-0.549653,0.766995,0.331058,3.62427
-1.02466,-4.60792,2.77825,-0.556055,0.766743,0.320792,3.64231
-0.916991,-4.63879,2.67333,-0.559076,0.759344,0.332912,3.63797
-0.98765,-4.55181,2.66457,-0.558808,0.76397,0.322619,3.64421
-0.90566,-4.55903,2.60438,-0.558068,0.761039,0.330726,3.63966
-0.795016,-4.6084,2.50049,-0.55995,0.754549,0.342215,3.63871
-0.848073,-4.53097,2.51691,-0.560139,0.759624,0.330478,3.63828
-0.775696,-4.48234,2.54705,-0.561982,0.75973,0.327089,3.62216
-0.655544,-4.60296,2.48318,-0.56583,0.751529,0.339176,3.61837
-0.610845,-4.5751,2.38553,-0.56852,0.748027,0.342405,3.61798
-0.63552,-4.46633,2.38416,-0.568275,0.751961,0.334093,3.61179
-0.605046,-4.44053,2.39653,-0.568674,0.752391,0.332442,3.60363
-0.507936,-4.52992,2.31813,-0.573395,0.744481,0.342004,3.60606
-0.472965,-4.50794,2.28039,-0.576787,0.742326,0.340983,3.60258
-0.415342,-4.53212,2.23339,-0.580807,0.738199,0.343112,3.60058
-0.396499,-4.49651,2.16212,-0.583286,0.736371,0.342835,3.60073
-0.386515,-4.43782,2.19135,-0.584551,0.738787,0.335401,3.58954
-0.357383,-4.41175,2.1562,-0.58585,0.738096,0.334656,3.58893
-0.313775,-4.4036,2.14381,-0.588017,0.736751,0.333817,3.58343
-0.296338,-4.37793,2.14161,-0.589997,0.736586,0.330673,3.57947
-0.262299,-4.35602,2.15193,-0.59206,0.735971,0.328346,3.57182
-0.212879,-4.33579,2.13659,-0.593939,0.734147,0.329035,3.56519
-0.169846,-4.33423,2.12283,-0.596785,0.731664,0.329415,3.56214
-0.137379,-4.31757,2.1104,-0.59971,0.729566,0.328756,3.55738
-0.119021,-4.28119,2.13695,-0.601691,0.729609,0.325022,3.54732
-0.00473278,-4.30953,2.07074,-0.601511,0.723448,0.338833,3.53776
0.0286449,-4.28707,2.07624,-0.604271,0.719943,0.341379,3.53563
0.0471476,-4.27453,2.12791,-0.608157,0.717588,0.339428,3.53085
0.0547106,-4.2368,2.18598,-0.61338,0.715524,0.334351,3.52639
0.103647,-4.1909,2.14341,-0.616791,0.710348,0.339078,3.52095
0.137508,-4.15531,2.13342,-0.620272,0.706533,0.340696,3.51819
0.164343,-4.11365,2.15175,-0.624512,0.703732,0.338741,3.51327
0.219239,-4.08683,2.13775,-0.62732,0.699683,0.341926,3.50602
0.300936,-4.07854,2.10605,-0.630011,0.693466,0.349557,3.49914
0.293669,-4.03573,2.14876,-0.633394,0.692622,0.345088,3.49732
0.364499,-4.0536,2.141,-0.635989,0.68749,0.350537,3.4949
0.394961,-4.03179,2.16468,-0.638655,0.684842,0.350871,3.49246
0.42707,-3.98637,2.18921,-0.643646,0.681576,0.348101,3.49009
0.468697,-3.97446,2.22541,-0.646437,0.679772,0.346453,3.48659
0.524511,-3.97086,2.25371,-0.648376,0.677275,0.347717,3.48418
0.570052,-3.9159,2.28753,-0.65219,0.675218,0.344571,3.47865
0.642904,-3.92162,2.26789,-0.652407,0.671445,0.351463,3.47863
0.703762,-3.9294,2.26304,-0.652444,0.667912,0.358066,3.48172
0.777678,-3.95724,2.2062,-0.649829,0.662724,0.372181,3.48741
0.917477,-4.03246,2.18118,-0.64505,0.653734,0.395654,3.48662
0.928946,-3.97506,2.28974,-0.64949,0.652969,0.389608,3.48677
0.919382,-3.89055,2.39878,0.655912,-0.652668,-0.379215,2.79799
0.95117,-3.85854,2.4405,0.658475,-0.649791,-0.379714,2.7995
1.02291,-3.89336,2.42441,0.656572,-0.644084,-0.392516,2.79683
1.07568,-3.89941,2.4746,0.657799,-0.639867,-0.397329,2.80004
1.1319,-3.92549,2.51907,0.65748,-0.635286,-0.405131,2.80272
1.181,-3.9546,2.56121,0.657138,-0.629913,-0.41398,2.80279
1.20249,-3.93917,2.67998,0.661423,-0.626416,-0.412459,2.80749
1.21916,-3.92734,2.77456,0.66496,-0.622424,-0.412815,2.80978
1.22314,-3.86999,2.92475,0.672229,-0.61961,-0.405205,2.819
1.21825,-3.81673,3.17854,0.681598,-0.620535,-0.387764,2.83732
1.23518,-3.93358,3.12961,0.680306,-0.612594,-0.402382,2.81746
1.22887,-3.9782,3.11299,0.680742,-0.606223,-0.411197,2.79996
1.25464,-3.87626,3.23781,0.686845,-0.603365,-0.405209,2.81396
1.27221,-3.85131,3.30806,0.689631,-0.600118,-0.405299,2.81525
1.29011,-3.84352,3.35367,0.692131,-0.595831,-0.407357,2.81092
1.24999,-3.88319,3.36314,0.694235,-0.592793,-0.408209,2.79477
1.3003,-3.80926,3.47674,0.698179,-0.590895,-0.404215,2.80627
1.34542,-3.77651,3.56036,0.701125,-0.588531,-0.402561,2.80908
1.3945,-3.79703,3.57735,0.702349,-0.584178,-0.406745,2.80281
1.42827,-3.80271,3.6009,0.702208,-0.581913,-0.410221,2.7984
1.48429,-3.77136,3.72256,0.705973,-0.579438,-0.407252,2.80248
1.55986,-3.68842,3.9315,0.710296,-0.580416,-0.398243,2.81894
1.54047,-3.69629,3.8205,0.710142,-0.576808,-0.403723,2.79271
1.50244,-3.90412,3.64688,0.701925,-0.573917,-0.421807,2.74178
1.48774,-3.88063,3.73901,0.701994,-0.574474,-0.420933,2.73834
1.60023,-3.62855,3.89609,0.706395,-0.575173,-0.412531,2.78416
1.63149,-3.61539,3.92265,0.706173,-0.573556,-0.415153,2.78389
1.65303,-3.55298,3.9648,0.707312,-0.572711,-0.414382,2.78987
1.71924,-3.56498,3.99273,0.70428,-0.572215,-0.420191,2.7942
1.73875,-3.66663,4.02857,0.700068,-0.571542,-0.428072,2.78149
1.77802,-3.49542,4.08767,0.702402,-0.57184,-0.423827,2.80315
1.78657,-3.63363,4.02289,0.697044,-0.569216,-0.436032,2.7776
1.8232,-3.57708,4.08678,0.696111,-0.570219,-0.436211,2.78403
1.9087,-3.46349,4.14988,0.694232,-0.573233,-0.435254,2.80456
1.97463,-3.44529,4.18489,0.690966,-0.575183,-0.43787,2.80911
2.02067,-3.38109,4.23089,0.689251,-0.577929,-0.436956,2.81688
2.09185,-3.26098,4.24221,0.686571,-0.581552,-0.436369,2.83658
2.09438,-3.29492,4.19934,0.681984,-0.58323,-0.441294,2.82828
2.15065,-3.28566,4.17928,0.676837,-0.584476,-0.447525,2.83825
2.24238,-3.10921,4.20041,0.677967,-0.585075,-0.445026,2.86865
2.29265,-3.21419,4.20963,0.678703,-0.580468,-0.44991,2.857
2.24967,-3.61655,4.22102,0.677923,-0.575359,-0.457583,2.80107
2.19385,-3.55637,4.33878,0.688214,-0.574891,-0.442561,2.80142
2.15137,-3.53478,4.27488,0.692291,-0.574038,-0.43728,2.80082
2.06489,-3.71581,4.23182,0.696708,-0.569323,-0.436427,2.77069
1.96652,-3.88531,4.25673,0.700245,-0.569501,-0.430494,2.74909
2.13516,-3.58257,4.1778,0.698656,-0.573842,-0.4273,2.81573
2.29241,-3.60237,4.12353,0.695879,-0.572984,-0.432945,2.83633
2.32128,-3.68303,4.22221,0.699817,-0.573669,-0.425628,2.83684
2.4215,-3.48047,4.07881,0.699037,-0.575542,-0.424381,2.87403
2.44601,-3.62641,4.0306,0.698026,-0.57465,-0.427243,2.85823
2.49456,-3.5267,4.00953,0.700271,-0.57641,-0.421155,2.87875
2.50525,-3.5351,3.87625,0.697859,-0.577745,-0.423325,2.87738
2.5486,-3.61195,3.89167,0.699622,-0.577329,-0.420975,2.87376
2.55533,-3.45502,3.77862,0.699795,-0.580375,-0.416474,2.89456
2.57316,-3.3521,3.62552,0.699177,-0.579716,-0.418427,2.90647
2.58323,-3.36622,3.57102,0.700221,-0.578018,-0.41903,2.90182
2.60212,-3.34895,3.45833,0.699051,-0.576594,-0.422927,2.90253
2.63401,-3.4511,3.47577,0.699548,-0.576201,-0.422639,2.8913
2.74168,-3.24804,3.40225,0.699638,-0.577208,-0.421115,2.93243
2.81246,-3.29628,3.28516,0.694718,-0.576958,-0.429518,2.92824
2.87248,-3.36676,3.37264,0.697151,-0.577815,-0.424395,2.92645
2.87095,-3.29397,3.2481,0.695928,-0.57918,-0.424541,2.93226
2.91827,-3.39597,3.23369,0.69507,-0.580032,-0.424782,2.92052
2.72743,-3.53577,3.16752,0.696217,-0.583917,-0.41752,2.86695
2.67696,-3.35429,2.9739,0.696528,-0.585782,-0.414377,2.88479
2.67038,-3.34863,2.88031,0.696012,-0.585761,-0.415272,2.88094
2.65458,-3.39852,2.84333,0.69609,-0.587034,-0.41334,2.86926
2.67241,-3.40684,2.79884,0.695798,-0.587944,-0.412536,2.87032
2.61798,-3.4876,2.7506,0.694591,-0.590428,-0.411021,2.85058
2.56813,-3.52752,2.69161,0.694227,-0.592112,-0.40921,2.83877
2.52393,-3.4851,2.60718,0.69354,-0.593881,-0.407809,2.84022
2.50872,-3.51998,2.56432,0.693121,-0.594737,-0.407273,2.83579
2.47192,-3.49313,2.50896,0.692234,-0.596998,-0.40547,2.83799
2.46548,-3.45616,2.45025,0.68961,-0.599614,-0.40608,2.84687
2.40675,-3.46783,2.39564,0.686734,-0.603179,-0.405675,2.83824
2.33251,-3.52345,2.3794,0.684928,-0.606867,-0.40322,2.823
2.2733,-3.60108,2.38137,0.684203,-0.609021,-0.401198,2.81102
2.28346,-3.56022,2.35008,0.683562,-0.608766,-0.402676,2.83171
2.20344,-3.60477,2.30282,0.682354,-0.61,-0.402855,2.81935
2.14892,-3.61811,2.27045,0.68125,-0.612306,-0.401224,2.81809
2.12896,-3.58171,2.24309,0.679865,-0.614551,-0.400138,2.83112
2.10227,-3.56983,2.23293,0.678507,-0.617046,-0.398601,2.83838
2.07092,-3.5603,2.23348,0.675118,-0.621702,-0.397118,2.8461
2.04921,-3.57432,2.24989,0.671849,-0.625777,-0.396261,2.85209
1.99369,-3.62353,2.27141,0.669994,-0.629183,-0.394001,2.84624
1.93302,-3.64205,2.27687,0.668581,-0.632184,-0.391591,2.84368
1.88128,-3.67184,2.29173,0.666935,-0.635282,-0.389377,2.84285
1.82942,-3.70202,2.32178,0.66625,-0.638145,-0.385853,2.84451
1.77019,-3.71121,2.33217,0.665169,-0.640933,-0.383086,2.84702
1.71247,-3.71885,2.33113,0.662641,-0.644232,-0.381932,2.84916
1.6619,-3.73843,2.34308,0.660864,-0.647012,-0.380308,2.852
1.6032,-3.74838,2.37689,0.659083,-0.650826,-0.376876,2.85655
1.49663,-3.77426,2.36177,0.657218,-0.65397,-0.374684,2.84309
1.44662,-3.78089,2.37447,-0.654716,0.657254,0.373315,3.43437
1.37904,-3.81146,2.41333,-0.654225,0.659886,0.369513,3.43446
1.2954,-3.80648,2.41167,-0.652336,0.663011,0.367252,3.4356
1.21676,-3.81822,2.38753,-0.648035,0.666323,0.368868,3.44124
1.14177,-3.8281,2.42066,-0.645421,0.670467,0.365932,3.4406
1.04367,-3.84257,2.46039,-0.644524,0.674349,0.360336,3.44407
0.929016,-3.89394,2.44622,-0.638877,0.677736,0.364019,3.45784
0.8451,-3.89808,2.45644,-0.6372,0.679533,0.363609,3.46186
0.735878,-3.88874,2.5086,-0.637177,0.683174,0.356761,3.46534
0.656162,-3.91643,2.52072,-0.634481,0.685278,0.357532,3.46757
0.570001,-3.94211,2.53426,-0.633194,0.686229,0.357987,3.47277
0.537879,-4.00568,2.48664,-0.629446,0.68407,0.368573,3.47411
0.444772,-4.01855,2.38026,-0.623793,0.683431,0.379216,3.48506
0.347846,-3.96283,2.31817,-0.621961,0.683181,0.382658,3.4953
0.253969,-3.91608,2.41881,-0.623362,0.687613,0.372302,3.49267
0.206035,-3.9497,2.42452,-0.620645,0.687796,0.37648,3.49225
0.13731,-3.95298,2.39577,-0.618061,0.687268,0.381659,3.49869
0.0452751,-3.91527,2.45453,-0.618627,0.68984,0.37606,3.50088
-0.0324382,-3.89168,2.51461,-0.618658,0.692283,0.371492,3.49984
-0.0683764,-3.9208,2.43626,-0.614355,0.68956,0.383504,3.50767
-0.12968,-3.89474,2.36149,-0.604508,0.690119,0.397876,3.5065
-0.17155,-3.86545,2.37404,-0.602144,0.690537,0.400727,3.50712
-0.235644,-3.84083,2.41034,-0.599951,0.692907,0.399922,3.51152
-0.2769,-3.82346,2.4618,-0.598128,0.694905,0.399186,3.51253
-0.365441,-3.7947,2.56284,-0.598916,0.69937,0.390103,3.51748
-0.421391,-3.77936,2.6161,-0.597392,0.702029,0.387658,3.51896
-0.446938,-3.78512,2.63611,-0.595083,0.702039,0.391174,3.52188
-0.504016,-3.76128,2.69406,-0.594608,0.704377,0.387677,3.52603
-0.572612,-3.72881,2.77015,-0.595137,0.707598,0.380941,3.5298
-0.663788,-3.67866,2.86146,-0.596329,0.712551,0.369679,3.53404
-0.703796,-3.67172,2.90045,-0.594202,0.714956,0.368459,3.53571
-0.70841,-3.70656,2.92009,-0.589587,0.715655,0.374466,3.53731
-0.76469,-3.67541,2.99375,-0.589435,0.71879,0.368657,3.53944
-0.931834,-3.58484,3.09559,-0.594231,0.725316,0.347572,3.5548
-0.972016,-3.55653,3.16532,-0.593722,0.728789,0.341116,3.55054
-0.952421,-3.59601,3.17757,-0.59036,0.728334,0.347857,3.5475
-1.09402,-3.52777,3.25795,-0.59384,0.733493,0.330669,3.56121
-1.12019,-3.51422,3.30389,-0.592982,0.735903,0.326833,3.5591
-1.11296,-3.56366,3.336,-0.58965,0.736536,0.331403,3.55836
-1.20783,-3.53195,3.39946,-0.590491,0.740507,0.320891,3.56876
-1.27606,-3.51022,3.44676,-0.59056,0.743945,0.312705,3.57605
-1.27426,-3.55141,3.51821,-0.585697,0.747354,0.31372,3.57297
-1.26812,-3.61117,3.58403,-0.580852,0.749548,0.317473,3.57405
-1.31406,-3.58887,3.64015,-0.57882,0.75327,0.312332,3.57959
-1.33834,-3.59303,3.68177,-0.577717,0.755067,0.310027,3.58835
-1.36199,-3.64759,3.75988,-0.574599,0.75721,0.310594,3.59313
-1.41309,-3.63674,3.80951,-0.571959,0.760678,0.306971,3.6006
-1.40278,-3.6357,3.84144,-0.569358,0.762189,0.308058,3.60107
-1.34609,-3.73235,3.95007,-0.566017,0.761668,0.315416,3.59485
-1.34094,-3.76268,3.99741,-0.56292,0.762373,0.31923,3.59761
-1.39144,-3.69019,4.03017,-0.561995,0.765286,0.313846,3.60296
-1.32914,-3.70106,4.05563,-0.560086,0.764176,0.319905,3.59615
-1.25721,-3.82994,4.13643,-0.555338,0.762202,0.332638,3.59131
-1.32565,-3.74527,4.18219,-0.554771,0.765327,0.32635,3.59671
-1.47679,-3.59418,4.19487,-0.557554,0.769652,0.311077,3.61065
-1.43929,-3.56307,4.3097,-0.556281,0.771194,0.309533,3.59384
-1.42916,-3.64091,4.33795,-0.554029,0.769785,0.31699,3.5969
-1.48723,-3.59698,4.38306,-0.554533,0.771281,0.312439,3.59999
-1.45319,-3.6304,4.44894,-0.553367,0.770281,0.316941,3.59406
-1.49044,-3.63002,4.49488,-0.55358,0.77032,0.316474,3.59778
-1.61545,-3.53066,4.56707,-0.555058,0.774165,0.304267,3.60438
-1.67673,-3.49743,4.57846,-0.556826,0.774491,0.30018,3.61172
-1.81748,-3.40628,4.61107,-0.559062,0.777848,0.287058,3.62382
-1.87925,-3.39149,4.63292,-0.559395,0.779313,0.282398,3.62951
-1.89649,-3.42696,4.66704,-0.558034,0.780014,0.283155,3.63198
-1.95312,-3.44043,4.70719,-0.558042,0.781235,0.279754,3.63827
-1.91954,-3.4596,4.78702,-0.557198,0.781838,0.279748,3.62948
-1.88289,-3.45832,4.84628,-0.555513,0.783196,0.279302,3.62088
-1.93553,-3.46238,4.89597,-0.554975,0.784916,0.275516,3.62496
-1.93589,-3.50203,4.91519,-0.554552,0.78446,0.27766,3.62721
-1.9332,-3.49442,4.98016,-0.554244,0.785371,0.275691,3.62216
-1.97174,-3.55526,4.97961,-0.554431,0.784767,0.277031,3.63069
-1.96623,-3.55787,5.0437,-0.553501,0.785926,0.275603,3.62419
-1.92391,-3.59709,5.09827,-0.552503,0.785446,0.278951,3.61636
-1.9996,-3.58286,5.18119,-0.555205,0.786023,0.271875,3.61875
-2.00617,-3.60698,5.19731,-0.555053,0.786066,0.272058,3.61767
-1.94868,-3.63854,5.20543,-0.552725,0.786062,0.27677,3.61014
-2.00681,-3.57635,5.30512,-0.553788,0.788334,0.268045,3.60645
-2.00259,-3.61509,5.29636,-0.552802,0.788029,0.27096,3.60761
-1.99377,-3.66835,5.28496,-0.552712,0.786742,0.274858,3.60997
-1.95372,-3.65699,5.33944,-0.552183,0.787136,0.274792,3.60084
-1.89141,-3.74118,5.37017,-0.54985,0.786021,0.282553,3.59649
-2.00916,-3.64585,5.50405,-0.551052,0.789893,0.269094,3.59547
-1.97831,-3.71572,5.37901,-0.550501,0.787223,0.277901,3.607
-2.026,-3.70759,5.41046,-0.550629,0.788408,0.274263,3.60978
-1.90918,-3.77636,5.42324,-0.549911,0.786052,0.282348,3.59896
-1.96741,-3.82677,5.48383,-0.554931,0.783627,0.279248,3.60339
-1.75279,-3.79075,5.55426,-0.551033,0.784732,0.283829,3.56774
-1.92529,-3.74613,5.49898,-0.551587,0.787924,0.27373,3.58661
-1.85315,-3.78243,5.51667,-0.551444,0.786649,0.277656,3.57879
-1.8282,-3.84982,5.47761,-0.5517,0.784888,0.282096,3.58107
-1.77134,-3.79906,5.52401,-0.551689,0.785931,0.279197,3.56617
-1.76436,-3.81463,5.48002,-0.551459,0.785651,0.280437,3.56768
-1.63807,-3.90376,5.43057,-0.549139,0.783188,0.291657,3.55997
-1.58038,-3.97468,5.44697,-0.550644,0.780748,0.295338,3.55579
-1.57714,-3.9524,5.45246,-0.551924,0.781338,0.291358,3.5518
-1.56029,-3.93973,5.39129,-0.54963,0.783026,0.291164,3.54956
-1.40207,-4.07325,5.34562,-0.547037,0.779678,0.304718,3.54014
-1.42318,-4.15478,5.25734,-0.548347,0.777648,0.307537,3.55264
-1.54685,-4.0032,5.22566,-0.548423,0.783562,0.291998,3.55808
-1.4668,-4.06223,5.25759,-0.548282,0.7822,0.295888,3.54903
-1.46477,-4.0521,5.24995,-0.547907,0.783445,0.293276,3.5454
-1.42746,-4.02656,5.17663,-0.545789,0.784625,0.294071,3.54053
-1.40476,-4.08403,5.11418,-0.542695,0.784931,0.298941,3.54355
-1.28044,-4.12567,5.09759,-0.539038,0.784834,0.305733,3.52967
-1.20477,-4.22624,5.03785,-0.536424,0.783259,0.314252,3.52788
-1.14496,-4.29621,4.97958,-0.53572,0.781608,0.31952,3.52699
-1.25357,-4.20406,4.94334,-0.536852,0.785495,0.307876,3.53617
-1.23193,-4.21443,4.9064,-0.53528,0.786142,0.30896,3.53496
-1.12885,-4.31989,4.86327,-0.533336,0.783638,0.318536,3.52965
-1.06419,-4.35773,4.80995,-0.532238,0.782809,0.322385,3.52405
-1.10266,-4.36337,4.74461,-0.531508,0.784066,0.320529,3.53233
-1.05974,-4.37594,4.722,-0.52965,0.785042,0.321217,3.52688
-1.05648,-4.37116,4.6862,-0.529205,0.785952,0.319721,3.5287
-1.04009,-4.3975,4.63511,-0.528888,0.785603,0.321101,3.53028
-1.04848,-4.38112,4.61152,-0.52774,0.787461,0.318427,3.53065
-0.992939,-4.4033,4.57017,-0.526618,0.786935,0.321569,3.52562
-0.994336,-4.40715,4.54771,-0.526689,0.787454,0.320179,3.52706
-1.04243,-4.37094,4.52754,-0.527209,0.78929,0.314756,3.53355
-0.945161,-4.42907,4.46973,-0.525464,0.787141,0.322948,3.5261
-0.897123,-4.51592,4.41461,-0.526576,0.783844,0.329099,3.52915
-0.940308,-4.45461,4.37869,-0.526493,0.786533,0.322755,3.53003
-0.949396,-4.41958,4.36846,-0.525371,0.788708,0.319258,3.52962
-0.885377,-4.47514,4.30427,-0.524552,0.786454,0.326092,3.52853
-0.833589,-4.50149,4.23707,-0.523476,0.785292,0.330591,3.52629
-0.881645,-4.47342,4.22821,-0.524296,0.787227,0.324633,3.53279
-0.905213,-4.43913,4.22375,-0.523866,0.789373,0.320086,3.53548
-0.861873,-4.45686,4.16802,-0.522221,0.788777,0.324216,3.53421
-0.760878,-4.49551,4.10871,-0.521127,0.786328,0.331836,3.52559
-0.695904,-4.53837,4.04151,-0.52172,0.783552,0.337424,3.52405
-0.741953,-4.48805,4.03739,-0.522772,0.785985,0.330055,3.5282
-0.702512,-4.49701,3.98889,-0.522623,0.785081,0.332434,3.52655
-0.669549,-4.50468,3.93905,-0.522898,0.784166,0.334156,3.52602
-0.710295,-4.45503,3.95381,-0.523561,0.786913,0.326576,3.52957
-0.718773,-4.44929,3.92666,-0.523732,0.787217,0.325567,3.5351
-0.663298,-4.47624,3.86554,-0.522774,0.785561,0.331062,3.53436
-0.626654,-4.48362,3.82858,-0.521919,0.785259,0.333119,3.53356
-0.595028,-4.5188,3.788,-0.5211,0.784455,0.336281,3.53627
-0.516419,-4.53541,3.68355,-0.520152,0.781884,0.343656,3.53459
-0.540754,-4.5036,3.70829,-0.52186,0.783993,0.336179,3.53899
-0.459231,-4.54022,3.56295,-0.521003,0.779522,0.347709,3.5406
-0.417702,-4.53026,3.52244,-0.522505,0.778328,0.348129,3.53789
-0.439571,-4.49961,3.50415,-0.52432,0.779088,0.343672,3.54209
-0.397604,-4.51843,3.48575,-0.524664,0.778093,0.345397,3.53942
-0.326539,-4.58315,3.36122,-0.523631,0.773818,0.356393,3.54242
-0.316978,-4.58392,3.31051,-0.523615,0.773954,0.356122,3.5448
-0.308909,-4.56089,3.32053,-0.525236,0.775687,0.34991,3.54806
-0.292221,-4.55359,3.30347,-0.523227,0.777406,0.349105,3.54601
-0.245156,-4.58021,3.22025,-0.521362,0.775833,0.355337,3.54703
-0.22429,-4.59798,3.1927,-0.521939,0.775471,0.355281,3.55006
-0.18591,-4.63378,3.11285,-0.521791,0.773339,0.360113,3.55366
-0.17408,-4.63071,3.08947,-0.521688,0.774444,0.35788,3.55311
-0.125898,-4.61736,3.09152,-0.524509,0.774669,0.353238,3.54992
-0.105957,-4.6334,3.05031,-0.524564,0.774409,0.353728,3.55244
-0.0736061,-4.65618,2.99007,-0.524464,0.773295,0.356305,3.55481
-0.0464331,-4.66853,2.9398,-0.524466,0.772855,0.357253,3.55583
-0.0156075,-4.68589,2.88538,-0.524396,0.772228,0.358709,3.55661
-0.00396024,-4.6549,2.88499,-0.524127,0.774656,0.353835,3.55197
0.0183561,-4.64123,2.84116,-0.523612,0.775043,0.353749,3.55089
0.0485099,-4.64445,2.81056,-0.523835,0.774683,0.354209,3.54854
0.0674911,-4.65183,2.75848,-0.523599,0.774051,0.355934,3.54909
0.0951611,-4.65214,2.72014,-0.523896,0.773486,0.356724,3.54674
0.116536,-4.66208,2.6856,-0.524551,0.772882,0.357071,3.54642
0.143881,-4.69385,2.61753,-0.525606,0.770649,0.360331,3.55014
0.14751,-4.7024,2.55944,-0.525985,0.770274,0.360579,3.55527
0.172238,-4.66969,2.56291,-0.527141,0.771425,0.356408,3.54485
0.177597,-4.66946,2.52444,-0.527471,0.771238,0.356323,3.54646
0.210487,-4.71632,2.42659,-0.529098,0.76705,0.36289,3.55306
0.246503,-4.70213,2.43131,-0.530825,0.767476,0.359451,3.54201
0.257104,-4.68555,2.43214,-0.531489,0.768864,0.355482,3.53826
0.27989,-4.7111,2.35417,-0.532911,0.766153,0.359188,3.54513
0.306036,-4.70715,2.33321,-0.534586,0.765801,0.357444,3.54159
0.333282,-4.69161,2.34795,-0.535684,0.766902,0.353419,3.53388
0.35443,-4.69686,2.28217,-0.53758,0.764609,0.355501,3.54031
0.377829,-4.68984,2.23603,-0.54008,0.762835,0.355523,3.54173
0.417361,-4.67314,2.23933,-0.543345,0.761801,0.352753,3.53359
0.447487,-4.65341,2.23296,-0.546803,0.760236,0.350782,3.52926
0.479731,-4.64225,2.22195,-0.550334,0.757936,0.350237,3.52619
0.505266,-4.6426,2.20584,-0.553866,0.75516,0.350665,3.52531
0.527885,-4.64667,2.16743,-0.556931,0.752015,0.352563,3.52812
0.570215,-4.6344,2.15503,-0.561297,0.74889,0.352292,3.52406
0.600734,-4.61655,2.14387,-0.564648,0.746733,0.351515,3.52128
0.636196,-4.59962,2.14046,-0.567281,0.744756,0.351469,3.51731
0.690165,-4.60319,2.11322,-0.570074,0.740177,0.356587,3.51577
0.733016,-4.6112,2.10548,-0.573134,0.736199,0.359902,3.51579
0.774393,-4.60083,2.10207,-0.577041,0.732009,0.362196,3.51558
0.809758,-4.56176,2.11376,-0.582597,0.728515,0.360344,3.51324
0.846351,-4.53777,2.11302,-0.587374,0.724847,0.359984,3.51113
0.907282,-4.52598,2.09246,-0.589923,0.720732,0.364055,3.50667
0.964255,-4.51699,2.09794,-0.593252,0.717088,0.365838,3.50468
1.01284,-4.48578,2.1103,-0.597771,0.713857,0.364798,3.50308
1.05174,-4.46386,2.10435,-0.601416,0.710575,0.365214,3.50581
1.11399,-4.45706,2.07863,-0.6041,0.705692,0.370218,3.50749
1.17441,-4.43971,2.09633,-0.608187,0.701826,0.370876,3.50608
1.24137,-4.39627,2.11121,-0.61341,0.697236,0.370931,3.50076
1.28629,-4.38674,2.10068,-0.616624,0.692916,0.373688,3.50453
1.32778,-4.39987,2.07897,-0.618441,0.688327,0.379125,3.51361
1.39383,-4.36244,2.09892,-0.623716,0.682945,0.380215,3.51101
1.45619,-4.31893,2.12141,-0.62883,0.678122,0.380425,3.50725
1.50058,-4.30208,2.11869,-0.633118,0.67283,0.382702,3.51358
1.58581,-4.22336,2.18166,-0.64118,0.667568,0.378472,3.49998
1.66713,-4.18556,2.20725,-0.645651,0.663508,0.378009,3.49159
1.69838,-4.17872,2.17744,-0.646208,0.66108,0.381298,3.50213
1.76341,-4.16134,2.18559,-0.648411,0.657844,0.38315,3.5045
1.84258,-4.1092,2.18864,-0.650012,0.655247,0.384883,3.49865
1.89668,-4.07122,2.20525,-0.6526,0.653235,0.383924,3.50038
1.9028,-4.0829,2.15504,-0.64972,0.653067,0.389059,3.52238
1.90343,-4.09122,2.132,-0.647094,0.653504,0.392685,3.54501
1.95961,-4.03752,2.14887,-0.647384,0.652425,0.394,3.54617
1.86506,-4.09241,2.16647,-0.645422,0.656754,0.390006,3.5819
1.8685,-4.1725,2.19786,-0.643505,0.656805,0.393076,3.62055
1.91113,-4.17899,2.26351,-0.641698,0.656713,0.39617,3.62703
1.9851,-4.09598,2.35859,-0.645281,0.654481,0.39404,3.61696
2.04496,-4.08244,2.47159,-0.645741,0.654547,0.393175,3.61172
2.10961,-4.11073,2.62749,-0.645747,0.654837,0.392682,3.60635
2.19606,-4.04606,2.73601,-0.646937,0.653057,0.393686,3.58965
2.24191,-4.00408,2.79971,-0.645733,0.652495,0.396583,3.58361
2.31022,-3.93363,2.90701,-0.647024,0.651603,0.395947,3.56699
2.37063,-3.82011,2.99917,-0.649044,0.65116,0.39336,3.54509
2.39429,-3.78325,3.1154,-0.650107,0.651852,0.390449,3.53626
2.41135,-3.74491,3.17703,-0.649865,0.651672,0.39115,3.53132
2.41974,-3.63899,3.15232,0.65019,-0.649886,-0.393574,2.76395
2.49084,-3.60425,3.25362,0.650654,-0.649935,-0.392726,2.78342
2.49203,-3.60413,3.35943,-0.650491,0.651538,0.390333,3.49469
2.49459,-3.4899,3.35769,0.652366,-0.649984,-0.389794,2.80381
2.4787,-3.48876,3.4067,0.652623,-0.65021,-0.388985,2.80564
2.4653,-3.46851,3.43924,0.652143,-0.651027,-0.388425,2.81041
2.43101,-3.44342,3.47708,0.653554,-0.651283,-0.385613,2.81286
2.47597,-3.48152,3.58467,0.652984,-0.652109,-0.385182,2.82352
2.53213,-3.51457,3.68571,-0.651448,0.652583,0.386978,3.44743
2.4786,-3.47105,3.70503,-0.652147,0.652778,0.385468,3.44563
2.42958,-3.46225,3.73742,0.653511,-0.65249,-0.383641,2.83605
2.38229,-3.4869,3.78736,0.65413,-0.652589,-0.382415,2.83135
2.33942,-3.50088,3.82778,0.654563,-0.652729,-0.381433,2.82804
2.27163,-3.55899,3.85733,0.654234,-0.652808,-0.381862,2.81428
2.22788,-3.5547,3.9068,0.65515,-0.653189,-0.379635,2.8121
2.2335,-3.55054,3.97851,0.655711,-0.653402,-0.378296,2.81885
2.19896,-3.59193,3.98588,-0.653446,0.654033,0.381117,3.47012
2.1282,-3.60787,4.01686,-0.6535,0.654846,0.379625,3.47922
2.06256,-3.57587,4.03221,-0.65455,0.655797,0.376156,3.48279
2.05157,-3.60464,4.09986,-0.654333,0.656701,0.374957,3.48268
2.05528,-3.60024,4.16334,-0.653962,0.657509,0.374185,3.47676
1.95962,-3.60877,4.13856,-0.654461,0.657646,0.373071,3.49067
1.90326,-3.63657,4.14934,-0.654632,0.65798,0.372183,3.49983
1.91593,-3.62397,4.25134,-0.65452,0.660047,0.368702,3.48917
1.84771,-3.67483,4.24901,-0.652279,0.661161,0.370672,3.49917
1.8639,-3.69994,4.31485,-0.651082,0.66186,0.371528,3.49266
1.87584,-3.69249,4.43958,-0.651551,0.663376,0.367987,3.48141
1.86485,-3.69052,4.54702,-0.650535,0.665721,0.365539,3.47143
1.70837,-3.72082,4.51585,-0.650437,0.666757,0.363823,3.48948
1.55654,-3.7822,4.44841,-0.650153,0.667176,0.363562,3.51382
1.49064,-3.84877,4.40809,-0.649036,0.667142,0.365614,3.52605
1.45438,-3.8804,4.49016,-0.650062,0.668464,0.361351,3.52522
1.45201,-3.88802,4.59377,-0.64891,0.671522,0.357734,3.5132
1.46899,-3.84142,4.75717,-0.647692,0.676156,0.351154,3.49016
1.4738,-3.85771,4.8153,-0.647583,0.675918,0.351811,3.48142
1.39462,-3.85668,4.92145,-0.649796,0.67714,0.345322,3.48009
1.30577,-3.90022,4.94257,-0.649892,0.677679,0.344081,3.48601
1.30742,-3.90968,4.97158,-0.647792,0.678717,0.345991,3.47588
1.2209,-3.92131,4.96902,-0.646766,0.679669,0.346039,3.4792
1.10621,-3.91942,4.91861,-0.648797,0.678417,0.344692,3.49042
1.03529,-3.98913,4.79723,-0.647538,0.676376,0.351013,3.50574
1.02924,-4.0179,4.7935,-0.643346,0.678158,0.355256,3.50199
0.894239,-3.99122,4.84576,-0.64525,0.680482,0.347271,3.51095
0.815185,-4.03876,4.79128,-0.644384,0.680301,0.349229,3.52304
0.828918,-4.03032,4.78298,-0.641607,0.681563,0.35187,3.51467
0.796692,-4.0246,4.81332,-0.640426,0.683339,0.350575,3.51233
0.657566,-4.06658,4.88755,-0.643894,0.68378,0.343287,3.52701
0.557244,-4.19656,4.83126,-0.643525,0.682194,0.347111,3.54755
0.481987,-4.17418,4.74003,-0.642319,0.683588,0.346604,3.55199
0.355534,-4.06235,4.80865,-0.645922,0.687395,0.332073,3.54848
0.319842,-4.02884,4.82638,-0.645067,0.689709,0.328923,3.54291
0.274575,-4.01454,4.90104,-0.64463,0.69207,0.324794,3.5376
0.112085,-3.98311,4.97558,-0.645319,0.696285,0.314248,3.54499
0.0379614,-4.06261,4.91316,-0.643349,0.696522,0.317741,3.55938
-0.0121666,-4.09484,4.80766,-0.638651,0.69862,0.322576,3.56572
-0.0421161,-4.07237,4.81115,-0.636577,0.701283,0.320892,3.56198
-0.162032,-4.1191,4.79644,-0.636005,0.703021,0.318212,3.57889
-0.2217,-4.12832,4.75723,-0.632379,0.70649,0.317757,3.58272
-0.275436,-4.12605,4.76661,-0.630614,0.709429,0.314701,3.58437
-0.347637,-4.17935,4.7513,-0.628767,0.711176,0.314453,3.59486
-0.265387,-4.26701,4.59114,-0.618433,0.712726,0.331002,3.58968
-0.321265,-4.22172,4.59827,-0.61492,0.717834,0.326479,3.5876
-0.49967,-4.26716,4.69723,-0.616827,0.721237,0.315184,3.60773
-0.537413,-4.29126,4.70138,-0.612935,0.724973,0.314207,3.60585
-0.591354,-4.2784,4.62794,-0.60869,0.728558,0.314165,3.60786
-0.655735,-4.33253,4.5611,-0.606327,0.729748,0.315966,3.61956
-0.683279,-4.43245,4.48025,-0.602205,0.730759,0.321468,3.62958
-0.784693,-4.35679,4.51775,-0.600652,0.737428,0.308897,3.62529
-0.911589,-4.34053,4.46895,-0.596563,0.743185,0.302965,3.63521
-0.958858,-4.35905,4.47956,-0.593631,0.746643,0.300211,3.63483
-1.0506,-4.40104,4.43812,-0.588811,0.751098,0.298586,3.64282
-1.05821,-4.31,4.35831,-0.581544,0.757215,0.297376,3.63094
-1.15072,-4.36214,4.33736,-0.57917,0.759607,0.295903,3.6443
-1.26428,-4.43692,4.29009,-0.575603,0.762796,0.294659,3.66048
-1.28379,-4.37105,4.19487,-0.568773,0.768301,0.293618,3.65445
-1.30324,-4.3584,4.12144,-0.56155,0.772973,0.295253,3.65294
-1.37537,-4.35861,4.10857,-0.557233,0.777562,0.291357,3.65879
-1.45632,-4.3824,4.08879,-0.552414,0.7821,0.288371,3.66632
-1.46542,-4.31819,4.01852,-0.545197,0.787455,0.287535,3.66041
-1.52943,-4.29025,4.01696,-0.539147,0.793043,0.283554,3.66355
-1.60757,-4.36898,3.98583,-0.535359,0.794977,0.285311,3.67999
-1.69376,-4.42622,3.95087,-0.530866,0.7983,0.284426,3.69313
-1.70763,-4.38818,3.88384,-0.523794,0.803167,0.283835,3.69016
-1.74049,-4.39571,3.88335,-0.517074,0.80824,0.28175,3.68939
-1.75983,-4.47956,3.8454,-0.511717,0.810489,0.285048,3.69642
-1.813,-4.4541,3.78813,-0.503894,0.816827,0.280864,3.70107
-1.91112,-4.40155,3.80503,-0.494511,0.826149,0.27007,3.70502
-1.93017,-4.46218,3.75098,-0.489315,0.828521,0.272257,3.71467
-1.92257,-4.54726,3.61891,-0.486837,0.827833,0.278717,3.72904
-1.9867,-4.43829,3.59875,-0.477635,0.836658,0.268084,3.72635
-2.12022,-4.3525,3.63845,-0.46852,0.846494,0.252859,3.73342
-2.2707,-4.29344,3.64333,-0.458828,0.855352,0.240519,3.75026
-2.27511,-4.26592,3.59506,-0.451663,0.85947,0.2394,3.75617
-2.24225,-4.2867,3.54521,-0.44623,0.86119,0.243373,3.75657
-2.33463,-4.19873,3.54299,-0.436771,0.868789,0.233315,3.76349
-2.37671,-4.1353,3.55852,-0.430042,0.873837,0.226877,3.76497
-2.38995,-4.15399,3.57311,-0.426356,0.87557,0.227153,3.76312
-2.45065,-4.10764,3.58091,-0.420622,0.879699,0.221824,3.76455
-2.53725,-4.0773,3.61986,-0.416621,0.883307,0.214934,3.76658
-2.57904,-4.05162,3.66147,-0.411785,0.886317,0.21184,3.75976
-2.57042,-4.00371,3.7146,-0.408046,0.888592,0.209531,3.74555
-2.61135,-3.9884,3.71583,-0.40506,0.889995,0.209372,3.7459
-2.65061,-3.97433,3.76162,-0.40316,0.891187,0.207962,3.73957
-2.65124,-3.93693,3.71666,-0.401043,0.891645,0.21008,3.73964
-2.75665,-3.88084,3.66037,-0.399706,0.893506,0.204654,3.75609
-2.77052,-3.86596,3.61177,-0.396927,0.894279,0.206673,3.75871
-2.78214,-3.85766,3.60552,-0.39337,0.89573,0.20719,3.7581
-2.80666,-3.84947,3.62322,-0.390512,0.897299,0.205803,3.75666
-2.8256,-3.82886,3.6306,-0.387788,0.898933,0.203813,3.75606
-2.86922,-3.79473,3.65733,-0.385996,0.90089,0.198504,3.75726
-2.87582,-3.78672,3.68433,-0.383283,0.902285,0.197422,3.75226
-3.01368,-3.77262,3.68521,-0.379011,0.905475,0.190959,3.7712
-2.99436,-3.73368,3.70937,-0.378418,0.906517,0.187152,3.76876
-3.1776,-3.82786,3.72278,-0.374351,0.908295,0.186713,3.79645
-3.19187,-3.74877,3.81286,-0.373085,0.910704,0.177275,3.79313
-3.06608,-3.84341,3.7823,-0.380464,0.906135,0.184842,3.78812
-2.99642,-3.75187,3.76124,-0.380378,0.907054,0.180458,3.77648
-3.21094,-4.09706,3.85359,-0.37695,0.904845,0.197901,3.80353
-3.31316,-4.30655,3.97292,-0.375867,0.902795,0.20901,3.81544
-3.08297,-3.90643,3.8799,-0.381133,0.903865,0.194335,3.80146
-3.0046,-3.74968,3.85656,-0.386282,0.903842,0.183998,3.79483
-3.01858,-3.7894,3.88102,-0.386889,0.903169,0.186019,3.79591
-3.07165,-3.94363,3.8947,-0.391355,0.900094,0.191501,3.80697
-3.06075,-3.86823,3.87651,-0.387476,0.90289,0.186149,3.79896
-3.1893,-3.82201,3.83791,-0.380927,0.90726,0.178255,3.82126
-3.07981,-3.94763,3.86531,-0.387293,0.902807,0.186931,3.81198
-3.06149,-3.81686,3.859,-0.385656,0.905553,0.176755,3.80193
-3.03933,-3.81153,3.83586,-0.385109,0.905727,0.177056,3.80248
-3.02797,-3.80591,3.8717,-0.384554,0.905966,0.177045,3.79804
-3.09392,-3.93623,3.92237,-0.385814,0.903987,0.184272,3.80639
-3.19578,-3.76682,3.93387,-0.388549,0.906262,0.166491,3.81618
-3.28986,-3.73815,3.93233,-0.392712,0.905813,0.158999,3.82318
-3.02899,-3.87517,4.01771,-0.39161,0.901842,0.182543,3.78099
-3.22727,-3.69953,4.06469,-0.393654,0.905076,0.16085,3.79585
-3.10405,-3.7834,4.01308,-0.393234,0.902401,0.176177,3.78421
-3.09515,-3.81943,3.99087,-0.395535,0.900406,0.181167,3.78745
-3.16494,-3.73031,3.9295,-0.398892,0.90059,0.172692,3.80241
-3.16503,-3.7302,3.92959,-0.39889,0.900593,0.172681,3.8024
-3.16511,-3.73009,3.92968,-0.398889,0.900596,0.172671,3.8024
-3.16519,-3.72998,3.92977,-0.398887,0.900598,0.172661,3.80239
-3.16527,-3.72987,3.92986,-0.398886,0.900601,0.172651,3.80238
-3.16535,-3.72976,3.92995,-0.398884,0.900604,0.17264,3.80238
-3.16544,-3.72965,3.93004,-0.398882,0.900606,0.17263,3.80237
